,Time,Driver,DriverNumber,LapTime,LapNumber,Stint,PitOutTime,PitInTime,Sector1Time,Sector2Time,Sector3Time,Sector1SessionTime,Sector2SessionTime,Sector3SessionTime,SpeedI1,SpeedI2,SpeedFL,SpeedST,IsPersonalBest,Compound,TyreLife,FreshTyre,Team,LapStartTime,LapStartDate,TrackStatus,Position,Deleted,DeletedReason,FastF1Generated,IsAccurate,LapTime_in_seconds,laptime_sum_sectortimes
0,0 days 00:59:00.108000,NOR,1,0 days 00:01:38.115000,1.0,1.0,,,,34.453,25.729,,0 days 00:58:34.505000,0 days 00:59:00.288000,213.0,183.0,273.0,298.0,False,MEDIUM,1.0,True,McLaren,0 days 00:57:21.749000,2026-05-03 17:04:02.494,1,3.0,False,,False,False,98.115,
1,0 days 01:00:32.878000,NOR,1,0 days 00:01:32.770000,2.0,1.0,,,32.593,34.6,25.577,0 days 00:59:32.761000,0 days 01:00:07.361000,0 days 01:00:32.938000,211.0,184.0,271.0,317.0,True,MEDIUM,2.0,True,McLaren,0 days 00:59:00.108000,2026-05-03 17:05:40.853,1,3.0,False,,False,True,92.77,92.77000000000001
2,0 days 01:02:06.141000,NOR,1,0 days 00:01:33.263000,3.0,1.0,,,32.816,34.702,25.745,0 days 01:01:05.754000,0 days 01:01:40.456000,0 days 01:02:06.201000,209.0,185.0,270.0,313.0,False,MEDIUM,3.0,True,McLaren,0 days 01:00:32.878000,2026-05-03 17:07:13.623,1,3.0,False,,False,True,93.263,93.263
3,0 days 01:03:39.955000,NOR,1,0 days 00:01:33.814000,4.0,1.0,,,33.089,34.864,25.861,0 days 01:02:39.290000,0 days 01:03:14.154000,0 days 01:03:40.015000,205.0,186.0,273.0,310.0,False,MEDIUM,4.0,True,McLaren,0 days 01:02:06.141000,2026-05-03 17:08:46.886,1,3.0,False,,False,True,93.814,93.81400000000001
4,0 days 01:05:13.797000,NOR,1,0 days 00:01:33.842000,5.0,1.0,,,32.883,35.214,25.745,0 days 01:04:12.898000,0 days 01:04:48.112000,0 days 01:05:13.857000,210.0,183.0,281.0,308.0,False,MEDIUM,5.0,True,McLaren,0 days 01:03:39.955000,2026-05-03 17:10:20.700,12,3.0,False,,False,True,93.842,93.84200000000001
5,0 days 01:07:24.147000,NOR,1,0 days 00:02:10.350000,6.0,1.0,,,40.675,51.989,37.686,0 days 01:05:54.532000,0 days 01:06:46.521000,0 days 01:07:24.207000,84.0,108.0,249.0,98.0,False,MEDIUM,6.0,True,McLaren,0 days 01:05:13.797000,2026-05-03 17:11:54.542,24,2.0,False,,False,False,130.35,130.35
6,0 days 01:09:41.989000,NOR,1,0 days 00:02:17.842000,7.0,1.0,,,41.553,54.69,41.599,0 days 01:08:05.760000,0 days 01:09:00.450000,0 days 01:09:42.049000,119.0,108.0,192.0,132.0,False,MEDIUM,7.0,True,McLaren,0 days 01:07:24.147000,2026-05-03 17:14:04.892,4,2.0,False,,False,False,137.842,137.84199999999998
7,0 days 01:12:04.388000,NOR,1,0 days 00:02:22.399000,8.0,1.0,,,50.043,54.546,37.81,0 days 01:10:32.092000,0 days 01:11:26.638000,0 days 01:12:04.448000,108.0,97.0,240.0,110.0,False,MEDIUM,8.0,True,McLaren,0 days 01:09:41.989000,2026-05-03 17:16:22.734,4,2.0,False,,False,False,142.399,142.399
8,0 days 01:14:32.014000,NOR,1,0 days 00:02:27.626000,9.0,1.0,,,48.536,55.467,43.623,0 days 01:12:52.984000,0 days 01:13:48.451000,0 days 01:14:32.074000,138.0,84.0,228.0,156.0,False,MEDIUM,9.0,True,McLaren,0 days 01:12:04.388000,2026-05-03 17:18:45.133,4,2.0,False,,False,False,147.626,147.626
9,0 days 01:16:51.133000,NOR,1,0 days 00:02:19.119000,10.0,1.0,,,48.549,55.495,35.075,0 days 01:15:20.623000,0 days 01:16:16.118000,0 days 01:16:51.193000,120.0,94.0,223.0,211.0,False,MEDIUM,10.0,True,McLaren,0 days 01:14:32.014000,2026-05-03 17:21:12.759,4,2.0,False,,False,False,139.119,139.119
10,0 days 01:19:21.960000,NOR,1,,11.0,1.0,,,47.831,47.757,55.27,0 days 01:17:39.161000,0 days 01:18:26.894000,0 days 01:19:22.243000,134.0,125.0,276.0,63.0,False,MEDIUM,11.0,True,McLaren,0 days 01:16:51.133000,2026-05-03 17:23:31.878,41,2.0,False,,False,False,,150.858
11,0 days 01:20:54.516000,NOR,1,0 days 00:01:32.556000,12.0,1.0,,,32.418,34.694,25.444,0 days 01:19:54.438000,0 days 01:20:29.132000,0 days 01:20:54.576000,213.0,189.0,281.0,310.0,True,MEDIUM,12.0,True,McLaren,0 days 01:19:21.960000,2026-05-03 17:26:02.705,1,2.0,False,,False,True,92.556,92.556
12,0 days 01:22:27.410000,NOR,1,0 days 00:01:32.894000,13.0,1.0,,,32.681,34.671,25.542,0 days 01:21:27.257000,0 days 01:22:01.928000,0 days 01:22:27.470000,213.0,188.0,274.0,306.0,False,MEDIUM,13.0,True,McLaren,0 days 01:20:54.516000,2026-05-03 17:27:35.261,1,1.0,False,,False,True,92.894,92.894
13,0 days 01:24:00.204000,NOR,1,0 days 00:01:32.794000,14.0,1.0,,,32.324,34.849,25.621,0 days 01:22:59.794000,0 days 01:23:34.643000,0 days 01:24:00.264000,212.0,187.0,276.0,306.0,False,MEDIUM,14.0,True,McLaren,0 days 01:22:27.410000,2026-05-03 17:29:08.155,1,1.0,False,,False,True,92.794,92.794
14,0 days 01:25:33.191000,NOR,1,0 days 00:01:32.987000,15.0,1.0,,,32.39,34.976,25.621,0 days 01:24:32.654000,0 days 01:25:07.630000,0 days 01:25:33.251000,209.0,187.0,276.0,305.0,False,MEDIUM,15.0,True,McLaren,0 days 01:24:00.204000,2026-05-03 17:30:40.949,1,1.0,False,,False,True,92.987,92.987
15,0 days 01:27:06.061000,NOR,1,0 days 00:01:32.870000,16.0,1.0,,,32.306,34.906,25.658,0 days 01:26:05.557000,0 days 01:26:40.463000,0 days 01:27:06.121000,211.0,187.0,275.0,305.0,False,MEDIUM,16.0,True,McLaren,0 days 01:25:33.191000,2026-05-03 17:32:13.936,12,1.0,False,,False,True,92.87,92.86999999999999
16,0 days 01:28:39.155000,NOR,1,0 days 00:01:33.094000,17.0,1.0,,,32.405,35.03,25.659,0 days 01:27:38.526000,0 days 01:28:13.556000,0 days 01:28:39.215000,210.0,187.0,276.0,304.0,False,MEDIUM,17.0,True,McLaren,0 days 01:27:06.061000,2026-05-03 17:33:46.806,1,1.0,False,,False,True,93.094,93.094
17,0 days 01:30:12.195000,NOR,1,0 days 00:01:33.040000,18.0,1.0,,,32.364,35.022,25.654,0 days 01:29:11.579000,0 days 01:29:46.601000,0 days 01:30:12.255000,211.0,185.0,276.0,305.0,False,MEDIUM,18.0,True,McLaren,0 days 01:28:39.155000,2026-05-03 17:35:19.900,1,1.0,False,,False,True,93.04,93.03999999999999
18,0 days 01:31:45.203000,NOR,1,0 days 00:01:33.008000,19.0,1.0,,,32.283,35.061,25.664,0 days 01:30:44.538000,0 days 01:31:19.599000,0 days 01:31:45.263000,209.0,186.0,276.0,305.0,False,MEDIUM,19.0,True,McLaren,0 days 01:30:12.195000,2026-05-03 17:36:52.940,1,1.0,False,,False,True,93.008,93.008
19,0 days 01:33:18.396000,NOR,1,0 days 00:01:33.193000,20.0,1.0,,,32.444,35.079,25.67,0 days 01:32:17.707000,0 days 01:32:52.786000,0 days 01:33:18.456000,210.0,187.0,276.0,304.0,False,MEDIUM,20.0,True,McLaren,0 days 01:31:45.203000,2026-05-03 17:38:25.948,1,1.0,False,,False,True,93.193,93.193
20,0 days 01:34:51.277000,NOR,1,0 days 00:01:32.881000,21.0,1.0,,,32.334,34.827,25.72,0 days 01:33:50.790000,0 days 01:34:25.617000,0 days 01:34:51.337000,211.0,186.0,276.0,304.0,False,MEDIUM,21.0,True,McLaren,0 days 01:33:18.396000,2026-05-03 17:39:59.141,1,1.0,False,,False,True,92.881,92.881
21,0 days 01:36:24.325000,NOR,1,0 days 00:01:33.048000,22.0,1.0,,,32.369,34.868,25.811,0 days 01:35:23.706000,0 days 01:35:58.574000,0 days 01:36:24.385000,209.0,187.0,275.0,303.0,False,MEDIUM,22.0,True,McLaren,0 days 01:34:51.277000,2026-05-03 17:41:32.022,1,1.0,False,,False,True,93.048,93.048
22,0 days 01:37:57.423000,NOR,1,0 days 00:01:33.098000,23.0,1.0,,,32.291,35.073,25.734,0 days 01:36:56.676000,0 days 01:37:31.749000,0 days 01:37:57.483000,209.0,187.0,276.0,305.0,False,MEDIUM,23.0,True,McLaren,0 days 01:36:24.325000,2026-05-03 17:43:05.070,1,1.0,False,,False,True,93.098,93.09800000000001
23,0 days 01:39:30.516000,NOR,1,0 days 00:01:33.093000,24.0,1.0,,,32.353,35.069,25.671,0 days 01:38:29.836000,0 days 01:39:04.905000,0 days 01:39:30.576000,211.0,186.0,278.0,306.0,False,MEDIUM,24.0,True,McLaren,0 days 01:37:57.423000,2026-05-03 17:44:38.168,1,1.0,False,,False,True,93.093,93.09299999999999
24,0 days 01:41:03.900000,NOR,1,0 days 00:01:33.384000,25.0,1.0,,,32.476,35.253,25.655,0 days 01:40:03.052000,0 days 01:40:38.305000,0 days 01:41:03.960000,209.0,187.0,278.0,306.0,False,MEDIUM,25.0,True,McLaren,0 days 01:39:30.516000,2026-05-03 17:46:11.261,1,1.0,False,,False,True,93.384,93.384
25,0 days 01:42:36.959000,NOR,1,0 days 00:01:33.059000,26.0,1.0,,,32.397,34.932,25.73,0 days 01:41:36.357000,0 days 01:42:11.289000,0 days 01:42:37.019000,212.0,186.0,279.0,306.0,False,MEDIUM,26.0,True,McLaren,0 days 01:41:03.900000,2026-05-03 17:47:44.645,1,1.0,False,,False,True,93.059,93.05900000000001
26,0 days 01:44:15.463000,NOR,1,0 days 00:01:38.504000,27.0,1.0,,0 days 01:44:09.959000,32.644,35.079,30.781,0 days 01:43:09.663000,0 days 01:43:44.742000,0 days 01:44:15.523000,210.0,186.0,,313.0,False,MEDIUM,27.0,True,McLaren,0 days 01:42:36.959000,2026-05-03 17:49:17.704,1,1.0,False,,False,False,98.504,98.50399999999999
27,0 days 01:46:02.616000,NOR,1,0 days 00:01:47.153000,28.0,2.0,0 days 01:44:32.511000,,46.898,34.483,25.772,0 days 01:45:02.421000,0 days 01:45:36.904000,0 days 01:46:02.676000,213.0,188.0,274.0,301.0,False,HARD,1.0,True,McLaren,0 days 01:44:15.463000,2026-05-03 17:50:56.208,1,3.0,False,,False,False,107.153,107.15299999999999
28,0 days 01:47:36.067000,NOR,1,0 days 00:01:33.451000,29.0,2.0,,,32.814,34.969,25.668,0 days 01:46:35.490000,0 days 01:47:10.459000,0 days 01:47:36.127000,214.0,187.0,275.0,314.0,False,HARD,2.0,True,McLaren,0 days 01:46:02.616000,2026-05-03 17:52:43.361,1,2.0,False,,False,True,93.451,93.451
29,0 days 01:49:08.314000,NOR,1,0 days 00:01:32.247000,30.0,2.0,,,32.402,34.47,25.375,0 days 01:48:08.529000,0 days 01:48:42.999000,0 days 01:49:08.374000,214.0,188.0,282.0,313.0,True,HARD,3.0,True,McLaren,0 days 01:47:36.067000,2026-05-03 17:54:16.812,1,2.0,False,,False,True,92.247,92.247
30,0 days 01:50:40.383000,NOR,1,0 days 00:01:32.069000,31.0,2.0,,,32.221,34.432,25.416,0 days 01:49:40.595000,0 days 01:50:15.027000,0 days 01:50:40.443000,214.0,188.0,284.0,317.0,True,HARD,4.0,True,McLaren,0 days 01:49:08.314000,2026-05-03 17:55:49.059,1,2.0,False,,False,True,92.069,92.06899999999999
31,0 days 01:52:12.538000,NOR,1,0 days 00:01:32.155000,32.0,2.0,,,32.204,34.587,25.364,0 days 01:51:12.647000,0 days 01:51:47.234000,0 days 01:52:12.598000,212.0,187.0,282.0,316.0,False,HARD,5.0,True,McLaren,0 days 01:50:40.383000,2026-05-03 17:57:21.128,1,2.0,False,,False,True,92.155,92.155
32,0 days 01:53:44.529000,NOR,1,0 days 00:01:31.991000,33.0,2.0,,,31.956,34.58,25.455,0 days 01:52:44.554000,0 days 01:53:19.134000,0 days 01:53:44.589000,212.0,186.0,282.0,319.0,True,HARD,6.0,True,McLaren,0 days 01:52:12.538000,2026-05-03 17:58:53.283,1,2.0,False,,False,True,91.991,91.991
33,0 days 01:55:16.849000,NOR,1,0 days 00:01:32.320000,34.0,2.0,,,32.266,34.684,25.37,0 days 01:54:16.855000,0 days 01:54:51.539000,0 days 01:55:16.909000,213.0,185.0,282.0,318.0,False,HARD,7.0,True,McLaren,0 days 01:53:44.529000,2026-05-03 18:00:25.274,1,2.0,False,,False,True,92.32,92.32
34,0 days 01:56:48.718000,NOR,1,0 days 00:01:31.869000,35.0,2.0,,,31.893,34.8,25.176,0 days 01:55:48.802000,0 days 01:56:23.602000,0 days 01:56:48.778000,210.0,187.0,283.0,321.0,True,HARD,8.0,True,McLaren,0 days 01:55:16.849000,2026-05-03 18:01:57.594,1,2.0,False,,False,True,91.869,91.869
35,0 days 01:58:21.044000,NOR,1,0 days 00:01:32.326000,36.0,2.0,,,32.166,34.835,25.325,0 days 01:57:20.944000,0 days 01:57:55.779000,0 days 01:58:21.104000,209.0,186.0,271.0,330.0,False,HARD,9.0,True,McLaren,0 days 01:56:48.718000,2026-05-03 18:03:29.463,1,2.0,False,,False,True,92.326,92.32600000000001
36,0 days 01:59:53.435000,NOR,1,0 days 00:01:32.391000,37.0,2.0,,,32.206,34.813,25.372,0 days 01:58:53.310000,0 days 01:59:28.123000,0 days 01:59:53.495000,212.0,183.0,284.0,318.0,False,HARD,10.0,True,McLaren,0 days 01:58:21.044000,2026-05-03 18:05:01.789,1,2.0,False,,False,True,92.391,92.391
37,0 days 02:01:25.818000,NOR,1,0 days 00:01:32.383000,38.0,2.0,,,32.187,34.915,25.281,0 days 02:00:25.682000,0 days 02:01:00.597000,0 days 02:01:25.878000,212.0,186.0,282.0,323.0,False,HARD,11.0,True,McLaren,0 days 01:59:53.435000,2026-05-03 18:06:34.180,1,2.0,False,,False,True,92.383,92.38300000000001
38,0 days 02:02:58.475000,NOR,1,0 days 00:01:32.657000,39.0,2.0,,,32.544,34.824,25.289,0 days 02:01:58.422000,0 days 02:02:33.246000,0 days 02:02:58.535000,211.0,183.0,286.0,322.0,False,HARD,12.0,True,McLaren,0 days 02:01:25.818000,2026-05-03 18:08:06.563,1,2.0,False,,False,True,92.657,92.657
39,0 days 02:04:31.115000,NOR,1,0 days 00:01:32.640000,40.0,2.0,,,32.468,34.753,25.419,0 days 02:03:31.003000,0 days 02:04:05.756000,0 days 02:04:31.175000,208.0,186.0,284.0,322.0,False,HARD,13.0,True,McLaren,0 days 02:02:58.475000,2026-05-03 18:09:39.220,1,2.0,False,,False,True,92.64,92.64
40,0 days 02:06:03.791000,NOR,1,0 days 00:01:32.676000,41.0,2.0,,,32.599,34.767,25.31,0 days 02:05:03.774000,0 days 02:05:38.541000,0 days 02:06:03.851000,210.0,183.0,284.0,320.0,False,HARD,14.0,True,McLaren,0 days 02:04:31.115000,2026-05-03 18:11:11.860,1,2.0,False,,False,True,92.676,92.676
41,0 days 02:07:36.453000,NOR,1,0 days 00:01:32.662000,42.0,2.0,,,32.325,34.922,25.415,0 days 02:06:36.176000,0 days 02:07:11.098000,0 days 02:07:36.513000,213.0,186.0,286.0,319.0,False,HARD,15.0,True,McLaren,0 days 02:06:03.791000,2026-05-03 18:12:44.536,1,2.0,True,TRACK LIMITS AT TURN 5 LAP 42 ,False,True,92.662,92.662
42,0 days 02:09:08.944000,NOR,1,0 days 00:01:32.491000,43.0,2.0,,,32.159,34.897,25.435,0 days 02:08:08.672000,0 days 02:08:43.569000,0 days 02:09:09.004000,207.0,186.0,284.0,318.0,False,HARD,16.0,True,McLaren,0 days 02:07:36.453000,2026-05-03 18:14:17.198,1,2.0,False,,False,True,92.491,92.491
43,0 days 02:10:41.535000,NOR,1,0 days 00:01:32.591000,44.0,2.0,,,32.378,34.747,25.466,0 days 02:09:41.382000,0 days 02:10:16.129000,0 days 02:10:41.595000,212.0,186.0,285.0,317.0,False,HARD,17.0,True,McLaren,0 days 02:09:08.944000,2026-05-03 18:15:49.689,1,2.0,False,,False,True,92.591,92.59100000000001
44,0 days 02:12:14.004000,NOR,1,0 days 00:01:32.469000,45.0,2.0,,,32.091,34.829,25.549,0 days 02:11:13.686000,0 days 02:11:48.515000,0 days 02:12:14.064000,211.0,186.0,283.0,314.0,False,HARD,18.0,True,McLaren,0 days 02:10:41.535000,2026-05-03 18:17:22.280,1,2.0,False,,False,True,92.469,92.469
45,0 days 02:13:46.719000,NOR,1,0 days 00:01:32.715000,46.0,2.0,,,32.259,34.78,25.676,0 days 02:12:46.323000,0 days 02:13:21.103000,0 days 02:13:46.779000,211.0,186.0,280.0,313.0,False,HARD,19.0,True,McLaren,0 days 02:12:14.004000,2026-05-03 18:18:54.749,1,2.0,False,,False,True,92.715,92.715
46,0 days 02:15:18.954000,NOR,1,0 days 00:01:32.235000,47.0,2.0,,,32.136,34.698,25.401,0 days 02:14:18.915000,0 days 02:14:53.613000,0 days 02:15:19.014000,213.0,186.0,281.0,315.0,False,HARD,20.0,True,McLaren,0 days 02:13:46.719000,2026-05-03 18:20:27.464,1,2.0,False,,False,True,92.235,92.235
47,0 days 02:16:51.352000,NOR,1,0 days 00:01:32.398000,48.0,2.0,,,32.189,34.767,25.442,0 days 02:15:51.203000,0 days 02:16:25.970000,0 days 02:16:51.412000,212.0,185.0,281.0,316.0,False,HARD,21.0,True,McLaren,0 days 02:15:18.954000,2026-05-03 18:21:59.699,12,2.0,False,,False,True,92.398,92.398
48,0 days 02:18:23.621000,NOR,1,0 days 00:01:32.269000,49.0,2.0,,,32.263,34.571,25.435,0 days 02:17:23.675000,0 days 02:17:58.246000,0 days 02:18:23.681000,211.0,187.0,280.0,317.0,False,HARD,22.0,True,McLaren,0 days 02:16:51.352000,2026-05-03 18:23:32.097,1,2.0,False,,False,True,92.269,92.269
49,0 days 02:19:56.049000,NOR,1,0 days 00:01:32.428000,50.0,2.0,,,32.249,34.72,25.459,0 days 02:18:55.930000,0 days 02:19:30.650000,0 days 02:19:56.109000,207.0,187.0,282.0,318.0,False,HARD,23.0,True,McLaren,0 days 02:18:23.621000,2026-05-03 18:25:04.366,1,2.0,False,,False,True,92.428,92.428
50,0 days 02:21:28.443000,NOR,1,0 days 00:01:32.394000,51.0,2.0,,,32.203,34.802,25.389,0 days 02:20:28.312000,0 days 02:21:03.114000,0 days 02:21:28.503000,214.0,185.0,284.0,324.0,False,HARD,24.0,True,McLaren,0 days 02:19:56.049000,2026-05-03 18:26:36.794,1,2.0,False,,False,True,92.394,92.39399999999999
51,0 days 02:23:00.907000,NOR,1,0 days 00:01:32.464000,52.0,2.0,,,32.159,35.004,25.301,0 days 02:22:00.662000,0 days 02:22:35.666000,0 days 02:23:00.967000,212.0,183.0,285.0,323.0,False,HARD,25.0,True,McLaren,0 days 02:21:28.443000,2026-05-03 18:28:09.188,1,2.0,False,,False,True,92.464,92.464
52,0 days 02:24:33.645000,NOR,1,0 days 00:01:32.738000,53.0,2.0,,,32.57,34.784,25.384,0 days 02:23:33.537000,0 days 02:24:08.321000,0 days 02:24:33.705000,210.0,187.0,285.0,316.0,False,HARD,26.0,True,McLaren,0 days 02:23:00.907000,2026-05-03 18:29:41.652,1,2.0,False,,False,True,92.738,92.738
53,0 days 02:26:05.683000,NOR,1,0 days 00:01:32.038000,54.0,2.0,,,31.961,34.654,25.423,0 days 02:25:05.666000,0 days 02:25:40.320000,0 days 02:26:05.743000,212.0,187.0,282.0,316.0,False,HARD,27.0,True,McLaren,0 days 02:24:33.645000,2026-05-03 18:31:14.390,1,2.0,False,,False,True,92.038,92.03800000000001
54,0 days 02:27:38.176000,NOR,1,0 days 00:01:32.493000,55.0,2.0,,,32.37,34.848,25.275,0 days 02:26:38.113000,0 days 02:27:12.961000,0 days 02:27:38.236000,212.0,186.0,283.0,321.0,False,HARD,28.0,True,McLaren,0 days 02:26:05.683000,2026-05-03 18:32:46.428,1,2.0,False,,False,True,92.493,92.493
55,0 days 02:29:11.025000,NOR,1,0 days 00:01:32.849000,56.0,2.0,,,32.413,34.893,25.543,0 days 02:28:10.649000,0 days 02:28:45.542000,0 days 02:29:11.085000,212.0,187.0,283.0,315.0,False,HARD,29.0,True,McLaren,0 days 02:27:38.176000,2026-05-03 18:34:18.921,1,2.0,False,,False,True,92.849,92.84899999999999
56,0 days 02:30:44.499000,NOR,1,0 days 00:01:33.474000,57.0,2.0,,,32.345,34.947,26.182,0 days 02:29:43.430000,0 days 02:30:18.377000,0 days 02:30:44.559000,212.0,186.0,282.0,315.0,False,HARD,30.0,True,McLaren,0 days 02:29:11.025000,2026-05-03 18:35:51.770,12,2.0,False,,False,True,93.474,93.474
57,0 days 00:59:07.236000,GAS,10,0 days 00:01:45.243000,1.0,1.0,,,,37.363,26.123,,0 days 00:58:41.251000,0 days 00:59:07.606000,204.0,176.0,277.0,303.0,False,MEDIUM,1.0,True,Alpine,0 days 00:57:21.749000,2026-05-03 17:04:02.494,1,12.0,False,,False,False,105.243,
58,0 days 01:00:42.812000,GAS,10,0 days 00:01:35.576000,2.0,1.0,,,34.166,35.189,26.221,0 days 00:59:41.432000,0 days 01:00:16.621000,0 days 01:00:42.842000,203.0,183.0,258.0,312.0,True,MEDIUM,2.0,True,Alpine,0 days 00:59:07.236000,2026-05-03 17:05:47.981,1,11.0,False,,False,True,95.576,95.576
59,0 days 01:02:17.858000,GAS,10,0 days 00:01:35.046000,3.0,1.0,,,33.854,35.291,25.901,0 days 01:01:16.696000,0 days 01:01:51.987000,0 days 01:02:17.888000,212.0,181.0,262.0,320.0,True,MEDIUM,3.0,True,Alpine,0 days 01:00:42.812000,2026-05-03 17:07:23.557,1,11.0,False,,False,True,95.046,95.04599999999999
60,0 days 01:03:52.714000,GAS,10,0 days 00:01:34.856000,4.0,1.0,,,33.93,35.021,25.905,0 days 01:02:51.818000,0 days 01:03:26.839000,0 days 01:03:52.744000,211.0,185.0,260.0,311.0,True,MEDIUM,4.0,True,Alpine,0 days 01:02:17.858000,2026-05-03 17:08:58.603,1,11.0,False,,False,True,94.856,94.856
61,0 days 01:06:22.714000,GAS,10,,5.0,1.0,,,,,,,,,,,,,,MEDIUM,5.0,True,Alpine,0 days 01:03:52.714000,2026-05-03 17:10:33.459,124,,False,,True,False,,
62,0 days 00:59:09.917000,PER,11,0 days 00:01:47.924000,1.0,1.0,,,,37.85,26.42,,0 days 00:58:43.718000,0 days 00:59:10.030000,205.0,175.0,279.0,295.0,False,MEDIUM,1.0,True,Cadillac,0 days 00:57:21.749000,2026-05-03 17:04:02.494,1,17.0,False,,False,False,107.924,
63,0 days 01:00:46.700000,PER,11,0 days 00:01:36.783000,2.0,1.0,,,34.763,36.096,25.924,0 days 00:59:44.774000,0 days 01:00:20.870000,0 days 01:00:46.794000,210.0,183.0,276.0,291.0,True,MEDIUM,2.0,True,Cadillac,0 days 00:59:09.917000,2026-05-03 17:05:50.662,1,17.0,False,,False,True,96.783,96.78299999999999
64,0 days 01:02:23.709000,PER,11,0 days 00:01:37.009000,3.0,1.0,,,34.616,36.358,26.035,0 days 01:01:21.410000,0 days 01:01:57.768000,0 days 01:02:23.803000,203.0,183.0,276.0,277.0,False,MEDIUM,3.0,True,Cadillac,0 days 01:00:46.700000,2026-05-03 17:07:27.445,1,18.0,False,,False,True,97.009,97.00899999999999
65,0 days 01:04:00.016000,PER,11,0 days 00:01:36.307000,4.0,1.0,,,34.425,35.585,26.297,0 days 01:02:58.228000,0 days 01:03:33.813000,0 days 01:04:00.110000,210.0,183.0,277.0,282.0,True,MEDIUM,4.0,True,Cadillac,0 days 01:02:23.709000,2026-05-03 17:09:04.454,1,18.0,False,,False,True,96.307,96.30699999999999
66,0 days 01:05:36.844000,PER,11,0 days 00:01:36.828000,5.0,1.0,,,34.235,35.829,26.764,0 days 01:04:34.345000,0 days 01:05:10.174000,0 days 01:05:36.938000,208.0,178.0,245.0,292.0,False,MEDIUM,5.0,True,Cadillac,0 days 01:04:00.016000,2026-05-03 17:10:40.761,124,14.0,False,,False,False,96.828,96.82799999999999
67,0 days 01:07:51.521000,PER,11,0 days 00:02:14.677000,6.0,1.0,,,44.577,51.251,38.849,0 days 01:06:21.515000,0 days 01:07:12.766000,0 days 01:07:51.615000,179.0,129.0,273.0,102.0,False,MEDIUM,6.0,True,Cadillac,0 days 01:05:36.844000,2026-05-03 17:12:17.589,4,14.0,False,,False,False,134.677,134.677
68,0 days 01:10:00.414000,PER,11,0 days 00:02:08.893000,7.0,1.0,,,39.402,48.06,41.431,0 days 01:08:31.017000,0 days 01:09:19.077000,0 days 01:10:00.508000,152.0,100.0,273.0,98.0,False,MEDIUM,7.0,True,Cadillac,0 days 01:07:51.521000,2026-05-03 17:14:32.266,4,13.0,False,,False,False,128.893,128.893
69,0 days 01:12:21.863000,PER,11,0 days 00:02:21.449000,8.0,1.0,,,42.953,57.7,40.796,0 days 01:10:43.461000,0 days 01:11:41.161000,0 days 01:12:21.957000,115.0,58.0,196.0,95.0,False,MEDIUM,8.0,True,Cadillac,0 days 01:10:00.414000,2026-05-03 17:16:41.159,4,13.0,False,,False,False,141.449,141.449
70,0 days 01:14:44.986000,PER,11,0 days 00:02:23.123000,9.0,1.0,,,44.365,58.947,39.811,0 days 01:13:06.322000,0 days 01:14:05.269000,0 days 01:14:45.080000,105.0,88.0,246.0,120.0,False,MEDIUM,9.0,True,Cadillac,0 days 01:12:21.863000,2026-05-03 17:19:02.608,4,13.0,False,,False,False,143.123,143.12300000000002
71,0 days 01:17:05.158000,PER,11,0 days 00:02:20.172000,10.0,1.0,,,46.616,58.783,34.773,0 days 01:15:31.696000,0 days 01:16:30.479000,0 days 01:17:05.252000,99.0,107.0,217.0,144.0,False,MEDIUM,10.0,True,Cadillac,0 days 01:14:44.986000,2026-05-03 17:21:25.731,4,13.0,False,,False,False,140.172,140.172
72,0 days 01:19:27.564000,PER,11,0 days 00:02:22.406000,11.0,1.0,,,46.572,45.727,50.107,0 days 01:17:51.824000,0 days 01:18:37.551000,0 days 01:19:27.658000,115.0,124.0,278.0,39.0,False,MEDIUM,11.0,True,Cadillac,0 days 01:17:05.158000,2026-05-03 17:23:45.903,41,13.0,False,,False,False,142.406,142.406
73,0 days 01:21:04.515000,PER,11,0 days 00:01:36.951000,12.0,1.0,,,33.776,36.869,26.306,0 days 01:20:01.434000,0 days 01:20:38.303000,0 days 01:21:04.609000,209.0,184.0,272.0,294.0,False,MEDIUM,12.0,True,Cadillac,0 days 01:19:27.564000,2026-05-03 17:26:08.309,1,13.0,True,TRACK LIMITS AT TURN 11 LAP 12 ,False,True,96.951,96.95100000000001
74,0 days 01:22:41.120000,PER,11,0 days 00:01:36.605000,13.0,1.0,,,34.553,35.995,26.057,0 days 01:21:39.162000,0 days 01:22:15.157000,0 days 01:22:41.214000,203.0,182.0,279.0,282.0,False,MEDIUM,13.0,True,Cadillac,0 days 01:21:04.515000,2026-05-03 17:27:45.260,1,15.0,False,,False,True,96.605,96.605
75,0 days 01:24:17.691000,PER,11,0 days 00:01:36.571000,14.0,1.0,,,34.885,35.611,26.075,0 days 01:23:16.099000,0 days 01:23:51.710000,0 days 01:24:17.785000,209.0,182.0,276.0,293.0,False,MEDIUM,14.0,True,Cadillac,0 days 01:22:41.120000,2026-05-03 17:29:21.865,1,15.0,False,,False,True,96.571,96.571
76,0 days 01:25:53.905000,PER,11,0 days 00:01:36.214000,15.0,1.0,,,34.085,35.75,26.379,0 days 01:24:51.870000,0 days 01:25:27.620000,0 days 01:25:53.999000,206.0,183.0,277.0,303.0,True,MEDIUM,15.0,True,Cadillac,0 days 01:24:17.691000,2026-05-03 17:30:58.436,12,15.0,False,,False,True,96.214,96.21400000000001
77,0 days 01:27:30.309000,PER,11,0 days 00:01:36.404000,16.0,1.0,,,34.233,35.989,26.182,0 days 01:26:28.232000,0 days 01:27:04.221000,0 days 01:27:30.403000,206.0,182.0,278.0,301.0,False,MEDIUM,16.0,True,Cadillac,0 days 01:25:53.905000,2026-05-03 17:32:34.650,1,15.0,False,,False,True,96.404,96.404
78,0 days 01:29:06.745000,PER,11,0 days 00:01:36.436000,17.0,1.0,,,34.134,35.977,26.325,0 days 01:28:04.537000,0 days 01:28:40.514000,0 days 01:29:06.839000,208.0,182.0,276.0,290.0,False,MEDIUM,17.0,True,Cadillac,0 days 01:27:30.309000,2026-05-03 17:34:11.054,1,15.0,False,,False,True,96.436,96.43599999999999
79,0 days 01:30:43.303000,PER,11,0 days 00:01:36.558000,18.0,1.0,,,34.039,36.051,26.468,0 days 01:29:40.878000,0 days 01:30:16.929000,0 days 01:30:43.397000,205.0,182.0,275.0,285.0,False,MEDIUM,18.0,True,Cadillac,0 days 01:29:06.745000,2026-05-03 17:35:47.490,1,15.0,False,,False,True,96.558,96.558
80,0 days 01:32:19.708000,PER,11,0 days 00:01:36.405000,19.0,1.0,,,34.08,35.893,26.432,0 days 01:31:17.477000,0 days 01:31:53.370000,0 days 01:32:19.802000,206.0,182.0,278.0,291.0,False,MEDIUM,19.0,True,Cadillac,0 days 01:30:43.303000,2026-05-03 17:37:24.048,1,15.0,False,,False,True,96.405,96.405
81,0 days 01:33:56.206000,PER,11,0 days 00:01:36.498000,20.0,1.0,,,34.125,36.033,26.34,0 days 01:32:53.927000,0 days 01:33:29.960000,0 days 01:33:56.300000,203.0,182.0,278.0,293.0,False,MEDIUM,20.0,True,Cadillac,0 days 01:32:19.708000,2026-05-03 17:39:00.453,1,15.0,False,,False,True,96.498,96.498
82,0 days 01:35:32.726000,PER,11,0 days 00:01:36.520000,21.0,1.0,,,34.131,36.094,26.295,0 days 01:34:30.431000,0 days 01:35:06.525000,0 days 01:35:32.820000,203.0,180.0,280.0,296.0,False,MEDIUM,21.0,True,Cadillac,0 days 01:33:56.206000,2026-05-03 17:40:36.951,1,15.0,False,,False,True,96.52,96.52
83,0 days 01:37:08.981000,PER,11,0 days 00:01:36.255000,22.0,1.0,,,33.943,35.882,26.43,0 days 01:36:06.763000,0 days 01:36:42.645000,0 days 01:37:09.075000,208.0,183.0,276.0,291.0,False,MEDIUM,22.0,True,Cadillac,0 days 01:35:32.726000,2026-05-03 17:42:13.471,1,15.0,False,,False,True,96.255,96.255
84,0 days 01:38:45.598000,PER,11,0 days 00:01:36.617000,23.0,1.0,,,34.193,36.081,26.343,0 days 01:37:43.268000,0 days 01:38:19.349000,0 days 01:38:45.692000,203.0,182.0,280.0,297.0,False,MEDIUM,23.0,True,Cadillac,0 days 01:37:08.981000,2026-05-03 17:43:49.726,1,15.0,False,,False,True,96.617,96.617
85,0 days 01:40:21.951000,PER,11,0 days 00:01:36.353000,24.0,1.0,,,33.973,36.086,26.294,0 days 01:39:19.665000,0 days 01:39:55.751000,0 days 01:40:22.045000,207.0,184.0,278.0,294.0,False,MEDIUM,24.0,True,Cadillac,0 days 01:38:45.598000,2026-05-03 17:45:26.343,1,15.0,False,,False,True,96.353,96.353
86,0 days 01:41:58.683000,PER,11,0 days 00:01:36.732000,25.0,1.0,,,34.042,36.314,26.376,0 days 01:40:56.087000,0 days 01:41:32.401000,0 days 01:41:58.777000,204.0,184.0,276.0,295.0,False,MEDIUM,25.0,True,Cadillac,0 days 01:40:21.951000,2026-05-03 17:47:02.696,1,15.0,False,,False,True,96.732,96.732
87,0 days 01:43:34.961000,PER,11,0 days 00:01:36.278000,26.0,1.0,,,33.963,35.878,26.437,0 days 01:42:32.740000,0 days 01:43:08.618000,0 days 01:43:35.055000,205.0,184.0,277.0,290.0,False,MEDIUM,26.0,True,Cadillac,0 days 01:41:58.683000,2026-05-03 17:48:39.428,1,15.0,False,,False,True,96.278,96.278
88,0 days 01:45:11.346000,PER,11,0 days 00:01:36.385000,27.0,1.0,,,33.927,35.978,26.48,0 days 01:44:08.982000,0 days 01:44:44.960000,0 days 01:45:11.440000,207.0,183.0,278.0,290.0,False,MEDIUM,27.0,True,Cadillac,0 days 01:43:34.961000,2026-05-03 17:50:15.706,1,15.0,False,,False,True,96.385,96.385
89,0 days 01:46:48.265000,PER,11,0 days 00:01:36.919000,28.0,1.0,,,34.169,36.368,26.382,0 days 01:45:45.609000,0 days 01:46:21.977000,0 days 01:46:48.359000,202.0,180.0,281.0,291.0,False,MEDIUM,28.0,True,Cadillac,0 days 01:45:11.346000,2026-05-03 17:51:52.091,1,15.0,False,,False,True,96.919,96.91900000000001
90,0 days 01:48:30.547000,PER,11,0 days 00:01:42.282000,29.0,1.0,,0 days 01:48:25.241000,34.077,36.082,32.123,0 days 01:47:22.436000,0 days 01:47:58.518000,0 days 01:48:30.641000,204.0,182.0,,299.0,False,MEDIUM,29.0,True,Cadillac,0 days 01:46:48.265000,2026-05-03 17:53:29.010,1,15.0,False,,False,False,102.282,102.28199999999998
91,0 days 01:50:20.400000,PER,11,0 days 00:01:49.853000,30.0,2.0,0 days 01:48:48.425000,,48.761,35.174,25.918,0 days 01:49:19.402000,0 days 01:49:54.576000,0 days 01:50:20.494000,212.0,188.0,285.0,283.0,False,HARD,1.0,True,Cadillac,0 days 01:48:30.547000,2026-05-03 17:55:11.292,1,16.0,False,,False,False,109.853,109.85300000000001
92,0 days 01:51:55.295000,PER,11,0 days 00:01:34.895000,31.0,2.0,,,32.995,35.639,26.261,0 days 01:50:53.489000,0 days 01:51:29.128000,0 days 01:51:55.389000,211.0,186.0,276.0,290.0,True,HARD,2.0,True,Cadillac,0 days 01:50:20.400000,2026-05-03 17:57:01.145,1,16.0,False,,False,True,94.895,94.895
93,0 days 01:53:30.674000,PER,11,0 days 00:01:35.379000,32.0,2.0,,,33.465,35.692,26.222,0 days 01:52:28.854000,0 days 01:53:04.546000,0 days 01:53:30.768000,208.0,185.0,281.0,284.0,False,HARD,3.0,True,Cadillac,0 days 01:51:55.295000,2026-05-03 17:58:36.040,1,16.0,False,,False,True,95.379,95.37900000000002
94,0 days 01:55:05.685000,PER,11,0 days 00:01:35.011000,33.0,2.0,,,33.134,35.651,26.226,0 days 01:54:03.902000,0 days 01:54:39.553000,0 days 01:55:05.779000,211.0,185.0,280.0,286.0,False,HARD,4.0,True,Cadillac,0 days 01:53:30.674000,2026-05-03 18:00:11.419,1,16.0,False,,False,True,95.011,95.011
95,0 days 01:56:40.997000,PER,11,0 days 00:01:35.312000,34.0,2.0,,,33.417,35.695,26.2,0 days 01:55:39.196000,0 days 01:56:14.891000,0 days 01:56:41.091000,209.0,185.0,277.0,295.0,False,HARD,5.0,True,Cadillac,0 days 01:55:05.685000,2026-05-03 18:01:46.430,1,16.0,False,,False,True,95.312,95.312
96,0 days 01:58:16.645000,PER,11,0 days 00:01:35.648000,35.0,2.0,,,33.576,35.946,26.126,0 days 01:57:14.667000,0 days 01:57:50.613000,0 days 01:58:16.739000,206.0,183.0,280.0,295.0,False,HARD,6.0,True,Cadillac,0 days 01:56:40.997000,2026-05-03 18:03:21.742,1,16.0,False,,False,True,95.648,95.648
97,0 days 01:59:54.507000,PER,11,0 days 00:01:37.862000,36.0,2.0,,,33.519,36.116,28.227,0 days 01:58:50.258000,0 days 01:59:26.374000,0 days 01:59:54.601000,208.0,171.0,285.0,279.0,False,HARD,7.0,True,Cadillac,0 days 01:58:16.645000,2026-05-03 18:04:57.390,1,16.0,False,,False,True,97.862,97.862
98,0 days 02:01:30.240000,PER,11,0 days 00:01:35.733000,37.0,2.0,,,33.724,35.673,26.336,0 days 02:00:28.325000,0 days 02:01:03.998000,0 days 02:01:30.334000,205.0,182.0,280.0,281.0,False,HARD,8.0,True,Cadillac,0 days 01:59:54.507000,2026-05-03 18:06:35.252,1,16.0,False,,False,True,95.733,95.73299999999999
99,0 days 02:03:05.779000,PER,11,0 days 00:01:35.539000,38.0,2.0,,,33.559,35.875,26.105,0 days 02:02:03.893000,0 days 02:02:39.768000,0 days 02:03:05.873000,208.0,184.0,281.0,297.0,False,HARD,9.0,True,Cadillac,0 days 02:01:30.240000,2026-05-03 18:08:10.985,1,16.0,False,,False,True,95.539,95.539
100,0 days 02:04:41.608000,PER,11,0 days 00:01:35.829000,39.0,2.0,,,33.769,35.878,26.182,0 days 02:03:39.642000,0 days 02:04:15.520000,0 days 02:04:41.702000,206.0,183.0,282.0,289.0,False,HARD,10.0,True,Cadillac,0 days 02:03:05.779000,2026-05-03 18:09:46.524,1,16.0,False,,False,True,95.829,95.829
101,0 days 02:06:18.778000,PER,11,0 days 00:01:37.170000,40.0,2.0,,,33.602,36.429,27.139,0 days 02:05:15.304000,0 days 02:05:51.733000,0 days 02:06:18.872000,207.0,164.0,286.0,260.0,False,HARD,11.0,True,Cadillac,0 days 02:04:41.608000,2026-05-03 18:11:22.353,1,16.0,False,,False,True,97.17,97.17
102,0 days 02:07:56.128000,PER,11,0 days 00:01:37.350000,41.0,2.0,,,33.548,37.053,26.749,0 days 02:06:52.420000,0 days 02:07:29.473000,0 days 02:07:56.222000,211.0,117.0,278.0,296.0,False,HARD,12.0,True,Cadillac,0 days 02:06:18.778000,2026-05-03 18:12:59.523,1,16.0,False,,False,True,97.35,97.35
103,0 days 02:09:32.806000,PER,11,0 days 00:01:36.678000,42.0,2.0,,,33.682,36.926,26.07,0 days 02:08:29.904000,0 days 02:09:06.830000,0 days 02:09:32.900000,208.0,183.0,281.0,304.0,False,HARD,13.0,True,Cadillac,0 days 02:07:56.128000,2026-05-03 18:14:36.873,1,15.0,False,,False,True,96.678,96.678
104,0 days 02:11:09.985000,PER,11,0 days 00:01:37.179000,43.0,2.0,,,33.711,37.059,26.409,0 days 02:10:06.611000,0 days 02:10:43.670000,0 days 02:11:10.079000,208.0,131.0,286.0,304.0,False,HARD,14.0,True,Cadillac,0 days 02:09:32.806000,2026-05-03 18:16:13.551,1,15.0,False,,False,True,97.179,97.179
105,0 days 02:12:45.542000,PER,11,0 days 00:01:35.557000,44.0,2.0,,,33.8,35.652,26.105,0 days 02:11:43.879000,0 days 02:12:19.531000,0 days 02:12:45.636000,206.0,181.0,280.0,300.0,False,HARD,15.0,True,Cadillac,0 days 02:11:09.985000,2026-05-03 18:17:50.730,1,15.0,False,,False,True,95.557,95.557
106,0 days 02:14:21.918000,PER,11,0 days 00:01:36.376000,45.0,2.0,,,33.806,36.619,25.951,0 days 02:13:19.442000,0 days 02:13:56.061000,0 days 02:14:22.012000,205.0,181.0,286.0,304.0,False,HARD,16.0,True,Cadillac,0 days 02:12:45.542000,2026-05-03 18:19:26.287,1,15.0,False,,False,True,96.376,96.376
107,0 days 02:15:58.327000,PER,11,0 days 00:01:36.409000,46.0,2.0,,,33.554,36.47,26.385,0 days 02:14:55.566000,0 days 02:15:32.036000,0 days 02:15:58.421000,206.0,179.0,262.0,305.0,False,HARD,17.0,True,Cadillac,0 days 02:14:21.918000,2026-05-03 18:21:02.663,12,15.0,False,,False,True,96.409,96.409
108,0 days 02:17:35.219000,PER,11,0 days 00:01:36.892000,47.0,2.0,,,34.222,36.034,26.636,0 days 02:16:32.643000,0 days 02:17:08.677000,0 days 02:17:35.313000,206.0,183.0,260.0,296.0,False,HARD,18.0,True,Cadillac,0 days 02:15:58.327000,2026-05-03 18:22:39.072,1,15.0,False,,False,True,96.892,96.892
109,0 days 02:19:11.853000,PER,11,0 days 00:01:36.634000,48.0,2.0,,,34.132,36.058,26.444,0 days 02:18:09.445000,0 days 02:18:45.503000,0 days 02:19:11.947000,208.0,181.0,279.0,298.0,False,HARD,19.0,True,Cadillac,0 days 02:17:35.219000,2026-05-03 18:24:15.964,1,15.0,False,,False,True,96.634,96.634
110,0 days 02:20:48.740000,PER,11,0 days 00:01:36.887000,49.0,2.0,,,34.011,36.14,26.736,0 days 02:19:45.958000,0 days 02:20:22.098000,0 days 02:20:48.834000,209.0,180.0,273.0,296.0,False,HARD,20.0,True,Cadillac,0 days 02:19:11.853000,2026-05-03 18:25:52.598,1,15.0,False,,False,True,96.887,96.88700000000001
111,0 days 02:22:25.296000,PER,11,0 days 00:01:36.556000,50.0,2.0,,,34.657,35.626,26.273,0 days 02:21:23.491000,0 days 02:21:59.117000,0 days 02:22:25.390000,208.0,182.0,277.0,302.0,False,HARD,21.0,True,Cadillac,0 days 02:20:48.740000,2026-05-03 18:27:29.485,1,15.0,False,,False,True,96.556,96.55599999999998
112,0 days 02:24:01.607000,PER,11,0 days 00:01:36.311000,51.0,2.0,,,33.688,35.833,26.79,0 days 02:22:59.078000,0 days 02:23:34.911000,0 days 02:24:01.701000,206.0,180.0,250.0,311.0,False,HARD,22.0,True,Cadillac,0 days 02:22:25.296000,2026-05-03 18:29:06.041,1,16.0,False,,False,True,96.311,96.311
113,0 days 02:25:37.421000,PER,11,0 days 00:01:35.814000,52.0,2.0,,,34.02,35.861,25.933,0 days 02:24:35.721000,0 days 02:25:11.582000,0 days 02:25:37.515000,206.0,183.0,279.0,302.0,False,HARD,23.0,True,Cadillac,0 days 02:24:01.607000,2026-05-03 18:30:42.352,1,16.0,False,,False,True,95.814,95.814
114,0 days 02:27:12.777000,PER,11,0 days 00:01:35.356000,53.0,2.0,,,33.675,35.6,26.081,0 days 02:26:11.190000,0 days 02:26:46.790000,0 days 02:27:12.871000,211.0,183.0,284.0,299.0,False,HARD,24.0,True,Cadillac,0 days 02:25:37.421000,2026-05-03 18:32:18.166,1,16.0,False,,False,True,95.356,95.35600000000001
115,0 days 02:28:48.279000,PER,11,0 days 00:01:35.502000,54.0,2.0,,,33.566,35.719,26.217,0 days 02:27:46.437000,0 days 02:28:22.156000,0 days 02:28:48.373000,209.0,183.0,289.0,294.0,False,HARD,25.0,True,Cadillac,0 days 02:27:12.777000,2026-05-03 18:33:53.522,1,16.0,False,,False,True,95.502,95.502
116,0 days 02:30:23.529000,PER,11,0 days 00:01:35.250000,55.0,2.0,,,33.514,35.681,26.055,0 days 02:29:21.887000,0 days 02:29:57.568000,0 days 02:30:23.623000,211.0,182.0,284.0,306.0,False,HARD,26.0,True,Cadillac,0 days 02:28:48.279000,2026-05-03 18:35:29.024,12,16.0,False,,False,True,95.25,95.25
117,0 days 02:31:58.779000,PER,11,0 days 00:01:35.250000,56.0,2.0,,,33.597,35.613,26.04,0 days 02:30:57.220000,0 days 02:31:32.833000,0 days 02:31:58.873000,207.0,182.0,268.0,318.0,False,HARD,27.0,True,Cadillac,0 days 02:30:23.529000,2026-05-03 18:37:04.274,1,16.0,False,,False,True,95.25,95.25
118,0 days 00:58:59.236000,ANT,12,0 days 00:01:37.243000,1.0,1.0,,,,34.209,25.71,,0 days 00:58:33.708000,0 days 00:58:59.433000,213.0,189.0,267.0,311.0,False,MEDIUM,1.0,True,Mercedes,0 days 00:57:21.749000,2026-05-03 17:04:02.494,1,2.0,False,,False,False,97.243,
119,0 days 01:00:32.172000,ANT,12,0 days 00:01:32.936000,2.0,1.0,,,32.563,34.481,25.892,0 days 00:59:31.898000,0 days 01:00:06.379000,0 days 01:00:32.271000,211.0,188.0,259.0,316.0,True,MEDIUM,2.0,True,Mercedes,0 days 00:58:59.236000,2026-05-03 17:05:39.981,1,2.0,False,,False,True,92.936,92.936
120,0 days 01:02:05.396000,ANT,12,0 days 00:01:33.224000,3.0,1.0,,,32.814,34.577,25.833,0 days 01:01:05.085000,0 days 01:01:39.662000,0 days 01:02:05.495000,210.0,186.0,263.0,310.0,False,MEDIUM,3.0,True,Mercedes,0 days 01:00:32.172000,2026-05-03 17:07:12.917,1,2.0,False,,False,True,93.224,93.22399999999999
121,0 days 01:03:38.982000,ANT,12,0 days 00:01:33.586000,4.0,1.0,,,32.729,35.095,25.762,0 days 01:02:38.224000,0 days 01:03:13.319000,0 days 01:03:39.081000,212.0,184.0,283.0,303.0,False,MEDIUM,4.0,True,Mercedes,0 days 01:02:05.396000,2026-05-03 17:08:46.141,1,1.0,False,,False,True,93.586,93.586
122,0 days 01:05:13.584000,ANT,12,0 days 00:01:34.602000,5.0,1.0,,,32.893,35.572,26.137,0 days 01:04:11.974000,0 days 01:04:47.546000,0 days 01:05:13.683000,209.0,186.0,257.0,313.0,False,MEDIUM,5.0,True,Mercedes,0 days 01:03:38.982000,2026-05-03 17:10:19.727,12,2.0,False,,False,True,94.602,94.602
123,0 days 01:07:25.677000,ANT,12,0 days 00:02:12.093000,6.0,1.0,,,41.747,51.819,38.527,0 days 01:05:55.430000,0 days 01:06:47.249000,0 days 01:07:25.776000,85.0,101.0,241.0,92.0,False,MEDIUM,6.0,True,Mercedes,0 days 01:05:13.584000,2026-05-03 17:11:54.329,24,3.0,False,,False,False,132.093,132.09300000000002
124,0 days 01:09:42.778000,ANT,12,0 days 00:02:17.101000,7.0,1.0,,,40.592,55.122,41.387,0 days 01:08:06.368000,0 days 01:09:01.490000,0 days 01:09:42.877000,121.0,107.0,226.0,140.0,False,MEDIUM,7.0,True,Mercedes,0 days 01:07:25.677000,2026-05-03 17:14:06.422,4,3.0,False,,False,False,137.101,137.101
125,0 days 01:12:05.406000,ANT,12,0 days 00:02:22.628000,8.0,1.0,,,50.121,54.811,37.696,0 days 01:10:32.998000,0 days 01:11:27.809000,0 days 01:12:05.505000,90.0,80.0,247.0,97.0,False,MEDIUM,8.0,True,Mercedes,0 days 01:09:42.778000,2026-05-03 17:16:23.523,4,3.0,False,,False,False,142.628,142.628
126,0 days 01:14:33.426000,ANT,12,0 days 00:02:28.020000,9.0,1.0,,,48.055,56.357,43.608,0 days 01:12:53.560000,0 days 01:13:49.917000,0 days 01:14:33.525000,157.0,77.0,231.0,169.0,False,MEDIUM,9.0,True,Mercedes,0 days 01:12:05.406000,2026-05-03 17:18:46.151,4,3.0,False,,False,False,148.02,148.02
127,0 days 01:16:52.197000,ANT,12,0 days 00:02:18.771000,10.0,1.0,,,48.165,55.71,34.896,0 days 01:15:21.690000,0 days 01:16:17.400000,0 days 01:16:52.296000,119.0,85.0,207.0,235.0,False,MEDIUM,10.0,True,Mercedes,0 days 01:14:33.426000,2026-05-03 17:21:14.171,4,3.0,False,,False,False,138.771,138.77100000000002
128,0 days 01:19:22.357000,ANT,12,,11.0,1.0,,,48.216,47.879,54.069,0 days 01:17:40.551000,0 days 01:18:28.442000,0 days 01:19:22.542000,133.0,118.0,281.0,61.0,False,MEDIUM,11.0,True,Mercedes,0 days 01:16:52.197000,2026-05-03 17:23:32.942,41,3.0,False,,False,False,,150.164
129,0 days 01:20:55.400000,ANT,12,0 days 00:01:33.043000,12.0,1.0,,,32.726,34.667,25.65,0 days 01:19:55.182000,0 days 01:20:29.849000,0 days 01:20:55.499000,215.0,187.0,260.0,320.0,False,MEDIUM,12.0,True,Mercedes,0 days 01:19:22.357000,2026-05-03 17:26:03.102,1,3.0,False,,False,True,93.043,93.043
130,0 days 01:22:28.470000,ANT,12,0 days 00:01:33.070000,13.0,1.0,,,32.789,34.815,25.466,0 days 01:21:28.288000,0 days 01:22:03.103000,0 days 01:22:28.569000,211.0,187.0,273.0,319.0,False,MEDIUM,13.0,True,Mercedes,0 days 01:20:55.400000,2026-05-03 17:27:36.145,1,2.0,False,,False,True,93.07,93.07
131,0 days 01:24:01.784000,ANT,12,0 days 00:01:33.314000,14.0,1.0,,,33.294,34.303,25.717,0 days 01:23:01.863000,0 days 01:23:36.166000,0 days 01:24:01.883000,212.0,186.0,267.0,304.0,False,MEDIUM,14.0,True,Mercedes,0 days 01:22:28.470000,2026-05-03 17:29:09.215,1,2.0,False,,False,True,93.314,93.314
132,0 days 01:25:34.964000,ANT,12,0 days 00:01:33.180000,15.0,1.0,,,32.618,34.662,25.9,0 days 01:24:34.501000,0 days 01:25:09.163000,0 days 01:25:35.063000,209.0,186.0,258.0,313.0,False,MEDIUM,15.0,True,Mercedes,0 days 01:24:01.784000,2026-05-03 17:30:42.529,1,2.0,False,,False,True,93.18,93.18
133,0 days 01:27:08.622000,ANT,12,0 days 00:01:33.658000,16.0,1.0,,,32.887,34.798,25.973,0 days 01:26:07.950000,0 days 01:26:42.748000,0 days 01:27:08.721000,210.0,185.0,260.0,310.0,False,MEDIUM,16.0,True,Mercedes,0 days 01:25:34.964000,2026-05-03 17:32:15.709,12,2.0,False,,False,True,93.658,93.658
134,0 days 01:28:41.675000,ANT,12,0 days 00:01:33.053000,17.0,1.0,,,32.586,34.57,25.897,0 days 01:27:41.307000,0 days 01:28:15.877000,0 days 01:28:41.774000,211.0,185.0,269.0,309.0,False,MEDIUM,17.0,True,Mercedes,0 days 01:27:08.622000,2026-05-03 17:33:49.367,1,2.0,False,,False,True,93.053,93.053
135,0 days 01:30:14.919000,ANT,12,0 days 00:01:33.244000,18.0,1.0,,,32.549,34.76,25.935,0 days 01:29:14.323000,0 days 01:29:49.083000,0 days 01:30:15.018000,211.0,184.0,265.0,311.0,False,MEDIUM,18.0,True,Mercedes,0 days 01:28:41.675000,2026-05-03 17:35:22.420,1,2.0,False,,False,True,93.244,93.244
136,0 days 01:31:48.264000,ANT,12,0 days 00:01:33.345000,19.0,1.0,,,32.774,34.648,25.923,0 days 01:30:47.792000,0 days 01:31:22.440000,0 days 01:31:48.363000,208.0,184.0,269.0,310.0,False,MEDIUM,19.0,True,Mercedes,0 days 01:30:14.919000,2026-05-03 17:36:55.664,1,2.0,True,TRACK LIMITS AT TURN 5 LAP 19 ,False,True,93.345,93.345
137,0 days 01:33:21.275000,ANT,12,0 days 00:01:33.011000,20.0,1.0,,,32.577,34.549,25.885,0 days 01:32:20.940000,0 days 01:32:55.489000,0 days 01:33:21.374000,210.0,184.0,269.0,310.0,False,MEDIUM,20.0,True,Mercedes,0 days 01:31:48.264000,2026-05-03 17:38:29.009,1,2.0,False,,False,True,93.011,93.01100000000001
138,0 days 01:34:54.424000,ANT,12,0 days 00:01:33.149000,21.0,1.0,,,32.71,34.534,25.905,0 days 01:33:54.084000,0 days 01:34:28.618000,0 days 01:34:54.523000,211.0,185.0,269.0,309.0,False,MEDIUM,21.0,True,Mercedes,0 days 01:33:21.275000,2026-05-03 17:40:02.020,1,2.0,False,,False,True,93.149,93.149
139,0 days 01:36:27.203000,ANT,12,0 days 00:01:32.779000,22.0,1.0,,,32.5,34.488,25.791,0 days 01:35:27.023000,0 days 01:36:01.511000,0 days 01:36:27.302000,210.0,186.0,269.0,309.0,True,MEDIUM,22.0,True,Mercedes,0 days 01:34:54.424000,2026-05-03 17:41:35.169,1,2.0,False,,False,True,92.779,92.779
140,0 days 01:38:00.197000,ANT,12,0 days 00:01:32.994000,23.0,1.0,,,32.513,34.581,25.9,0 days 01:36:59.815000,0 days 01:37:34.396000,0 days 01:38:00.296000,210.0,184.0,267.0,312.0,False,MEDIUM,23.0,True,Mercedes,0 days 01:36:27.203000,2026-05-03 17:43:07.948,1,2.0,False,,False,True,92.994,92.994
141,0 days 01:39:32.999000,ANT,12,0 days 00:01:32.802000,24.0,1.0,,,32.418,34.518,25.866,0 days 01:38:32.714000,0 days 01:39:07.232000,0 days 01:39:33.098000,212.0,184.0,265.0,314.0,False,MEDIUM,24.0,True,Mercedes,0 days 01:38:00.197000,2026-05-03 17:44:40.942,1,2.0,False,,False,True,92.802,92.802
142,0 days 01:41:06.067000,ANT,12,0 days 00:01:33.068000,25.0,1.0,,,32.423,34.87,25.775,0 days 01:40:05.521000,0 days 01:40:40.391000,0 days 01:41:06.166000,211.0,186.0,267.0,312.0,False,MEDIUM,25.0,True,Mercedes,0 days 01:39:32.999000,2026-05-03 17:46:13.744,1,2.0,False,,False,True,93.068,93.06800000000001
143,0 days 01:42:43.951000,ANT,12,0 days 00:01:37.884000,26.0,1.0,,0 days 01:42:38.637000,32.448,34.563,30.873,0 days 01:41:38.614000,0 days 01:42:13.177000,0 days 01:42:44.050000,209.0,184.0,,313.0,False,MEDIUM,26.0,True,Mercedes,0 days 01:41:06.067000,2026-05-03 17:47:46.812,1,2.0,False,,False,False,97.884,97.884
144,0 days 01:44:29.552000,ANT,12,0 days 00:01:45.601000,27.0,2.0,0 days 01:43:00.687000,,46.283,34.093,25.225,0 days 01:43:30.333000,0 days 01:44:04.426000,0 days 01:44:29.651000,218.0,188.0,266.0,326.0,False,HARD,1.0,True,Mercedes,0 days 01:42:43.951000,2026-05-03 17:49:24.696,1,4.0,False,,False,False,105.601,105.601
145,0 days 01:46:02.466000,ANT,12,0 days 00:01:32.914000,28.0,2.0,,,32.308,34.583,26.023,0 days 01:45:01.959000,0 days 01:45:36.542000,0 days 01:46:02.565000,216.0,185.0,258.0,292.0,False,HARD,2.0,True,Mercedes,0 days 01:44:29.552000,2026-05-03 17:51:10.297,1,2.0,False,,False,True,92.914,92.91399999999999
146,0 days 01:47:34.797000,ANT,12,0 days 00:01:32.331000,29.0,2.0,,,32.558,33.975,25.798,0 days 01:46:35.123000,0 days 01:47:09.098000,0 days 01:47:34.896000,214.0,187.0,275.0,290.0,True,HARD,3.0,True,Mercedes,0 days 01:46:02.466000,2026-05-03 17:52:43.211,1,1.0,False,,False,True,92.331,92.331
147,0 days 01:49:07.007000,ANT,12,0 days 00:01:32.210000,30.0,2.0,,,32.108,34.411,25.691,0 days 01:48:07.004000,0 days 01:48:41.415000,0 days 01:49:07.106000,212.0,187.0,272.0,301.0,True,HARD,4.0,True,Mercedes,0 days 01:47:34.797000,2026-05-03 17:54:15.542,1,1.0,False,,False,True,92.21,92.21000000000001
148,0 days 01:50:39.265000,ANT,12,0 days 00:01:32.258000,31.0,2.0,,,31.992,34.515,25.751,0 days 01:49:39.098000,0 days 01:50:13.613000,0 days 01:50:39.364000,212.0,187.0,273.0,301.0,False,HARD,5.0,True,Mercedes,0 days 01:49:07.007000,2026-05-03 17:55:47.752,1,1.0,False,,False,True,92.258,92.25800000000001
149,0 days 01:52:11.311000,ANT,12,0 days 00:01:32.046000,32.0,2.0,,,32.068,34.325,25.653,0 days 01:51:11.432000,0 days 01:51:45.757000,0 days 01:52:11.410000,213.0,187.0,273.0,309.0,True,HARD,6.0,True,Mercedes,0 days 01:50:39.265000,2026-05-03 17:57:20.010,1,1.0,False,,False,True,92.046,92.04599999999999
150,0 days 01:53:43.424000,ANT,12,0 days 00:01:32.113000,33.0,2.0,,,32.066,34.475,25.572,0 days 01:52:43.476000,0 days 01:53:17.951000,0 days 01:53:43.523000,212.0,186.0,273.0,309.0,False,HARD,7.0,True,Mercedes,0 days 01:52:11.311000,2026-05-03 17:58:52.056,1,1.0,False,,False,True,92.113,92.113
151,0 days 01:55:15.392000,ANT,12,0 days 00:01:31.968000,34.0,2.0,,,31.959,34.466,25.543,0 days 01:54:15.482000,0 days 01:54:49.948000,0 days 01:55:15.491000,211.0,187.0,271.0,312.0,True,HARD,8.0,True,Mercedes,0 days 01:53:43.424000,2026-05-03 18:00:24.169,1,1.0,False,,False,True,91.968,91.96799999999999
152,0 days 01:56:47.879000,ANT,12,0 days 00:01:32.487000,35.0,2.0,,,32.212,34.578,25.697,0 days 01:55:47.703000,0 days 01:56:22.281000,0 days 01:56:47.978000,214.0,186.0,268.0,304.0,False,HARD,9.0,True,Mercedes,0 days 01:55:15.392000,2026-05-03 18:01:56.137,1,1.0,False,,False,True,92.487,92.48700000000001
153,0 days 01:58:20.233000,ANT,12,0 days 00:01:32.354000,36.0,2.0,,,32.185,34.587,25.582,0 days 01:57:20.163000,0 days 01:57:54.750000,0 days 01:58:20.332000,212.0,185.0,274.0,313.0,False,HARD,10.0,True,Mercedes,0 days 01:56:47.879000,2026-05-03 18:03:28.624,1,1.0,False,,False,True,92.354,92.35400000000001
154,0 days 01:59:52.716000,ANT,12,0 days 00:01:32.483000,37.0,2.0,,,32.188,34.704,25.591,0 days 01:58:52.520000,0 days 01:59:27.224000,0 days 01:59:52.815000,211.0,183.0,279.0,312.0,False,HARD,11.0,True,Mercedes,0 days 01:58:20.233000,2026-05-03 18:05:00.978,1,1.0,False,,False,True,92.483,92.483
155,0 days 02:01:25.139000,ANT,12,0 days 00:01:32.423000,38.0,2.0,,,32.221,34.621,25.581,0 days 02:00:25.036000,0 days 02:00:59.657000,0 days 02:01:25.238000,211.0,185.0,275.0,311.0,False,HARD,12.0,True,Mercedes,0 days 01:59:52.716000,2026-05-03 18:06:33.461,1,1.0,False,,False,True,92.423,92.423
156,0 days 02:02:57.521000,ANT,12,0 days 00:01:32.382000,39.0,2.0,,,32.232,34.598,25.552,0 days 02:01:57.470000,0 days 02:02:32.068000,0 days 02:02:57.620000,214.0,187.0,278.0,313.0,False,HARD,13.0,True,Mercedes,0 days 02:01:25.139000,2026-05-03 18:08:05.884,1,1.0,False,,False,True,92.382,92.382
157,0 days 02:04:30.399000,ANT,12,0 days 00:01:32.878000,40.0,2.0,,,32.548,34.608,25.722,0 days 02:03:30.168000,0 days 02:04:04.776000,0 days 02:04:30.498000,213.0,186.0,275.0,317.0,False,HARD,14.0,True,Mercedes,0 days 02:02:57.521000,2026-05-03 18:09:38.266,1,1.0,False,,False,True,92.878,92.87800000000001
158,0 days 02:06:02.730000,ANT,12,0 days 00:01:32.331000,41.0,2.0,,,32.274,34.579,25.478,0 days 02:05:02.772000,0 days 02:05:37.351000,0 days 02:06:02.829000,211.0,186.0,284.0,309.0,False,HARD,15.0,True,Mercedes,0 days 02:04:30.399000,2026-05-03 18:11:11.144,1,1.0,False,,False,True,92.331,92.33100000000002
159,0 days 02:07:35.226000,ANT,12,0 days 00:01:32.496000,42.0,2.0,,,32.173,34.72,25.603,0 days 02:06:35.002000,0 days 02:07:09.722000,0 days 02:07:35.325000,213.0,186.0,278.0,311.0,False,HARD,16.0,True,Mercedes,0 days 02:06:02.730000,2026-05-03 18:12:43.475,1,1.0,False,,False,True,92.496,92.49600000000001
160,0 days 02:09:07.412000,ANT,12,0 days 00:01:32.186000,43.0,2.0,,,32.087,34.567,25.532,0 days 02:08:07.412000,0 days 02:08:41.979000,0 days 02:09:07.511000,210.0,185.0,277.0,314.0,False,HARD,17.0,True,Mercedes,0 days 02:07:35.226000,2026-05-03 18:14:15.971,1,1.0,False,,False,True,92.186,92.18599999999999
161,0 days 02:10:39.623000,ANT,12,0 days 00:01:32.211000,44.0,2.0,,,32.144,34.561,25.506,0 days 02:09:39.655000,0 days 02:10:14.216000,0 days 02:10:39.722000,213.0,185.0,279.0,319.0,False,HARD,18.0,True,Mercedes,0 days 02:09:07.412000,2026-05-03 18:15:48.157,1,1.0,False,,False,True,92.211,92.211
162,0 days 02:12:12.022000,ANT,12,0 days 00:01:32.399000,45.0,2.0,,,32.121,34.66,25.618,0 days 02:11:11.843000,0 days 02:11:46.503000,0 days 02:12:12.121000,213.0,186.0,278.0,311.0,False,HARD,19.0,True,Mercedes,0 days 02:10:39.623000,2026-05-03 18:17:20.368,1,1.0,True,TRACK LIMITS AT TURN 11 LAP 45 ,False,True,92.399,92.399
163,0 days 02:13:44.553000,ANT,12,0 days 00:01:32.531000,46.0,2.0,,,32.103,34.801,25.627,0 days 02:12:44.224000,0 days 02:13:19.025000,0 days 02:13:44.652000,211.0,185.0,279.0,314.0,False,HARD,20.0,True,Mercedes,0 days 02:12:12.022000,2026-05-03 18:18:52.767,1,1.0,False,,False,True,92.531,92.53099999999999
164,0 days 02:15:17.335000,ANT,12,0 days 00:01:32.782000,47.0,2.0,,,32.714,34.489,25.579,0 days 02:14:17.366000,0 days 02:14:51.855000,0 days 02:15:17.434000,211.0,186.0,276.0,313.0,False,HARD,21.0,True,Mercedes,0 days 02:13:44.553000,2026-05-03 18:20:25.298,1,1.0,False,,False,True,92.782,92.78200000000001
165,0 days 02:16:49.712000,ANT,12,0 days 00:01:32.377000,48.0,2.0,,,32.149,34.682,25.546,0 days 02:15:49.583000,0 days 02:16:24.265000,0 days 02:16:49.811000,214.0,185.0,278.0,314.0,False,HARD,22.0,True,Mercedes,0 days 02:15:17.335000,2026-05-03 18:21:58.080,12,1.0,False,,False,True,92.377,92.37700000000001
166,0 days 02:18:21.955000,ANT,12,0 days 00:01:32.243000,49.0,2.0,,,32.084,34.65,25.509,0 days 02:17:21.895000,0 days 02:17:56.545000,0 days 02:18:22.054000,212.0,185.0,276.0,317.0,False,HARD,23.0,True,Mercedes,0 days 02:16:49.712000,2026-05-03 18:23:30.457,1,1.0,False,,False,True,92.243,92.24300000000001
167,0 days 02:19:54.052000,ANT,12,0 days 00:01:32.097000,50.0,2.0,,,32.102,34.587,25.408,0 days 02:18:54.156000,0 days 02:19:28.743000,0 days 02:19:54.151000,213.0,186.0,281.0,320.0,False,HARD,24.0,True,Mercedes,0 days 02:18:21.955000,2026-05-03 18:25:02.700,1,1.0,False,,False,True,92.097,92.097
168,0 days 02:21:26.470000,ANT,12,0 days 00:01:32.418000,51.0,2.0,,,32.144,34.714,25.56,0 days 02:20:26.295000,0 days 02:21:01.009000,0 days 02:21:26.569000,213.0,186.0,281.0,321.0,False,HARD,25.0,True,Mercedes,0 days 02:19:54.052000,2026-05-03 18:26:34.797,1,1.0,False,,False,True,92.418,92.418
169,0 days 02:22:58.897000,ANT,12,0 days 00:01:32.427000,52.0,2.0,,,32.267,34.588,25.572,0 days 02:21:58.836000,0 days 02:22:33.424000,0 days 02:22:58.996000,210.0,186.0,274.0,314.0,False,HARD,26.0,True,Mercedes,0 days 02:21:26.470000,2026-05-03 18:28:07.215,1,1.0,False,,False,True,92.427,92.427
170,0 days 02:24:31.251000,ANT,12,0 days 00:01:32.354000,53.0,2.0,,,32.07,34.676,25.608,0 days 02:23:31.066000,0 days 02:24:05.742000,0 days 02:24:31.350000,212.0,185.0,273.0,316.0,False,HARD,27.0,True,Mercedes,0 days 02:22:58.897000,2026-05-03 18:29:39.642,1,1.0,False,,False,True,92.354,92.35400000000001
171,0 days 02:26:03.237000,ANT,12,0 days 00:01:31.986000,54.0,2.0,,,32.04,34.599,25.347,0 days 02:25:03.390000,0 days 02:25:37.989000,0 days 02:26:03.336000,213.0,186.0,281.0,321.0,False,HARD,28.0,True,Mercedes,0 days 02:24:31.251000,2026-05-03 18:31:11.996,1,1.0,False,,False,True,91.986,91.98599999999999
172,0 days 02:27:35.584000,ANT,12,0 days 00:01:32.347000,55.0,2.0,,,32.376,34.451,25.52,0 days 02:26:35.712000,0 days 02:27:10.163000,0 days 02:27:35.683000,211.0,186.0,276.0,315.0,False,HARD,29.0,True,Mercedes,0 days 02:26:03.237000,2026-05-03 18:32:43.982,1,1.0,False,,False,True,92.347,92.347
173,0 days 02:29:08.170000,ANT,12,0 days 00:01:32.586000,56.0,2.0,,,32.122,34.808,25.656,0 days 02:28:07.805000,0 days 02:28:42.613000,0 days 02:29:08.269000,213.0,186.0,279.0,316.0,False,HARD,30.0,True,Mercedes,0 days 02:27:35.584000,2026-05-03 18:34:16.329,1,1.0,False,,False,True,92.586,92.58600000000001
174,0 days 02:30:41.262000,ANT,12,0 days 00:01:33.092000,57.0,2.0,,,32.418,34.81,25.864,0 days 02:29:40.687000,0 days 02:30:15.497000,0 days 02:30:41.361000,214.0,186.0,269.0,322.0,False,HARD,31.0,True,Mercedes,0 days 02:29:08.170000,2026-05-03 18:35:48.915,12,1.0,False,,False,True,93.092,93.09200000000001
175,0 days 00:59:11.945000,ALO,14,0 days 00:01:49.952000,1.0,1.0,,,,38.503,27.007,,0 days 00:58:45.173000,0 days 00:59:11.974000,200.0,181.0,263.0,297.0,False,MEDIUM,1.0,True,Aston Martin,0 days 00:57:21.749000,2026-05-03 17:04:02.494,1,20.0,False,,False,False,109.952,
176,0 days 01:00:48.572000,ALO,14,0 days 00:01:36.627000,2.0,1.0,,,34.472,35.834,26.321,0 days 00:59:46.446000,0 days 01:00:22.280000,0 days 01:00:48.601000,204.0,180.0,271.0,304.0,True,MEDIUM,2.0,True,Aston Martin,0 days 00:59:11.945000,2026-05-03 17:05:52.690,1,20.0,False,,False,True,96.627,96.62700000000001
177,0 days 01:02:25.077000,ALO,14,0 days 00:01:36.505000,3.0,1.0,,,34.435,35.967,26.103,0 days 01:01:23.036000,0 days 01:01:59.003000,0 days 01:02:25.106000,203.0,181.0,273.0,299.0,True,MEDIUM,3.0,True,Aston Martin,0 days 01:00:48.572000,2026-05-03 17:07:29.317,1,20.0,False,,False,True,96.505,96.505
178,0 days 01:04:01.527000,ALO,14,0 days 00:01:36.450000,4.0,1.0,,,34.101,36.003,26.346,0 days 01:02:59.207000,0 days 01:03:35.210000,0 days 01:04:01.556000,204.0,181.0,275.0,302.0,True,MEDIUM,4.0,True,Aston Martin,0 days 01:02:25.077000,2026-05-03 17:09:05.822,1,20.0,False,,False,True,96.45,96.45
179,0 days 01:05:41.669000,ALO,14,0 days 00:01:40.142000,5.0,1.0,,,33.915,36.24,29.987,0 days 01:04:35.471000,0 days 01:05:11.711000,0 days 01:05:41.698000,205.0,180.0,102.0,278.0,False,MEDIUM,5.0,True,Aston Martin,0 days 01:04:01.527000,2026-05-03 17:10:42.272,124,17.0,False,,False,False,100.142,100.142
180,0 days 01:07:56.851000,ALO,14,0 days 00:02:15.182000,6.0,1.0,,,44.673,51.274,39.235,0 days 01:06:26.371000,0 days 01:07:17.645000,0 days 01:07:56.880000,186.0,150.0,221.0,84.0,False,MEDIUM,6.0,True,Aston Martin,0 days 01:05:41.669000,2026-05-03 17:12:22.414,4,17.0,False,,False,False,135.182,135.18200000000002
181,0 days 01:10:06.807000,ALO,14,0 days 00:02:09.956000,7.0,1.0,,,39.034,49.822,41.1,0 days 01:08:35.914000,0 days 01:09:25.736000,0 days 01:10:06.836000,171.0,136.0,214.0,105.0,False,MEDIUM,7.0,True,Aston Martin,0 days 01:07:56.851000,2026-05-03 17:14:37.596,4,17.0,False,,False,False,129.956,129.956
182,0 days 01:12:29.188000,ALO,14,0 days 00:02:22.381000,8.0,1.0,,,40.614,59.926,41.841,0 days 01:10:47.450000,0 days 01:11:47.376000,0 days 01:12:29.217000,155.0,50.0,220.0,108.0,False,MEDIUM,8.0,True,Aston Martin,0 days 01:10:06.807000,2026-05-03 17:16:47.552,4,17.0,False,,False,False,142.381,142.381
183,0 days 01:14:51.417000,ALO,14,0 days 00:02:22.229000,9.0,1.0,,,40.463,63.484,38.282,0 days 01:13:09.680000,0 days 01:14:13.164000,0 days 01:14:51.446000,136.0,107.0,215.0,209.0,False,MEDIUM,9.0,True,Aston Martin,0 days 01:12:29.188000,2026-05-03 17:19:09.933,4,17.0,False,,False,False,142.229,142.22899999999998
184,0 days 01:17:11.612000,ALO,14,0 days 00:02:20.195000,10.0,1.0,,,44.824,60.795,34.576,0 days 01:15:36.270000,0 days 01:16:37.065000,0 days 01:17:11.641000,92.0,69.0,215.0,240.0,False,MEDIUM,10.0,True,Aston Martin,0 days 01:14:51.417000,2026-05-03 17:21:32.162,4,17.0,False,,False,False,140.195,140.195
185,0 days 01:19:29.427000,ALO,14,0 days 00:02:17.815000,11.0,1.0,,,44.428,48.072,45.315,0 days 01:17:56.069000,0 days 01:18:44.141000,0 days 01:19:29.456000,137.0,160.0,278.0,40.0,False,MEDIUM,11.0,True,Aston Martin,0 days 01:17:11.612000,2026-05-03 17:23:52.357,41,17.0,False,,False,False,137.815,137.815
186,0 days 01:21:06.227000,ALO,14,0 days 00:01:36.800000,12.0,1.0,,,34.086,36.435,26.279,0 days 01:20:03.542000,0 days 01:20:39.977000,0 days 01:21:06.256000,206.0,180.0,282.0,289.0,False,MEDIUM,12.0,True,Aston Martin,0 days 01:19:29.427000,2026-05-03 17:26:10.172,1,17.0,False,,False,True,96.8,96.8
187,0 days 01:22:42.576000,ALO,14,0 days 00:01:36.349000,13.0,1.0,,,34.305,35.916,26.128,0 days 01:21:40.561000,0 days 01:22:16.477000,0 days 01:22:42.605000,203.0,180.0,275.0,303.0,True,MEDIUM,13.0,True,Aston Martin,0 days 01:21:06.227000,2026-05-03 17:27:46.972,1,17.0,False,,False,True,96.349,96.349
188,0 days 01:24:19.058000,ALO,14,0 days 00:01:36.482000,14.0,1.0,,,34.407,35.928,26.147,0 days 01:23:17.012000,0 days 01:23:52.940000,0 days 01:24:19.087000,208.0,179.0,263.0,311.0,False,MEDIUM,14.0,True,Aston Martin,0 days 01:22:42.576000,2026-05-03 17:29:23.321,1,17.0,False,,False,True,96.482,96.482
189,0 days 01:25:56.693000,ALO,14,0 days 00:01:37.635000,15.0,1.0,,,35.336,36.016,26.283,0 days 01:24:54.423000,0 days 01:25:30.439000,0 days 01:25:56.722000,203.0,180.0,268.0,311.0,False,MEDIUM,15.0,True,Aston Martin,0 days 01:24:19.058000,2026-05-03 17:30:59.803,12,17.0,False,,False,True,97.635,97.635
190,0 days 01:27:32.836000,ALO,14,0 days 00:01:36.143000,16.0,1.0,,,33.918,35.931,26.294,0 days 01:26:30.640000,0 days 01:27:06.571000,0 days 01:27:32.865000,197.0,180.0,271.0,304.0,True,MEDIUM,16.0,True,Aston Martin,0 days 01:25:56.693000,2026-05-03 17:32:37.438,1,17.0,False,,False,True,96.143,96.14299999999999
191,0 days 01:29:09.289000,ALO,14,0 days 00:01:36.453000,17.0,1.0,,,33.761,36.262,26.43,0 days 01:28:06.626000,0 days 01:28:42.888000,0 days 01:29:09.318000,201.0,180.0,271.0,297.0,False,MEDIUM,17.0,True,Aston Martin,0 days 01:27:32.836000,2026-05-03 17:34:13.581,1,17.0,False,,False,True,96.453,96.453
192,0 days 01:30:46.228000,ALO,14,0 days 00:01:36.939000,18.0,1.0,,,34.132,36.336,26.471,0 days 01:29:43.450000,0 days 01:30:19.786000,0 days 01:30:46.257000,194.0,179.0,270.0,304.0,False,MEDIUM,18.0,True,Aston Martin,0 days 01:29:09.289000,2026-05-03 17:35:50.034,1,17.0,False,,False,True,96.939,96.939
193,0 days 01:32:23.064000,ALO,14,0 days 00:01:36.836000,19.0,1.0,,,34.232,36.064,26.54,0 days 01:31:20.489000,0 days 01:31:56.553000,0 days 01:32:23.093000,204.0,181.0,272.0,303.0,False,MEDIUM,19.0,True,Aston Martin,0 days 01:30:46.228000,2026-05-03 17:37:26.973,1,17.0,False,,False,True,96.836,96.83599999999998
194,0 days 01:33:59.285000,ALO,14,0 days 00:01:36.221000,20.0,1.0,,,33.989,35.784,26.448,0 days 01:32:57.082000,0 days 01:33:32.866000,0 days 01:33:59.314000,203.0,181.0,270.0,299.0,False,MEDIUM,20.0,True,Aston Martin,0 days 01:32:23.064000,2026-05-03 17:39:03.809,1,16.0,False,,False,True,96.221,96.221
195,0 days 01:35:35.846000,ALO,14,0 days 00:01:36.561000,21.0,1.0,,,33.714,36.197,26.65,0 days 01:34:33.028000,0 days 01:35:09.225000,0 days 01:35:35.875000,203.0,181.0,272.0,292.0,False,MEDIUM,21.0,True,Aston Martin,0 days 01:33:59.285000,2026-05-03 17:40:40.030,1,16.0,False,,False,True,96.561,96.561
196,0 days 01:37:12.140000,ALO,14,0 days 00:01:36.294000,22.0,1.0,,,33.715,36.016,26.563,0 days 01:36:09.590000,0 days 01:36:45.606000,0 days 01:37:12.169000,198.0,181.0,269.0,295.0,False,MEDIUM,22.0,True,Aston Martin,0 days 01:35:35.846000,2026-05-03 17:42:16.591,1,16.0,False,,False,True,96.294,96.294
197,0 days 01:38:48.526000,ALO,14,0 days 00:01:36.386000,23.0,1.0,,,33.654,36.078,26.654,0 days 01:37:45.823000,0 days 01:38:21.901000,0 days 01:38:48.555000,201.0,182.0,266.0,294.0,False,MEDIUM,23.0,True,Aston Martin,0 days 01:37:12.140000,2026-05-03 17:43:52.885,1,16.0,True,TRACK LIMITS AT TURN 5 LAP 23 ,False,True,96.386,96.386
198,0 days 01:40:25.192000,ALO,14,0 days 00:01:36.666000,24.0,1.0,,,33.735,36.178,26.753,0 days 01:39:22.290000,0 days 01:39:58.468000,0 days 01:40:25.221000,201.0,181.0,271.0,293.0,False,MEDIUM,24.0,True,Aston Martin,0 days 01:38:48.526000,2026-05-03 17:45:29.271,1,16.0,False,,False,True,96.666,96.666
199,0 days 01:42:01.669000,ALO,14,0 days 00:01:36.477000,25.0,1.0,,,33.469,36.274,26.734,0 days 01:40:58.690000,0 days 01:41:34.964000,0 days 01:42:01.698000,202.0,182.0,269.0,293.0,False,MEDIUM,25.0,True,Aston Martin,0 days 01:40:25.192000,2026-05-03 17:47:05.937,1,16.0,False,,False,True,96.477,96.477
200,0 days 01:43:37.938000,ALO,14,0 days 00:01:36.269000,26.0,1.0,,,33.537,35.955,26.777,0 days 01:42:35.235000,0 days 01:43:11.190000,0 days 01:43:37.967000,203.0,182.0,271.0,292.0,False,MEDIUM,26.0,True,Aston Martin,0 days 01:42:01.669000,2026-05-03 17:48:42.414,1,16.0,False,,False,True,96.269,96.26899999999999
201,0 days 01:45:14.009000,ALO,14,0 days 00:01:36.071000,27.0,1.0,,,33.539,35.912,26.62,0 days 01:44:11.506000,0 days 01:44:47.418000,0 days 01:45:14.038000,203.0,183.0,273.0,295.0,True,MEDIUM,27.0,True,Aston Martin,0 days 01:43:37.938000,2026-05-03 17:50:18.683,1,16.0,False,,False,True,96.071,96.071
202,0 days 01:46:49.994000,ALO,14,0 days 00:01:35.985000,28.0,1.0,,,33.452,35.977,26.556,0 days 01:45:47.490000,0 days 01:46:23.467000,0 days 01:46:50.023000,203.0,183.0,270.0,296.0,True,MEDIUM,28.0,True,Aston Martin,0 days 01:45:14.009000,2026-05-03 17:51:54.754,1,16.0,False,,False,True,95.985,95.985
203,0 days 01:48:26.074000,ALO,14,0 days 00:01:36.080000,29.0,1.0,,,33.629,35.917,26.534,0 days 01:47:23.652000,0 days 01:47:59.569000,0 days 01:48:26.103000,202.0,182.0,271.0,297.0,False,MEDIUM,29.0,True,Aston Martin,0 days 01:46:49.994000,2026-05-03 17:53:30.739,1,14.0,True,TRACK LIMITS AT TURN 5 LAP 29 ,False,True,96.08,96.07999999999998
204,0 days 01:50:02.265000,ALO,14,0 days 00:01:36.191000,30.0,1.0,,,33.74,35.868,26.583,0 days 01:48:59.843000,0 days 01:49:35.711000,0 days 01:50:02.294000,198.0,183.0,270.0,292.0,False,MEDIUM,30.0,True,Aston Martin,0 days 01:48:26.074000,2026-05-03 17:55:06.819,1,14.0,False,,False,True,96.191,96.191
205,0 days 01:51:38.655000,ALO,14,0 days 00:01:36.390000,31.0,1.0,,,33.697,35.938,26.755,0 days 01:50:35.991000,0 days 01:51:11.929000,0 days 01:51:38.684000,201.0,182.0,266.0,289.0,False,MEDIUM,31.0,True,Aston Martin,0 days 01:50:02.265000,2026-05-03 17:56:43.010,1,14.0,False,,False,True,96.39,96.39
206,0 days 01:53:14.990000,ALO,14,0 days 00:01:36.335000,32.0,1.0,,,33.567,35.876,26.892,0 days 01:52:12.251000,0 days 01:52:48.127000,0 days 01:53:15.019000,201.0,182.0,271.0,288.0,False,MEDIUM,32.0,True,Aston Martin,0 days 01:51:38.655000,2026-05-03 17:58:19.400,1,14.0,False,,False,True,96.335,96.335
207,0 days 01:54:51.698000,ALO,14,0 days 00:01:36.708000,33.0,1.0,,,33.582,36.656,26.47,0 days 01:53:48.601000,0 days 01:54:25.257000,0 days 01:54:51.727000,200.0,181.0,275.0,307.0,False,MEDIUM,33.0,True,Aston Martin,0 days 01:53:14.990000,2026-05-03 17:59:55.735,1,15.0,False,,False,True,96.708,96.708
208,0 days 01:56:27.342000,ALO,14,0 days 00:01:35.644000,34.0,1.0,,,33.555,35.827,26.262,0 days 01:55:25.282000,0 days 01:56:01.109000,0 days 01:56:27.371000,203.0,182.0,272.0,307.0,True,MEDIUM,34.0,True,Aston Martin,0 days 01:54:51.698000,2026-05-03 18:01:32.443,1,15.0,False,,False,True,95.644,95.644
209,0 days 01:58:03.885000,ALO,14,0 days 00:01:36.543000,35.0,1.0,,,33.832,36.031,26.68,0 days 01:57:01.203000,0 days 01:57:37.234000,0 days 01:58:03.914000,204.0,180.0,272.0,289.0,False,MEDIUM,35.0,True,Aston Martin,0 days 01:56:27.342000,2026-05-03 18:03:08.087,1,15.0,False,,False,True,96.543,96.543
210,0 days 01:59:40.336000,ALO,14,0 days 00:01:36.451000,36.0,1.0,,,33.604,36.152,26.695,0 days 01:58:37.518000,0 days 01:59:13.670000,0 days 01:59:40.365000,200.0,182.0,270.0,293.0,False,MEDIUM,36.0,True,Aston Martin,0 days 01:58:03.885000,2026-05-03 18:04:44.630,1,15.0,False,,False,True,96.451,96.451
211,0 days 02:01:16.894000,ALO,14,0 days 00:01:36.558000,37.0,1.0,,,33.619,36.103,26.836,0 days 02:00:13.984000,0 days 02:00:50.087000,0 days 02:01:16.923000,203.0,182.0,265.0,287.0,False,MEDIUM,37.0,True,Aston Martin,0 days 01:59:40.336000,2026-05-03 18:06:21.081,1,15.0,False,,False,True,96.558,96.558
212,0 days 02:02:53.764000,ALO,14,0 days 00:01:36.870000,38.0,1.0,,,33.803,36.135,26.932,0 days 02:01:50.726000,0 days 02:02:26.861000,0 days 02:02:53.793000,205.0,183.0,270.0,289.0,False,MEDIUM,38.0,True,Aston Martin,0 days 02:01:16.894000,2026-05-03 18:07:57.639,1,15.0,False,,False,True,96.87,96.86999999999999
213,0 days 02:04:30.158000,ALO,14,0 days 00:01:36.394000,39.0,1.0,,,33.528,35.997,26.869,0 days 02:03:27.321000,0 days 02:04:03.318000,0 days 02:04:30.187000,204.0,182.0,266.0,289.0,False,MEDIUM,39.0,True,Aston Martin,0 days 02:02:53.764000,2026-05-03 18:09:34.509,1,15.0,False,,False,True,96.394,96.394
214,0 days 02:06:07.875000,ALO,14,0 days 00:01:37.717000,40.0,1.0,,,35.001,35.835,26.881,0 days 02:05:05.188000,0 days 02:05:41.023000,0 days 02:06:07.904000,201.0,180.0,259.0,293.0,False,MEDIUM,40.0,True,Aston Martin,0 days 02:04:30.158000,2026-05-03 18:11:10.903,1,15.0,False,,False,True,97.717,97.717
215,0 days 02:07:49.664000,ALO,14,0 days 00:01:41.789000,41.0,1.0,,0 days 02:07:44.258000,33.744,36.309,31.736,0 days 02:06:41.648000,0 days 02:07:17.957000,0 days 02:07:49.693000,202.0,181.0,,290.0,False,MEDIUM,41.0,True,Aston Martin,0 days 02:06:07.875000,2026-05-03 18:12:48.620,1,15.0,False,,False,False,101.789,101.789
216,0 days 02:09:39.011000,ALO,14,0 days 00:01:49.347000,42.0,2.0,0 days 02:08:07.560000,,47.823,35.177,26.347,0 days 02:08:37.516000,0 days 02:09:12.693000,0 days 02:09:39.040000,209.0,184.0,269.0,295.0,False,SOFT,1.0,True,Aston Martin,0 days 02:07:49.664000,2026-05-03 18:14:30.409,1,16.0,False,,False,False,109.347,109.34700000000001
217,0 days 02:11:14.561000,ALO,14,0 days 00:01:35.550000,43.0,2.0,,,33.03,35.525,26.995,0 days 02:10:12.070000,0 days 02:10:47.595000,0 days 02:11:14.590000,209.0,179.0,279.0,275.0,True,SOFT,2.0,True,Aston Martin,0 days 02:09:39.011000,2026-05-03 18:16:19.756,1,16.0,False,,False,True,95.55,95.55000000000001
218,0 days 02:12:48.073000,ALO,14,0 days 00:01:33.512000,44.0,2.0,,,32.733,35.079,25.7,0 days 02:11:47.323000,0 days 02:12:22.402000,0 days 02:12:48.102000,207.0,185.0,274.0,316.0,False,SOFT,3.0,True,Aston Martin,0 days 02:11:14.561000,2026-05-03 18:17:55.306,1,16.0,True,TRACK LIMITS AT TURN 5 LAP 44 ,False,True,93.512,93.512
219,0 days 02:14:22.667000,ALO,14,0 days 00:01:34.594000,45.0,2.0,,,33.059,35.618,25.917,0 days 02:13:21.161000,0 days 02:13:56.779000,0 days 02:14:22.696000,207.0,183.0,277.0,306.0,True,SOFT,4.0,True,Aston Martin,0 days 02:12:48.073000,2026-05-03 18:19:28.818,1,16.0,False,,False,True,94.594,94.594
220,0 days 02:15:59.056000,ALO,14,0 days 00:01:36.389000,46.0,2.0,,,33.197,36.452,26.74,0 days 02:14:55.893000,0 days 02:15:32.345000,0 days 02:15:59.085000,208.0,183.0,269.0,329.0,False,SOFT,5.0,True,Aston Martin,0 days 02:14:22.667000,2026-05-03 18:21:03.412,12,16.0,True,TRACK LIMITS AT TURN 17 LAP 46 ,False,True,96.389,96.389
221,0 days 02:17:35.247000,ALO,14,0 days 00:01:36.191000,47.0,2.0,,,33.84,36.147,26.204,0 days 02:16:32.925000,0 days 02:17:09.072000,0 days 02:17:35.276000,204.0,182.0,277.0,291.0,False,SOFT,6.0,True,Aston Martin,0 days 02:15:59.056000,2026-05-03 18:22:39.801,1,16.0,False,,False,True,96.191,96.191
222,0 days 02:19:12.012000,ALO,14,0 days 00:01:36.765000,48.0,2.0,,,34.601,36.054,26.11,0 days 02:18:09.877000,0 days 02:18:45.931000,0 days 02:19:12.041000,207.0,182.0,282.0,295.0,False,SOFT,7.0,True,Aston Martin,0 days 02:17:35.247000,2026-05-03 18:24:15.992,1,16.0,False,,False,True,96.765,96.765
223,0 days 02:20:49.689000,ALO,14,0 days 00:01:37.677000,49.0,2.0,,,34.196,36.34,27.141,0 days 02:19:46.237000,0 days 02:20:22.577000,0 days 02:20:49.718000,206.0,179.0,259.0,266.0,False,SOFT,8.0,True,Aston Martin,0 days 02:19:12.012000,2026-05-03 18:25:52.757,1,16.0,False,,False,True,97.677,97.67699999999999
224,0 days 02:22:25.805000,ALO,14,0 days 00:01:36.116000,50.0,2.0,,,34.269,35.73,26.117,0 days 02:21:23.987000,0 days 02:21:59.717000,0 days 02:22:25.834000,208.0,182.0,256.0,302.0,False,SOFT,9.0,True,Aston Martin,0 days 02:20:49.689000,2026-05-03 18:27:30.434,1,16.0,False,,False,True,96.116,96.116
225,0 days 02:24:00.964000,ALO,14,0 days 00:01:35.159000,51.0,2.0,,,33.589,35.796,25.774,0 days 02:22:59.423000,0 days 02:23:35.219000,0 days 02:24:00.993000,211.0,183.0,259.0,319.0,False,SOFT,10.0,True,Aston Martin,0 days 02:22:25.805000,2026-05-03 18:29:06.550,1,15.0,False,,False,True,95.159,95.15899999999999
226,0 days 02:25:36.055000,ALO,14,0 days 00:01:35.091000,52.0,2.0,,,33.052,35.804,26.235,0 days 02:24:34.045000,0 days 02:25:09.849000,0 days 02:25:36.084000,208.0,184.0,272.0,294.0,False,SOFT,11.0,True,Aston Martin,0 days 02:24:00.964000,2026-05-03 18:30:41.709,1,15.0,False,,False,True,95.091,95.091
227,0 days 02:27:11.070000,ALO,14,0 days 00:01:35.015000,53.0,2.0,,,32.89,35.866,26.259,0 days 02:26:08.974000,0 days 02:26:44.840000,0 days 02:27:11.099000,206.0,186.0,275.0,291.0,False,SOFT,12.0,True,Aston Martin,0 days 02:25:36.055000,2026-05-03 18:32:16.800,1,15.0,False,,False,True,95.015,95.015
228,0 days 02:28:46.040000,ALO,14,0 days 00:01:34.970000,54.0,2.0,,,32.731,36.012,26.227,0 days 02:27:43.830000,0 days 02:28:19.842000,0 days 02:28:46.069000,207.0,186.0,274.0,293.0,False,SOFT,13.0,True,Aston Martin,0 days 02:27:11.070000,2026-05-03 18:33:51.815,1,15.0,False,,False,True,94.97,94.97
229,0 days 02:30:20.984000,ALO,14,0 days 00:01:34.944000,55.0,2.0,,,32.754,35.922,26.268,0 days 02:29:18.823000,0 days 02:29:54.745000,0 days 02:30:21.013000,209.0,186.0,271.0,292.0,False,SOFT,14.0,True,Aston Martin,0 days 02:28:46.040000,2026-05-03 18:35:26.785,12,15.0,False,,False,True,94.944,94.94399999999999
230,0 days 02:31:56.230000,ALO,14,0 days 00:01:35.246000,56.0,2.0,,,32.89,35.877,26.479,0 days 02:30:53.903000,0 days 02:31:29.780000,0 days 02:31:56.259000,209.0,185.0,269.0,275.0,False,SOFT,15.0,True,Aston Martin,0 days 02:30:20.984000,2026-05-03 18:37:01.729,1,15.0,False,,False,True,95.246,95.246
231,0 days 00:58:58.087000,LEC,16,0 days 00:01:36.094000,1.0,1.0,,,,34.486,26.068,,0 days 00:58:32.364000,0 days 00:58:58.277000,211.0,188.0,268.0,287.0,False,MEDIUM,1.0,True,Ferrari,0 days 00:57:21.749000,2026-05-03 17:04:02.494,1,1.0,False,,False,False,96.094,
232,0 days 01:00:31.123000,LEC,16,0 days 00:01:33.036000,2.0,1.0,,,32.306,34.696,26.034,0 days 00:59:30.481000,0 days 01:00:05.177000,0 days 01:00:31.211000,212.0,187.0,265.0,298.0,True,MEDIUM,2.0,True,Ferrari,0 days 00:58:58.087000,2026-05-03 17:05:38.832,1,1.0,False,,False,True,93.036,93.036
233,0 days 01:02:04.480000,LEC,16,0 days 00:01:33.357000,3.0,1.0,,,32.59,34.697,26.07,0 days 01:01:03.801000,0 days 01:01:38.498000,0 days 01:02:04.568000,209.0,187.0,270.0,298.0,False,MEDIUM,3.0,True,Ferrari,0 days 01:00:31.123000,2026-05-03 17:07:11.868,1,1.0,False,,False,True,93.357,93.357
234,0 days 01:03:39.210000,LEC,16,0 days 00:01:34.730000,4.0,1.0,,,32.82,35.26,26.65,0 days 01:02:37.388000,0 days 01:03:12.648000,0 days 01:03:39.298000,210.0,185.0,275.0,293.0,False,MEDIUM,4.0,True,Ferrari,0 days 01:02:04.480000,2026-05-03 17:08:45.225,1,2.0,False,,False,True,94.73,94.72999999999999
235,0 days 01:05:12.907000,LEC,16,0 days 00:01:33.697000,5.0,1.0,,,33.187,34.271,26.239,0 days 01:04:12.485000,0 days 01:04:46.756000,0 days 01:05:12.995000,211.0,183.0,267.0,299.0,False,MEDIUM,5.0,True,Ferrari,0 days 01:03:39.210000,2026-05-03 17:10:19.955,12,1.0,False,,False,True,93.697,93.697
236,0 days 01:07:22.370000,LEC,16,0 days 00:02:09.463000,6.0,1.0,,,39.229,52.226,38.008,0 days 01:05:52.224000,0 days 01:06:44.450000,0 days 01:07:22.458000,93.0,140.0,270.0,117.0,False,MEDIUM,6.0,True,Ferrari,0 days 01:05:12.907000,2026-05-03 17:11:53.652,24,1.0,False,,False,False,129.463,129.463
237,0 days 01:09:40.384000,LEC,16,0 days 00:02:18.014000,7.0,1.0,,,41.184,55.067,41.763,0 days 01:08:03.642000,0 days 01:08:58.709000,0 days 01:09:40.472000,136.0,139.0,176.0,137.0,False,MEDIUM,7.0,True,Ferrari,0 days 01:07:22.370000,2026-05-03 17:14:03.115,4,1.0,False,,False,False,138.014,138.014
238,0 days 01:12:03.192000,LEC,16,0 days 00:02:22.808000,8.0,1.0,,,49.733,53.527,39.548,0 days 01:10:30.205000,0 days 01:11:23.732000,0 days 01:12:03.280000,142.0,144.0,175.0,147.0,False,MEDIUM,8.0,True,Ferrari,0 days 01:09:40.384000,2026-05-03 17:16:21.129,4,1.0,False,,False,False,142.808,142.808
239,0 days 01:14:30.676000,LEC,16,0 days 00:02:27.484000,9.0,1.0,,,47.881,55.025,44.578,0 days 01:12:51.161000,0 days 01:13:46.186000,0 days 01:14:30.764000,171.0,106.0,194.0,144.0,False,MEDIUM,9.0,True,Ferrari,0 days 01:12:03.192000,2026-05-03 17:18:43.937,4,1.0,False,,False,False,147.484,147.484
240,0 days 01:16:49.438000,LEC,16,0 days 00:02:18.762000,10.0,1.0,,,48.254,54.401,36.107,0 days 01:15:19.018000,0 days 01:16:13.419000,0 days 01:16:49.526000,162.0,116.0,218.0,162.0,False,MEDIUM,10.0,True,Ferrari,0 days 01:14:30.676000,2026-05-03 17:21:11.421,4,1.0,False,,False,False,138.762,138.762
241,0 days 01:19:21.300000,LEC,16,,11.0,1.0,,,48.092,48.067,55.734,0 days 01:17:37.754000,0 days 01:18:25.766000,0 days 01:19:21.474000,178.0,142.0,284.0,64.0,False,MEDIUM,11.0,True,Ferrari,0 days 01:16:49.438000,2026-05-03 17:23:30.183,41,1.0,False,,False,False,,151.893
242,0 days 01:20:54.178000,LEC,16,0 days 00:01:32.878000,12.0,1.0,,,32.29,34.628,25.96,0 days 01:19:53.678000,0 days 01:20:28.306000,0 days 01:20:54.266000,213.0,188.0,270.0,296.0,True,MEDIUM,12.0,True,Ferrari,0 days 01:19:21.300000,2026-05-03 17:26:02.045,1,1.0,False,,False,True,92.878,92.87800000000001
243,0 days 01:22:28.559000,LEC,16,0 days 00:01:34.381000,13.0,1.0,,,32.533,35.784,26.064,0 days 01:21:26.799000,0 days 01:22:02.583000,0 days 01:22:28.647000,212.0,185.0,282.0,302.0,False,MEDIUM,13.0,True,Ferrari,0 days 01:20:54.178000,2026-05-03 17:27:34.923,1,3.0,False,,False,True,94.381,94.381
244,0 days 01:24:02.303000,LEC,16,0 days 00:01:33.744000,14.0,1.0,,,32.501,35.49,25.753,0 days 01:23:01.148000,0 days 01:23:36.638000,0 days 01:24:02.391000,210.0,185.0,276.0,315.0,False,MEDIUM,14.0,True,Ferrari,0 days 01:22:28.559000,2026-05-03 17:29:09.304,1,3.0,False,,False,True,93.744,93.744
245,0 days 01:25:35.863000,LEC,16,0 days 00:01:33.560000,15.0,1.0,,,32.977,34.789,25.794,0 days 01:24:35.368000,0 days 01:25:10.157000,0 days 01:25:35.951000,206.0,183.0,250.0,312.0,False,MEDIUM,15.0,True,Ferrari,0 days 01:24:02.303000,2026-05-03 17:30:43.048,1,3.0,False,,False,True,93.56,93.55999999999999
246,0 days 01:27:09.399000,LEC,16,0 days 00:01:33.536000,16.0,1.0,,,33.073,34.727,25.736,0 days 01:26:09.024000,0 days 01:26:43.751000,0 days 01:27:09.487000,212.0,184.0,277.0,311.0,False,MEDIUM,16.0,True,Ferrari,0 days 01:25:35.863000,2026-05-03 17:32:16.608,12,3.0,False,,False,True,93.536,93.536
247,0 days 01:28:44.856000,LEC,16,0 days 00:01:35.457000,17.0,1.0,,,34.048,35.517,25.892,0 days 01:27:43.535000,0 days 01:28:19.052000,0 days 01:28:44.944000,169.0,184.0,274.0,309.0,False,MEDIUM,17.0,True,Ferrari,0 days 01:27:09.399000,2026-05-03 17:33:50.144,1,3.0,False,,False,True,95.457,95.457
248,0 days 01:30:18.548000,LEC,16,0 days 00:01:33.692000,18.0,1.0,,,32.874,34.835,25.983,0 days 01:29:17.818000,0 days 01:29:52.653000,0 days 01:30:18.636000,211.0,185.0,275.0,306.0,False,MEDIUM,18.0,True,Ferrari,0 days 01:28:44.856000,2026-05-03 17:35:25.601,1,3.0,False,,False,True,93.692,93.69200000000001
249,0 days 01:31:52.087000,LEC,16,0 days 00:01:33.539000,19.0,1.0,,,32.757,34.899,25.883,0 days 01:30:51.393000,0 days 01:31:26.292000,0 days 01:31:52.175000,210.0,185.0,275.0,306.0,False,MEDIUM,19.0,True,Ferrari,0 days 01:30:18.548000,2026-05-03 17:36:59.293,1,3.0,False,,False,True,93.539,93.539
250,0 days 01:33:25.776000,LEC,16,0 days 00:01:33.689000,20.0,1.0,,,32.831,34.98,25.878,0 days 01:32:25.006000,0 days 01:32:59.986000,0 days 01:33:25.864000,210.0,185.0,278.0,305.0,False,MEDIUM,20.0,True,Ferrari,0 days 01:31:52.087000,2026-05-03 17:38:32.832,1,3.0,False,,False,True,93.689,93.68900000000001
251,0 days 01:35:04.280000,LEC,16,0 days 00:01:38.504000,21.0,1.0,,0 days 01:34:58.981000,32.83,34.697,30.977,0 days 01:33:58.694000,0 days 01:34:33.391000,0 days 01:35:04.368000,209.0,186.0,,303.0,False,MEDIUM,21.0,True,Ferrari,0 days 01:33:25.776000,2026-05-03 17:40:06.521,1,5.0,False,,False,False,98.504,98.504
252,0 days 01:36:53.255000,LEC,16,0 days 00:01:48.975000,22.0,2.0,0 days 01:35:22.343000,,48.356,35.418,25.201,0 days 01:35:52.724000,0 days 01:36:28.142000,0 days 01:36:53.343000,214.0,186.0,288.0,312.0,False,HARD,1.0,True,Ferrari,0 days 01:35:04.280000,2026-05-03 17:41:45.025,1,11.0,False,,False,False,108.975,108.975
253,0 days 01:38:27.141000,LEC,16,0 days 00:01:33.886000,23.0,2.0,,,32.676,34.841,26.369,0 days 01:37:26.019000,0 days 01:38:00.860000,0 days 01:38:27.229000,206.0,185.0,275.0,320.0,False,HARD,2.0,True,Ferrari,0 days 01:36:53.255000,2026-05-03 17:43:34.000,1,10.0,False,,False,True,93.886,93.886
254,0 days 01:40:00.729000,LEC,16,0 days 00:01:33.588000,24.0,2.0,,,32.758,35.473,25.357,0 days 01:38:59.987000,0 days 01:39:35.460000,0 days 01:40:00.817000,207.0,186.0,285.0,319.0,False,HARD,3.0,True,Ferrari,0 days 01:38:27.141000,2026-05-03 17:45:07.886,1,9.0,False,,False,True,93.588,93.588
255,0 days 01:41:33.715000,LEC,16,0 days 00:01:32.986000,25.0,2.0,,,32.642,34.901,25.443,0 days 01:40:33.459000,0 days 01:41:08.360000,0 days 01:41:33.803000,212.0,185.0,289.0,316.0,False,HARD,4.0,True,Ferrari,0 days 01:40:00.729000,2026-05-03 17:46:41.474,1,9.0,False,,False,True,92.986,92.986
256,0 days 01:43:07.620000,LEC,16,0 days 00:01:33.905000,26.0,2.0,,,32.807,35.61,25.488,0 days 01:42:06.610000,0 days 01:42:42.220000,0 days 01:43:07.708000,211.0,185.0,275.0,310.0,False,HARD,5.0,True,Ferrari,0 days 01:41:33.715000,2026-05-03 17:48:14.460,1,8.0,False,,False,True,93.905,93.905
257,0 days 01:44:40.542000,LEC,16,0 days 00:01:32.922000,27.0,2.0,,,32.69,34.645,25.587,0 days 01:43:40.398000,0 days 01:44:15.043000,0 days 01:44:40.630000,208.0,184.0,280.0,312.0,False,HARD,6.0,True,Ferrari,0 days 01:43:07.620000,2026-05-03 17:49:48.365,1,8.0,False,,False,True,92.922,92.92200000000001
258,0 days 01:46:13.194000,LEC,16,0 days 00:01:32.652000,28.0,2.0,,,32.567,34.436,25.649,0 days 01:45:13.197000,0 days 01:45:47.633000,0 days 01:46:13.282000,211.0,183.0,276.0,319.0,True,HARD,7.0,True,Ferrari,0 days 01:44:40.542000,2026-05-03 17:51:21.287,1,7.0,False,,False,True,92.652,92.652
259,0 days 01:47:45.980000,LEC,16,0 days 00:01:32.786000,29.0,2.0,,,32.732,34.512,25.542,0 days 01:46:46.014000,0 days 01:47:20.526000,0 days 01:47:46.068000,210.0,184.0,289.0,316.0,False,HARD,8.0,True,Ferrari,0 days 01:46:13.194000,2026-05-03 17:52:53.939,1,6.0,False,,False,True,92.786,92.786
260,0 days 01:49:19.396000,LEC,16,0 days 00:01:33.416000,30.0,2.0,,,33.182,34.743,25.491,0 days 01:48:19.250000,0 days 01:48:53.993000,0 days 01:49:19.484000,212.0,185.0,289.0,322.0,False,HARD,9.0,True,Ferrari,0 days 01:47:45.980000,2026-05-03 17:54:26.725,1,6.0,False,,False,True,93.416,93.41600000000001
261,0 days 01:50:52.341000,LEC,16,0 days 00:01:32.945000,31.0,2.0,,,32.711,34.453,25.781,0 days 01:49:52.195000,0 days 01:50:26.648000,0 days 01:50:52.429000,213.0,185.0,273.0,311.0,False,HARD,10.0,True,Ferrari,0 days 01:49:19.396000,2026-05-03 17:56:00.141,1,4.0,False,,False,True,92.945,92.945
262,0 days 01:52:25.336000,LEC,16,0 days 00:01:32.995000,32.0,2.0,,,32.55,34.623,25.822,0 days 01:51:24.979000,0 days 01:51:59.602000,0 days 01:52:25.424000,211.0,184.0,278.0,305.0,False,HARD,11.0,True,Ferrari,0 days 01:50:52.341000,2026-05-03 17:57:33.086,1,4.0,False,,False,True,92.995,92.995
263,0 days 01:53:58.411000,LEC,16,0 days 00:01:33.075000,33.0,2.0,,,32.527,34.697,25.851,0 days 01:52:57.951000,0 days 01:53:32.648000,0 days 01:53:58.499000,210.0,184.0,277.0,304.0,False,HARD,12.0,True,Ferrari,0 days 01:52:25.336000,2026-05-03 17:59:06.081,1,4.0,False,,False,True,93.075,93.075
264,0 days 01:55:31.382000,LEC,16,0 days 00:01:32.971000,34.0,2.0,,,32.48,34.729,25.762,0 days 01:54:30.979000,0 days 01:55:05.708000,0 days 01:55:31.470000,212.0,182.0,279.0,305.0,False,HARD,13.0,True,Ferrari,0 days 01:53:58.411000,2026-05-03 18:00:39.156,1,4.0,False,,False,True,92.971,92.971
265,0 days 01:57:04.375000,LEC,16,0 days 00:01:32.993000,35.0,2.0,,,32.362,34.904,25.727,0 days 01:56:03.832000,0 days 01:56:38.736000,0 days 01:57:04.463000,207.0,184.0,280.0,306.0,False,HARD,14.0,True,Ferrari,0 days 01:55:31.382000,2026-05-03 18:02:12.127,1,4.0,False,,False,True,92.993,92.99300000000001
266,0 days 01:58:37.254000,LEC,16,0 days 00:01:32.879000,36.0,2.0,,,32.476,34.717,25.686,0 days 01:57:36.939000,0 days 01:58:11.656000,0 days 01:58:37.342000,212.0,183.0,281.0,307.0,False,HARD,15.0,True,Ferrari,0 days 01:57:04.375000,2026-05-03 18:03:45.120,1,4.0,False,,False,True,92.879,92.87899999999999
267,0 days 02:00:10.409000,LEC,16,0 days 00:01:33.155000,37.0,2.0,,,32.388,35.012,25.755,0 days 01:59:09.730000,0 days 01:59:44.742000,0 days 02:00:10.497000,209.0,182.0,280.0,305.0,False,HARD,16.0,True,Ferrari,0 days 01:58:37.254000,2026-05-03 18:05:17.999,1,4.0,False,,False,True,93.155,93.155
268,0 days 02:01:43.402000,LEC,16,0 days 00:01:32.993000,38.0,2.0,,,32.393,34.915,25.685,0 days 02:00:42.890000,0 days 02:01:17.805000,0 days 02:01:43.490000,213.0,185.0,280.0,304.0,False,HARD,17.0,True,Ferrari,0 days 02:00:10.409000,2026-05-03 18:06:51.154,1,4.0,False,,False,True,92.993,92.993
269,0 days 02:03:16.157000,LEC,16,0 days 00:01:32.755000,39.0,2.0,,,32.401,34.698,25.656,0 days 02:02:15.891000,0 days 02:02:50.589000,0 days 02:03:16.245000,213.0,186.0,281.0,307.0,False,HARD,18.0,True,Ferrari,0 days 02:01:43.402000,2026-05-03 18:08:24.147,1,4.0,False,,False,True,92.755,92.755
270,0 days 02:04:48.924000,LEC,16,0 days 00:01:32.767000,40.0,2.0,,,32.366,34.653,25.748,0 days 02:03:48.611000,0 days 02:04:23.264000,0 days 02:04:49.012000,210.0,184.0,280.0,307.0,False,HARD,19.0,True,Ferrari,0 days 02:03:16.157000,2026-05-03 18:09:56.902,1,4.0,False,,False,True,92.767,92.76700000000001
271,0 days 02:06:21.610000,LEC,16,0 days 00:01:32.686000,41.0,2.0,,,32.341,34.73,25.615,0 days 02:05:21.353000,0 days 02:05:56.083000,0 days 02:06:21.698000,213.0,184.0,281.0,307.0,False,HARD,20.0,True,Ferrari,0 days 02:04:48.924000,2026-05-03 18:11:29.669,1,4.0,False,,False,True,92.686,92.68599999999999
272,0 days 02:07:54.652000,LEC,16,0 days 00:01:33.042000,42.0,2.0,,,32.45,34.911,25.681,0 days 02:06:54.148000,0 days 02:07:29.059000,0 days 02:07:54.740000,212.0,186.0,283.0,306.0,False,HARD,21.0,True,Ferrari,0 days 02:06:21.610000,2026-05-03 18:13:02.355,1,4.0,False,,False,True,93.042,93.042
273,0 days 02:09:27.264000,LEC,16,0 days 00:01:32.612000,43.0,2.0,,,32.264,34.738,25.61,0 days 02:08:27.004000,0 days 02:09:01.742000,0 days 02:09:27.352000,213.0,184.0,284.0,310.0,True,HARD,22.0,True,Ferrari,0 days 02:07:54.652000,2026-05-03 18:14:35.397,1,4.0,False,,False,True,92.612,92.61200000000001
274,0 days 02:10:59.779000,LEC,16,0 days 00:01:32.515000,44.0,2.0,,,32.323,34.622,25.57,0 days 02:09:59.675000,0 days 02:10:34.297000,0 days 02:10:59.867000,213.0,182.0,283.0,311.0,True,HARD,23.0,True,Ferrari,0 days 02:09:27.264000,2026-05-03 18:16:08.009,1,4.0,False,,False,True,92.515,92.51499999999999
275,0 days 02:12:32.653000,LEC,16,0 days 00:01:32.874000,45.0,2.0,,,32.502,34.867,25.505,0 days 02:11:32.369000,0 days 02:12:07.236000,0 days 02:12:32.741000,212.0,184.0,280.0,315.0,False,HARD,24.0,True,Ferrari,0 days 02:10:59.779000,2026-05-03 18:17:40.524,1,4.0,False,,False,True,92.874,92.874
276,0 days 02:14:06.121000,LEC,16,0 days 00:01:33.468000,46.0,2.0,,,32.72,34.919,25.829,0 days 02:13:05.461000,0 days 02:13:40.380000,0 days 02:14:06.209000,209.0,181.0,291.0,309.0,False,HARD,25.0,True,Ferrari,0 days 02:12:32.653000,2026-05-03 18:19:13.398,1,4.0,False,,False,True,93.468,93.46799999999999
277,0 days 02:15:39.799000,LEC,16,0 days 00:01:33.678000,47.0,2.0,,,33.285,34.361,26.032,0 days 02:14:39.494000,0 days 02:15:13.855000,0 days 02:15:39.887000,212.0,185.0,288.0,300.0,False,HARD,26.0,True,Ferrari,0 days 02:14:06.121000,2026-05-03 18:20:46.866,1,3.0,False,,False,True,93.678,93.67799999999998
278,0 days 02:17:12.691000,LEC,16,0 days 00:01:32.892000,48.0,2.0,,,32.22,34.846,25.826,0 days 02:16:12.107000,0 days 02:16:46.953000,0 days 02:17:12.779000,213.0,183.0,274.0,304.0,False,HARD,27.0,True,Ferrari,0 days 02:15:39.799000,2026-05-03 18:22:20.544,12,3.0,False,,False,True,92.892,92.892
279,0 days 02:18:45.425000,LEC,16,0 days 00:01:32.734000,49.0,2.0,,,32.36,34.61,25.764,0 days 02:17:45.139000,0 days 02:18:19.749000,0 days 02:18:45.513000,212.0,185.0,281.0,306.0,False,HARD,28.0,True,Ferrari,0 days 02:17:12.691000,2026-05-03 18:23:53.436,1,3.0,False,,False,True,92.734,92.734
280,0 days 02:20:17.991000,LEC,16,0 days 00:01:32.566000,50.0,2.0,,,32.222,34.621,25.723,0 days 02:19:17.735000,0 days 02:19:52.356000,0 days 02:20:18.079000,213.0,185.0,283.0,311.0,False,HARD,29.0,True,Ferrari,0 days 02:18:45.425000,2026-05-03 18:25:26.170,1,3.0,False,,False,True,92.566,92.566
281,0 days 02:21:50.569000,LEC,16,0 days 00:01:32.578000,51.0,2.0,,,32.062,34.705,25.811,0 days 02:20:50.141000,0 days 02:21:24.846000,0 days 02:21:50.657000,212.0,186.0,281.0,307.0,False,HARD,30.0,True,Ferrari,0 days 02:20:17.991000,2026-05-03 18:26:58.736,1,3.0,False,,False,True,92.578,92.578
282,0 days 02:23:23.148000,LEC,16,0 days 00:01:32.579000,52.0,2.0,,,32.144,34.812,25.623,0 days 02:22:22.801000,0 days 02:22:57.613000,0 days 02:23:23.236000,212.0,186.0,284.0,309.0,False,HARD,31.0,True,Ferrari,0 days 02:21:50.569000,2026-05-03 18:28:31.314,1,3.0,False,,False,True,92.579,92.579
283,0 days 02:24:55.827000,LEC,16,0 days 00:01:32.679000,53.0,2.0,,,32.17,34.722,25.787,0 days 02:23:55.406000,0 days 02:24:30.128000,0 days 02:24:55.915000,213.0,185.0,285.0,313.0,False,HARD,32.0,True,Ferrari,0 days 02:23:23.148000,2026-05-03 18:30:03.893,1,3.0,False,,False,True,92.679,92.679
284,0 days 02:26:28.494000,LEC,16,0 days 00:01:32.667000,54.0,2.0,,,32.188,34.697,25.782,0 days 02:25:28.103000,0 days 02:26:02.800000,0 days 02:26:28.582000,212.0,186.0,281.0,306.0,False,HARD,33.0,True,Ferrari,0 days 02:24:55.827000,2026-05-03 18:31:36.572,1,3.0,False,,False,True,92.667,92.667
285,0 days 02:28:01.435000,LEC,16,0 days 00:01:32.941000,55.0,2.0,,,32.136,35.017,25.788,0 days 02:27:00.718000,0 days 02:27:35.735000,0 days 02:28:01.523000,214.0,186.0,280.0,305.0,False,HARD,34.0,True,Ferrari,0 days 02:26:28.494000,2026-05-03 18:33:09.239,1,3.0,False,,False,True,92.941,92.941
286,0 days 02:29:35.646000,LEC,16,0 days 00:01:34.211000,56.0,2.0,,,32.217,35.405,26.589,0 days 02:28:33.740000,0 days 02:29:09.145000,0 days 02:29:35.734000,215.0,186.0,277.0,293.0,False,HARD,35.0,True,Ferrari,0 days 02:28:01.435000,2026-05-03 18:34:42.180,1,4.0,False,,False,True,94.211,94.211
287,0 days 02:31:25.480000,LEC,16,0 days 00:01:49.834000,57.0,2.0,,,41.346,40.868,27.62,0 days 02:30:17.080000,0 days 02:30:57.948000,0 days 02:31:25.568000,206.0,180.0,214.0,277.0,False,HARD,36.0,True,Ferrari,0 days 02:29:35.646000,2026-05-03 18:36:16.391,12,6.0,True,TRACK LIMITS AT TURN 7 LAP 57 ,False,True,109.834,109.834
288,0 days 00:59:09.624000,STR,18,0 days 00:01:47.631000,1.0,1.0,,,,38.092,26.585,,0 days 00:58:43.300000,0 days 00:59:09.859000,204.0,183.0,266.0,297.0,False,MEDIUM,1.0,True,Aston Martin,0 days 00:57:21.749000,2026-05-03 17:04:02.494,1,16.0,False,,False,False,107.631,
289,0 days 01:00:46.193000,STR,18,0 days 00:01:36.569000,2.0,1.0,,,34.568,36.011,25.99,0 days 00:59:44.289000,0 days 01:00:20.300000,0 days 01:00:46.290000,207.0,182.0,267.0,315.0,True,MEDIUM,2.0,True,Aston Martin,0 days 00:59:09.624000,2026-05-03 17:05:50.369,1,16.0,False,,False,True,96.569,96.569
290,0 days 01:02:23.212000,STR,18,0 days 00:01:37.019000,3.0,1.0,,,34.324,36.037,26.658,0 days 01:01:20.614000,0 days 01:01:56.651000,0 days 01:02:23.309000,205.0,182.0,271.0,291.0,False,MEDIUM,3.0,True,Aston Martin,0 days 01:00:46.193000,2026-05-03 17:07:26.938,1,17.0,False,,False,True,97.019,97.01899999999999
291,0 days 01:03:59.630000,STR,18,0 days 00:01:36.418000,4.0,1.0,,,34.128,35.764,26.526,0 days 01:02:57.437000,0 days 01:03:33.201000,0 days 01:03:59.727000,206.0,183.0,266.0,303.0,True,MEDIUM,4.0,True,Aston Martin,0 days 01:02:23.212000,2026-05-03 17:09:03.957,1,17.0,False,,False,True,96.418,96.41799999999999
292,0 days 01:05:38.824000,STR,18,0 days 00:01:39.194000,5.0,1.0,,,33.807,37.093,28.294,0 days 01:04:33.534000,0 days 01:05:10.627000,0 days 01:05:38.921000,205.0,181.0,178.0,278.0,False,MEDIUM,5.0,True,Aston Martin,0 days 01:03:59.630000,2026-05-03 17:10:40.375,124,16.0,False,,False,False,99.194,99.194
293,0 days 01:07:55.546000,STR,18,0 days 00:02:16.722000,6.0,1.0,,,45.722,51.938,39.062,0 days 01:06:24.643000,0 days 01:07:16.581000,0 days 01:07:55.643000,196.0,151.0,256.0,82.0,False,MEDIUM,6.0,True,Aston Martin,0 days 01:05:38.824000,2026-05-03 17:12:19.569,4,16.0,False,,False,False,136.722,136.72199999999998
294,0 days 01:10:04.051000,STR,18,0 days 00:02:08.505000,7.0,1.0,,,38.383,48.857,41.265,0 days 01:08:34.026000,0 days 01:09:22.883000,0 days 01:10:04.148000,170.0,113.0,218.0,98.0,False,MEDIUM,7.0,True,Aston Martin,0 days 01:07:55.546000,2026-05-03 17:14:36.291,4,15.0,False,,False,False,128.505,128.505
295,0 days 01:12:25.509000,STR,18,0 days 00:02:21.458000,8.0,1.0,,,41.308,59.376,40.774,0 days 01:10:45.456000,0 days 01:11:44.832000,0 days 01:12:25.606000,117.0,55.0,212.0,102.0,False,MEDIUM,8.0,True,Aston Martin,0 days 01:10:04.051000,2026-05-03 17:16:44.796,4,15.0,False,,False,False,141.458,141.458
296,0 days 01:14:48.156000,STR,18,0 days 00:02:22.647000,9.0,1.0,,,42.959,60.632,39.056,0 days 01:13:08.565000,0 days 01:14:09.197000,0 days 01:14:48.253000,109.0,79.0,214.0,172.0,False,MEDIUM,9.0,True,Aston Martin,0 days 01:12:25.509000,2026-05-03 17:19:06.254,4,15.0,False,,False,False,142.647,142.647
297,0 days 01:17:07.332000,STR,18,0 days 00:02:19.176000,10.0,1.0,,,45.681,59.716,33.779,0 days 01:15:33.934000,0 days 01:16:33.650000,0 days 01:17:07.429000,106.0,92.0,256.0,147.0,False,MEDIUM,10.0,True,Aston Martin,0 days 01:14:48.156000,2026-05-03 17:21:28.901,4,15.0,False,,False,False,139.176,139.176
298,0 days 01:19:28.502000,STR,18,0 days 00:02:21.170000,11.0,1.0,,,46.719,46.079,48.372,0 days 01:17:54.148000,0 days 01:18:40.227000,0 days 01:19:28.599000,142.0,164.0,279.0,38.0,False,MEDIUM,11.0,True,Aston Martin,0 days 01:17:07.332000,2026-05-03 17:23:48.077,41,15.0,False,,False,False,141.17,141.17000000000002
299,0 days 01:21:05.944000,STR,18,0 days 00:01:37.442000,12.0,1.0,,,34.243,36.78,26.419,0 days 01:20:02.842000,0 days 01:20:39.622000,0 days 01:21:06.041000,206.0,183.0,267.0,306.0,False,MEDIUM,12.0,True,Aston Martin,0 days 01:19:28.502000,2026-05-03 17:26:09.247,1,16.0,False,,False,True,97.442,97.442
300,0 days 01:22:42.029000,STR,18,0 days 00:01:36.085000,13.0,1.0,,,34.162,35.757,26.166,0 days 01:21:40.203000,0 days 01:22:15.960000,0 days 01:22:42.126000,205.0,181.0,263.0,308.0,True,MEDIUM,13.0,True,Aston Martin,0 days 01:21:05.944000,2026-05-03 17:27:46.689,1,16.0,False,,False,True,96.085,96.085
301,0 days 01:24:18.611000,STR,18,0 days 00:01:36.582000,14.0,1.0,,,34.558,35.87,26.154,0 days 01:23:16.684000,0 days 01:23:52.554000,0 days 01:24:18.708000,204.0,180.0,268.0,311.0,False,MEDIUM,14.0,True,Aston Martin,0 days 01:22:42.029000,2026-05-03 17:29:22.774,1,16.0,False,,False,True,96.582,96.582
302,0 days 01:25:59.564000,STR,18,0 days 00:01:40.953000,15.0,1.0,,,34.239,36.064,30.65,0 days 01:24:52.947000,0 days 01:25:29.011000,0 days 01:25:59.661000,204.0,181.0,264.0,306.0,False,MEDIUM,15.0,True,Aston Martin,0 days 01:24:18.611000,2026-05-03 17:30:59.356,12,18.0,True,TRACK LIMITS AT TURN 17 LAP 15 ,False,True,100.953,100.953
303,0 days 01:27:36.538000,STR,18,0 days 00:01:36.974000,16.0,1.0,,,34.067,36.17,26.737,0 days 01:26:33.728000,0 days 01:27:09.898000,0 days 01:27:36.635000,206.0,181.0,271.0,294.0,False,MEDIUM,16.0,True,Aston Martin,0 days 01:25:59.564000,2026-05-03 17:32:40.309,1,18.0,False,,False,True,96.974,96.97399999999999
304,0 days 01:29:12.909000,STR,18,0 days 00:01:36.371000,17.0,1.0,,,33.661,36.11,26.6,0 days 01:28:10.296000,0 days 01:28:46.406000,0 days 01:29:13.006000,205.0,182.0,268.0,296.0,False,MEDIUM,17.0,True,Aston Martin,0 days 01:27:36.538000,2026-05-03 17:34:17.283,1,18.0,True,TRACK LIMITS AT TURN 5 LAP 17 ,False,True,96.371,96.37100000000001
305,0 days 01:30:49.448000,STR,18,0 days 00:01:36.539000,18.0,1.0,,,33.809,36.077,26.653,0 days 01:29:46.815000,0 days 01:30:22.892000,0 days 01:30:49.545000,207.0,183.0,269.0,296.0,False,MEDIUM,18.0,True,Aston Martin,0 days 01:29:12.909000,2026-05-03 17:35:53.654,1,18.0,False,,False,True,96.539,96.53899999999999
306,0 days 01:32:26.470000,STR,18,0 days 00:01:37.022000,19.0,1.0,,,33.863,36.318,26.841,0 days 01:31:23.408000,0 days 01:31:59.726000,0 days 01:32:26.567000,205.0,182.0,266.0,294.0,False,MEDIUM,19.0,True,Aston Martin,0 days 01:30:49.448000,2026-05-03 17:37:30.193,1,18.0,False,,False,True,97.022,97.02199999999999
307,0 days 01:34:03.321000,STR,18,0 days 00:01:36.851000,20.0,1.0,,,33.896,36.208,26.747,0 days 01:33:00.463000,0 days 01:33:36.671000,0 days 01:34:03.418000,205.0,182.0,267.0,295.0,False,MEDIUM,20.0,True,Aston Martin,0 days 01:32:26.470000,2026-05-03 17:39:07.215,1,18.0,False,,False,True,96.851,96.851
308,0 days 01:35:44.764000,STR,18,0 days 00:01:41.443000,21.0,1.0,,0 days 01:35:39.713000,33.888,36.193,31.362,0 days 01:34:37.306000,0 days 01:35:13.499000,0 days 01:35:44.861000,204.0,182.0,,301.0,False,MEDIUM,21.0,True,Aston Martin,0 days 01:34:03.321000,2026-05-03 17:40:44.066,1,18.0,False,,False,False,101.443,101.44299999999998
309,0 days 01:37:35.293000,STR,18,0 days 00:01:50.529000,22.0,2.0,0 days 01:36:02.375000,,48.548,35.778,26.203,0 days 01:36:33.409000,0 days 01:37:09.187000,0 days 01:37:35.390000,208.0,186.0,270.0,296.0,False,SOFT,4.0,False,Aston Martin,0 days 01:35:44.764000,2026-05-03 17:42:25.509,1,18.0,False,,False,False,110.529,110.529
310,0 days 01:39:10.683000,STR,18,0 days 00:01:35.390000,23.0,2.0,,,33.294,36.086,26.01,0 days 01:38:08.684000,0 days 01:38:44.770000,0 days 01:39:10.780000,207.0,186.0,263.0,313.0,True,SOFT,5.0,False,Aston Martin,0 days 01:37:35.293000,2026-05-03 17:44:16.038,1,17.0,False,,False,True,95.39,95.39
311,0 days 01:40:47.824000,STR,18,0 days 00:01:37.141000,24.0,2.0,,,33.858,36.545,26.738,0 days 01:39:44.638000,0 days 01:40:21.183000,0 days 01:40:47.921000,207.0,185.0,269.0,288.0,False,SOFT,6.0,False,Aston Martin,0 days 01:39:10.683000,2026-05-03 17:45:51.428,1,17.0,False,,False,True,97.141,97.14099999999999
312,0 days 01:42:23.745000,STR,18,0 days 00:01:35.921000,25.0,2.0,,,33.309,36.026,26.586,0 days 01:41:21.230000,0 days 01:41:57.256000,0 days 01:42:23.842000,206.0,184.0,263.0,289.0,False,SOFT,7.0,False,Aston Martin,0 days 01:40:47.824000,2026-05-03 17:47:28.569,1,17.0,False,,False,True,95.921,95.921
313,0 days 01:43:59.769000,STR,18,0 days 00:01:36.024000,26.0,2.0,,,33.577,35.856,26.591,0 days 01:42:57.419000,0 days 01:43:33.275000,0 days 01:43:59.866000,206.0,184.0,268.0,288.0,False,SOFT,8.0,False,Aston Martin,0 days 01:42:23.745000,2026-05-03 17:49:04.490,1,17.0,False,,False,True,96.024,96.024
314,0 days 01:45:35.587000,STR,18,0 days 00:01:35.818000,27.0,2.0,,,33.286,35.845,26.687,0 days 01:44:33.152000,0 days 01:45:08.997000,0 days 01:45:35.684000,207.0,185.0,265.0,288.0,False,SOFT,9.0,False,Aston Martin,0 days 01:43:59.769000,2026-05-03 17:50:40.514,1,17.0,False,,False,True,95.818,95.818
315,0 days 01:47:11.529000,STR,18,0 days 00:01:35.942000,28.0,2.0,,,33.275,35.903,26.764,0 days 01:46:08.959000,0 days 01:46:44.862000,0 days 01:47:11.626000,207.0,185.0,265.0,287.0,False,SOFT,10.0,False,Aston Martin,0 days 01:45:35.587000,2026-05-03 17:52:16.332,1,17.0,False,,False,True,95.942,95.942
316,0 days 01:48:47.302000,STR,18,0 days 00:01:35.773000,29.0,2.0,,,33.29,35.863,26.62,0 days 01:47:44.916000,0 days 01:48:20.779000,0 days 01:48:47.399000,207.0,185.0,267.0,289.0,False,SOFT,11.0,False,Aston Martin,0 days 01:47:11.529000,2026-05-03 17:53:52.274,1,17.0,False,,False,True,95.773,95.773
317,0 days 01:50:22.807000,STR,18,0 days 00:01:35.505000,30.0,2.0,,,33.513,35.585,26.407,0 days 01:49:20.912000,0 days 01:49:56.497000,0 days 01:50:22.904000,206.0,185.0,269.0,295.0,False,SOFT,12.0,False,Aston Martin,0 days 01:48:47.302000,2026-05-03 17:55:28.047,1,17.0,False,,False,True,95.505,95.505
318,0 days 01:51:58.239000,STR,18,0 days 00:01:35.432000,31.0,2.0,,,33.281,35.645,26.506,0 days 01:50:56.185000,0 days 01:51:31.830000,0 days 01:51:58.336000,208.0,184.0,269.0,292.0,False,SOFT,13.0,False,Aston Martin,0 days 01:50:22.807000,2026-05-03 17:57:03.552,1,17.0,False,,False,True,95.432,95.432
319,0 days 01:53:33.840000,STR,18,0 days 00:01:35.601000,32.0,2.0,,,33.349,35.696,26.556,0 days 01:52:31.685000,0 days 01:53:07.381000,0 days 01:53:33.937000,206.0,184.0,271.0,292.0,False,SOFT,14.0,False,Aston Martin,0 days 01:51:58.239000,2026-05-03 17:58:38.984,1,17.0,False,,False,True,95.601,95.60099999999998
320,0 days 01:55:09.043000,STR,18,0 days 00:01:35.203000,33.0,2.0,,,33.156,35.638,26.409,0 days 01:54:07.093000,0 days 01:54:42.731000,0 days 01:55:09.140000,207.0,185.0,270.0,294.0,True,SOFT,15.0,False,Aston Martin,0 days 01:53:33.840000,2026-05-03 18:00:14.585,1,17.0,False,,False,True,95.203,95.203
321,0 days 01:56:44.892000,STR,18,0 days 00:01:35.849000,34.0,2.0,,,33.385,35.928,26.536,0 days 01:55:42.525000,0 days 01:56:18.453000,0 days 01:56:44.989000,206.0,184.0,271.0,292.0,False,SOFT,16.0,False,Aston Martin,0 days 01:55:09.043000,2026-05-03 18:01:49.788,1,17.0,False,,False,True,95.849,95.84899999999999
322,0 days 01:58:23.405000,STR,18,0 days 00:01:38.513000,35.0,2.0,,,33.348,38.795,26.37,0 days 01:57:18.337000,0 days 01:57:57.132000,0 days 01:58:23.502000,207.0,181.0,275.0,303.0,False,SOFT,17.0,False,Aston Martin,0 days 01:56:44.892000,2026-05-03 18:03:25.637,1,17.0,False,,False,True,98.513,98.513
323,0 days 01:59:59.423000,STR,18,0 days 00:01:36.018000,36.0,2.0,,,33.5,35.993,26.525,0 days 01:58:57.002000,0 days 01:59:32.995000,0 days 01:59:59.520000,206.0,182.0,270.0,295.0,False,SOFT,18.0,False,Aston Martin,0 days 01:58:23.405000,2026-05-03 18:05:04.150,1,17.0,False,,False,True,96.018,96.018
324,0 days 02:01:40.447000,STR,18,0 days 00:01:41.024000,37.0,2.0,,0 days 02:01:35.485000,33.507,35.922,31.595,0 days 02:00:33.027000,0 days 02:01:08.949000,0 days 02:01:40.544000,205.0,184.0,,292.0,False,SOFT,19.0,False,Aston Martin,0 days 01:59:59.423000,2026-05-03 18:06:40.168,1,17.0,False,,False,False,101.024,101.024
325,0 days 02:03:29.994000,STR,18,0 days 00:01:49.547000,38.0,3.0,0 days 02:01:57.542000,,47.841,35.496,26.21,0 days 02:02:28.385000,0 days 02:03:03.881000,0 days 02:03:30.091000,211.0,184.0,270.0,302.0,False,SOFT,1.0,True,Aston Martin,0 days 02:01:40.447000,2026-05-03 18:08:21.192,1,17.0,False,,False,False,109.547,109.547
326,0 days 02:05:05.106000,STR,18,0 days 00:01:35.112000,39.0,3.0,,,33.264,35.512,26.336,0 days 02:04:03.355000,0 days 02:04:38.867000,0 days 02:05:05.203000,206.0,186.0,271.0,295.0,True,SOFT,2.0,True,Aston Martin,0 days 02:03:29.994000,2026-05-03 18:10:10.739,1,17.0,False,,False,True,95.112,95.11200000000001
327,0 days 02:06:40.064000,STR,18,0 days 00:01:34.958000,40.0,3.0,,,33.199,35.501,26.258,0 days 02:05:38.402000,0 days 02:06:13.903000,0 days 02:06:40.161000,209.0,185.0,271.0,295.0,True,SOFT,3.0,True,Aston Martin,0 days 02:05:05.106000,2026-05-03 18:11:45.851,1,17.0,False,,False,True,94.958,94.95799999999998
328,0 days 02:08:15.208000,STR,18,0 days 00:01:35.144000,41.0,3.0,,,33.211,35.579,26.354,0 days 02:07:13.372000,0 days 02:07:48.951000,0 days 02:08:15.305000,207.0,185.0,270.0,293.0,False,SOFT,4.0,True,Aston Martin,0 days 02:06:40.064000,2026-05-03 18:13:20.809,1,17.0,False,,False,True,95.144,95.14399999999999
329,0 days 02:09:50.532000,STR,18,0 days 00:01:35.324000,42.0,3.0,,,33.272,35.65,26.402,0 days 02:08:48.577000,0 days 02:09:24.227000,0 days 02:09:50.629000,208.0,185.0,270.0,291.0,False,SOFT,5.0,True,Aston Martin,0 days 02:08:15.208000,2026-05-03 18:14:55.953,1,17.0,False,,False,True,95.324,95.324
330,0 days 02:11:25.757000,STR,18,0 days 00:01:35.225000,43.0,3.0,,,33.036,35.704,26.485,0 days 02:10:23.665000,0 days 02:10:59.369000,0 days 02:11:25.854000,208.0,187.0,244.0,290.0,False,SOFT,6.0,True,Aston Martin,0 days 02:09:50.532000,2026-05-03 18:16:31.277,1,17.0,False,,False,True,95.225,95.22500000000001
331,0 days 02:13:03.136000,STR,18,0 days 00:01:37.379000,44.0,3.0,,,35.224,35.799,26.356,0 days 02:12:01.078000,0 days 02:12:36.877000,0 days 02:13:03.233000,210.0,184.0,274.0,296.0,False,SOFT,7.0,True,Aston Martin,0 days 02:11:25.757000,2026-05-03 18:18:06.502,1,17.0,False,,False,True,97.379,97.37899999999999
332,0 days 02:14:37.956000,STR,18,0 days 00:01:34.820000,45.0,3.0,,,33.012,35.556,26.252,0 days 02:13:36.245000,0 days 02:14:11.801000,0 days 02:14:38.053000,210.0,184.0,269.0,298.0,True,SOFT,8.0,True,Aston Martin,0 days 02:13:03.136000,2026-05-03 18:19:43.881,1,17.0,False,,False,True,94.82,94.82
333,0 days 02:16:13.130000,STR,18,0 days 00:01:35.174000,46.0,3.0,,,33.029,35.699,26.446,0 days 02:15:11.082000,0 days 02:15:46.781000,0 days 02:16:13.227000,208.0,184.0,268.0,293.0,False,SOFT,9.0,True,Aston Martin,0 days 02:14:37.956000,2026-05-03 18:21:18.701,12,17.0,False,,False,True,95.174,95.174
334,0 days 02:17:48.345000,STR,18,0 days 00:01:35.215000,47.0,3.0,,,33.078,35.754,26.383,0 days 02:16:46.305000,0 days 02:17:22.059000,0 days 02:17:48.442000,209.0,186.0,272.0,293.0,False,SOFT,10.0,True,Aston Martin,0 days 02:16:13.130000,2026-05-03 18:22:53.875,1,17.0,False,,False,True,95.215,95.21499999999999
335,0 days 02:19:23.480000,STR,18,0 days 00:01:35.135000,48.0,3.0,,,32.987,35.72,26.428,0 days 02:18:21.429000,0 days 02:18:57.149000,0 days 02:19:23.577000,208.0,185.0,272.0,292.0,False,SOFT,11.0,True,Aston Martin,0 days 02:17:48.345000,2026-05-03 18:24:29.090,1,17.0,False,,False,True,95.135,95.13499999999999
336,0 days 02:20:58.578000,STR,18,0 days 00:01:35.098000,49.0,3.0,,,32.974,35.77,26.354,0 days 02:19:56.551000,0 days 02:20:32.321000,0 days 02:20:58.675000,210.0,186.0,271.0,293.0,False,SOFT,12.0,True,Aston Martin,0 days 02:19:23.480000,2026-05-03 18:26:04.225,1,17.0,False,,False,True,95.098,95.098
337,0 days 02:22:33.765000,STR,18,0 days 00:01:35.187000,50.0,3.0,,,33.096,35.724,26.367,0 days 02:21:31.771000,0 days 02:22:07.495000,0 days 02:22:33.862000,209.0,185.0,272.0,293.0,False,SOFT,13.0,True,Aston Martin,0 days 02:20:58.578000,2026-05-03 18:27:39.323,1,17.0,False,,False,True,95.187,95.187
338,0 days 02:24:08.656000,STR,18,0 days 00:01:34.891000,51.0,3.0,,,32.923,35.69,26.278,0 days 02:23:06.785000,0 days 02:23:42.475000,0 days 02:24:08.753000,209.0,185.0,272.0,295.0,False,SOFT,14.0,True,Aston Martin,0 days 02:22:33.765000,2026-05-03 18:29:14.510,1,17.0,False,,False,True,94.891,94.89099999999999
339,0 days 02:25:43.415000,STR,18,0 days 00:01:34.759000,52.0,3.0,,,32.821,35.703,26.235,0 days 02:24:41.574000,0 days 02:25:17.277000,0 days 02:25:43.512000,209.0,183.0,272.0,296.0,True,SOFT,15.0,True,Aston Martin,0 days 02:24:08.656000,2026-05-03 18:30:49.401,1,17.0,False,,False,True,94.759,94.759
340,0 days 02:27:18.226000,STR,18,0 days 00:01:34.811000,53.0,3.0,,,32.95,35.644,26.217,0 days 02:26:16.462000,0 days 02:26:52.106000,0 days 02:27:18.323000,211.0,186.0,272.0,296.0,False,SOFT,16.0,True,Aston Martin,0 days 02:25:43.415000,2026-05-03 18:32:24.160,1,17.0,False,,False,True,94.811,94.81099999999999
341,0 days 02:28:53.032000,STR,18,0 days 00:01:34.806000,54.0,3.0,,,32.926,35.582,26.298,0 days 02:27:51.249000,0 days 02:28:26.831000,0 days 02:28:53.129000,211.0,185.0,270.0,295.0,False,SOFT,17.0,True,Aston Martin,0 days 02:27:18.226000,2026-05-03 18:33:58.971,1,17.0,False,,False,True,94.806,94.80600000000001
342,0 days 02:30:29.181000,STR,18,0 days 00:01:36.149000,55.0,3.0,,,32.944,35.626,27.579,0 days 02:29:26.073000,0 days 02:30:01.699000,0 days 02:30:29.278000,212.0,185.0,271.0,226.0,False,SOFT,18.0,True,Aston Martin,0 days 02:28:53.032000,2026-05-03 18:35:33.777,12,17.0,False,,False,True,96.149,96.149
343,0 days 02:32:03.897000,STR,18,0 days 00:01:34.716000,56.0,3.0,,,33.623,35.444,25.649,0 days 02:31:02.901000,0 days 02:31:38.345000,0 days 02:32:03.994000,211.0,182.0,266.0,324.0,True,SOFT,19.0,True,Aston Martin,0 days 02:30:29.181000,2026-05-03 18:37:09.926,1,17.0,False,,False,True,94.716,94.71600000000001
344,0 days 00:59:06.976000,ALB,23,0 days 00:01:44.983000,1.0,1.0,,,,36.586,26.418,,0 days 00:58:40.712000,0 days 00:59:07.114000,211.0,186.0,255.0,293.0,False,MEDIUM,1.0,True,Williams,0 days 00:57:21.749000,2026-05-03 17:04:02.494,1,10.0,False,,False,False,104.983,
345,0 days 01:00:42.380000,ALB,23,0 days 00:01:35.404000,2.0,1.0,,,33.896,35.234,26.274,0 days 00:59:40.965000,0 days 01:00:16.199000,0 days 01:00:42.473000,210.0,184.0,255.0,305.0,True,MEDIUM,2.0,True,Williams,0 days 00:59:06.976000,2026-05-03 17:05:47.721,1,10.0,False,,False,True,95.404,95.404
346,0 days 01:02:17.312000,ALB,23,0 days 00:01:34.932000,3.0,1.0,,,33.763,35.17,25.999,0 days 01:01:16.236000,0 days 01:01:51.406000,0 days 01:02:17.405000,210.0,185.0,259.0,314.0,True,MEDIUM,3.0,True,Williams,0 days 01:00:42.380000,2026-05-03 17:07:23.125,1,10.0,False,,False,True,94.932,94.93199999999999
347,0 days 01:03:52.082000,ALB,23,0 days 00:01:34.770000,4.0,1.0,,,33.744,35.219,25.807,0 days 01:02:51.149000,0 days 01:03:26.368000,0 days 01:03:52.175000,209.0,185.0,271.0,324.0,True,MEDIUM,4.0,True,Williams,0 days 01:02:17.312000,2026-05-03 17:08:58.057,1,10.0,False,,False,True,94.77,94.77
348,0 days 01:05:27.970000,ALB,23,0 days 00:01:35.888000,5.0,1.0,,,33.837,35.798,26.253,0 days 01:04:26.012000,0 days 01:05:01.810000,0 days 01:05:28.063000,208.0,185.0,276.0,287.0,False,MEDIUM,5.0,True,Williams,0 days 01:03:52.082000,2026-05-03 17:10:32.827,12,9.0,False,,False,True,95.888,95.888
349,0 days 01:07:43.297000,ALB,23,0 days 00:02:15.327000,6.0,1.0,,,41.435,49.604,44.288,0 days 01:06:09.498000,0 days 01:06:59.102000,0 days 01:07:43.390000,175.0,130.0,197.0,123.0,False,MEDIUM,6.0,True,Williams,0 days 01:05:27.970000,2026-05-03 17:12:08.715,24,9.0,False,,False,False,135.327,135.327
350,0 days 01:09:51.267000,ALB,23,0 days 00:02:07.970000,7.0,1.0,,,36.259,49.483,42.228,0 days 01:08:19.649000,0 days 01:09:09.132000,0 days 01:09:51.360000,192.0,105.0,240.0,90.0,False,MEDIUM,7.0,True,Williams,0 days 01:07:43.297000,2026-05-03 17:14:24.042,4,8.0,False,,False,False,127.97,127.97
351,0 days 01:12:15.947000,ALB,23,0 days 00:02:24.680000,8.0,1.0,,,46.479,57.298,40.903,0 days 01:10:37.839000,0 days 01:11:35.137000,0 days 01:12:16.040000,99.0,67.0,220.0,100.0,False,MEDIUM,8.0,True,Williams,0 days 01:09:51.267000,2026-05-03 17:16:32.012,4,8.0,False,,False,False,144.68,144.68
352,0 days 01:14:39.462000,ALB,23,0 days 00:02:23.515000,9.0,1.0,,,44.037,57.731,41.747,0 days 01:13:00.077000,0 days 01:13:57.808000,0 days 01:14:39.555000,130.0,66.0,187.0,163.0,False,MEDIUM,9.0,True,Williams,0 days 01:12:15.947000,2026-05-03 17:18:56.692,4,8.0,False,,False,False,143.515,143.515
353,0 days 01:16:59.574000,ALB,23,0 days 00:02:20.112000,10.0,1.0,,,47.224,57.169,35.719,0 days 01:15:26.779000,0 days 01:16:23.948000,0 days 01:16:59.667000,96.0,69.0,229.0,140.0,False,MEDIUM,10.0,True,Williams,0 days 01:14:39.462000,2026-05-03 17:21:20.207,4,8.0,False,,False,False,140.112,140.112
354,0 days 01:19:24.750000,ALB,23,0 days 00:02:25.176000,11.0,1.0,,,46.281,47.048,51.847,0 days 01:17:45.948000,0 days 01:18:32.996000,0 days 01:19:24.843000,97.0,125.0,280.0,55.0,False,MEDIUM,11.0,True,Williams,0 days 01:16:59.574000,2026-05-03 17:23:40.319,41,8.0,False,,False,False,145.176,145.17600000000002
355,0 days 01:20:59.956000,ALB,23,0 days 00:01:35.206000,12.0,1.0,,,33.695,35.604,25.907,0 days 01:19:58.538000,0 days 01:20:34.142000,0 days 01:21:00.049000,209.0,186.0,262.0,322.0,False,MEDIUM,12.0,True,Williams,0 days 01:19:24.750000,2026-05-03 17:26:05.495,1,8.0,False,,False,True,95.206,95.206
356,0 days 01:22:34.509000,ALB,23,0 days 00:01:34.553000,13.0,1.0,,,33.662,35.118,25.773,0 days 01:21:33.711000,0 days 01:22:08.829000,0 days 01:22:34.602000,207.0,184.0,276.0,321.0,True,MEDIUM,13.0,True,Williams,0 days 01:20:59.956000,2026-05-03 17:27:40.701,1,8.0,False,,False,True,94.553,94.553
357,0 days 01:24:08.670000,ALB,23,0 days 00:01:34.161000,14.0,1.0,,,33.205,35.073,25.883,0 days 01:23:07.807000,0 days 01:23:42.880000,0 days 01:24:08.763000,208.0,184.0,277.0,311.0,True,MEDIUM,14.0,True,Williams,0 days 01:22:34.509000,2026-05-03 17:29:15.254,1,8.0,False,,False,True,94.161,94.16099999999999
358,0 days 01:25:44.140000,ALB,23,0 days 00:01:35.470000,15.0,1.0,,,33.462,36.126,25.882,0 days 01:24:42.225000,0 days 01:25:18.351000,0 days 01:25:44.233000,209.0,183.0,260.0,322.0,False,MEDIUM,15.0,True,Williams,0 days 01:24:08.670000,2026-05-03 17:30:49.415,1,9.0,False,,False,True,95.47,95.47
359,0 days 01:27:19.385000,ALB,23,0 days 00:01:35.245000,16.0,1.0,,,33.854,35.354,26.037,0 days 01:26:18.087000,0 days 01:26:53.441000,0 days 01:27:19.478000,205.0,183.0,279.0,322.0,False,MEDIUM,16.0,True,Williams,0 days 01:25:44.140000,2026-05-03 17:32:24.885,12,9.0,False,,False,True,95.245,95.245
360,0 days 01:28:55.209000,ALB,23,0 days 00:01:35.824000,17.0,1.0,,,34.501,35.289,26.034,0 days 01:27:53.979000,0 days 01:28:29.268000,0 days 01:28:55.302000,207.0,182.0,276.0,312.0,False,MEDIUM,17.0,True,Williams,0 days 01:27:19.385000,2026-05-03 17:34:00.130,1,10.0,False,,False,True,95.824,95.82399999999998
361,0 days 01:30:30.398000,ALB,23,0 days 00:01:35.189000,18.0,1.0,,,33.781,35.369,26.039,0 days 01:29:29.083000,0 days 01:30:04.452000,0 days 01:30:30.491000,207.0,182.0,279.0,316.0,False,MEDIUM,18.0,True,Williams,0 days 01:28:55.209000,2026-05-03 17:35:35.954,1,10.0,False,,False,True,95.189,95.18900000000001
362,0 days 01:32:05.377000,ALB,23,0 days 00:01:34.979000,19.0,1.0,,,33.663,35.309,26.007,0 days 01:31:04.154000,0 days 01:31:39.463000,0 days 01:32:05.470000,207.0,182.0,277.0,317.0,False,MEDIUM,19.0,True,Williams,0 days 01:30:30.398000,2026-05-03 17:37:11.143,1,10.0,False,,False,True,94.979,94.979
363,0 days 01:33:40.589000,ALB,23,0 days 00:01:35.212000,20.0,1.0,,,33.784,35.397,26.031,0 days 01:32:39.254000,0 days 01:33:14.651000,0 days 01:33:40.682000,206.0,182.0,275.0,318.0,False,MEDIUM,20.0,True,Williams,0 days 01:32:05.377000,2026-05-03 17:38:46.122,1,10.0,False,,False,True,95.212,95.21199999999999
364,0 days 01:35:15.468000,ALB,23,0 days 00:01:34.879000,21.0,1.0,,,33.615,35.3,25.964,0 days 01:34:14.297000,0 days 01:34:49.597000,0 days 01:35:15.561000,207.0,185.0,278.0,317.0,False,MEDIUM,21.0,True,Williams,0 days 01:33:40.589000,2026-05-03 17:40:21.334,1,9.0,False,,False,True,94.879,94.87899999999999
365,0 days 01:36:50.268000,ALB,23,0 days 00:01:34.800000,22.0,1.0,,,33.59,35.238,25.972,0 days 01:35:49.151000,0 days 01:36:24.389000,0 days 01:36:50.361000,207.0,184.0,280.0,315.0,False,MEDIUM,22.0,True,Williams,0 days 01:35:15.468000,2026-05-03 17:41:56.213,1,8.0,False,,False,True,94.8,94.80000000000001
366,0 days 01:38:25.365000,ALB,23,0 days 00:01:35.097000,23.0,1.0,,,33.777,35.328,25.992,0 days 01:37:24.138000,0 days 01:37:59.466000,0 days 01:38:25.458000,209.0,184.0,269.0,315.0,False,MEDIUM,23.0,True,Williams,0 days 01:36:50.268000,2026-05-03 17:43:31.013,1,8.0,False,,False,True,95.097,95.09700000000001
367,0 days 01:40:01.266000,ALB,23,0 days 00:01:35.901000,24.0,1.0,,,33.612,36.142,26.147,0 days 01:38:59.070000,0 days 01:39:35.212000,0 days 01:40:01.359000,209.0,182.0,282.0,322.0,False,MEDIUM,24.0,True,Williams,0 days 01:38:25.365000,2026-05-03 17:45:06.110,1,10.0,False,,False,True,95.901,95.90100000000001
368,0 days 01:41:36.385000,ALB,23,0 days 00:01:35.119000,25.0,1.0,,,33.722,35.303,26.094,0 days 01:40:35.081000,0 days 01:41:10.384000,0 days 01:41:36.478000,208.0,185.0,278.0,313.0,False,MEDIUM,25.0,True,Williams,0 days 01:40:01.266000,2026-05-03 17:46:42.011,1,10.0,False,,False,True,95.119,95.119
369,0 days 01:43:11.349000,ALB,23,0 days 00:01:34.964000,26.0,1.0,,,33.571,35.358,26.035,0 days 01:42:10.049000,0 days 01:42:45.407000,0 days 01:43:11.442000,207.0,183.0,280.0,316.0,False,MEDIUM,26.0,True,Williams,0 days 01:41:36.385000,2026-05-03 17:48:17.130,1,10.0,False,,False,True,94.964,94.964
370,0 days 01:44:51.113000,ALB,23,0 days 00:01:39.764000,27.0,1.0,,0 days 01:44:45.912000,33.673,35.145,30.946,0 days 01:43:45.115000,0 days 01:44:20.260000,0 days 01:44:51.206000,208.0,184.0,,322.0,False,MEDIUM,27.0,True,Williams,0 days 01:43:11.349000,2026-05-03 17:49:52.094,1,11.0,False,,False,False,99.764,99.76400000000001
371,0 days 01:46:38.911000,ALB,23,0 days 00:01:47.798000,28.0,2.0,0 days 01:45:08.740000,,47.468,34.621,25.709,0 days 01:45:38.674000,0 days 01:46:13.295000,0 days 01:46:39.004000,215.0,189.0,249.0,321.0,False,HARD,1.0,True,Williams,0 days 01:44:51.113000,2026-05-03 17:51:31.858,1,12.0,False,,False,False,107.798,107.798
372,0 days 01:48:12.786000,ALB,23,0 days 00:01:33.875000,29.0,2.0,,,33.21,34.972,25.693,0 days 01:47:12.214000,0 days 01:47:47.186000,0 days 01:48:12.879000,208.0,186.0,271.0,315.0,True,HARD,2.0,True,Williams,0 days 01:46:38.911000,2026-05-03 17:53:19.656,1,12.0,False,,False,True,93.875,93.875
373,0 days 01:49:46.570000,ALB,23,0 days 00:01:33.784000,30.0,2.0,,,33.258,34.81,25.716,0 days 01:48:46.137000,0 days 01:49:20.947000,0 days 01:49:46.663000,211.0,186.0,277.0,315.0,True,HARD,3.0,True,Williams,0 days 01:48:12.786000,2026-05-03 17:54:53.531,1,12.0,False,,False,True,93.784,93.78400000000002
374,0 days 01:51:20.407000,ALB,23,0 days 00:01:33.837000,31.0,2.0,,,33.142,34.87,25.825,0 days 01:50:19.805000,0 days 01:50:54.675000,0 days 01:51:20.500000,211.0,184.0,280.0,317.0,False,HARD,4.0,True,Williams,0 days 01:49:46.570000,2026-05-03 17:56:27.315,1,12.0,False,,False,True,93.837,93.837
375,0 days 01:52:54.601000,ALB,23,0 days 00:01:34.194000,32.0,2.0,,,33.232,35.097,25.865,0 days 01:51:53.732000,0 days 01:52:28.829000,0 days 01:52:54.694000,210.0,183.0,271.0,314.0,False,HARD,5.0,True,Williams,0 days 01:51:20.407000,2026-05-03 17:58:01.152,1,10.0,False,,False,True,94.194,94.194
376,0 days 01:54:28.841000,ALB,23,0 days 00:01:34.240000,33.0,2.0,,,33.293,35.104,25.843,0 days 01:53:27.987000,0 days 01:54:03.091000,0 days 01:54:28.934000,211.0,185.0,275.0,313.0,False,HARD,6.0,True,Williams,0 days 01:52:54.601000,2026-05-03 17:59:35.346,1,10.0,False,,False,True,94.24,94.24
377,0 days 01:56:03.274000,ALB,23,0 days 00:01:34.433000,34.0,2.0,,,33.363,35.117,25.953,0 days 01:55:02.297000,0 days 01:55:37.414000,0 days 01:56:03.367000,210.0,184.0,276.0,311.0,False,HARD,7.0,True,Williams,0 days 01:54:28.841000,2026-05-03 18:01:09.586,1,10.0,False,,False,True,94.433,94.43299999999999
378,0 days 01:57:37.570000,ALB,23,0 days 00:01:34.296000,35.0,2.0,,,33.302,35.247,25.747,0 days 01:56:36.669000,0 days 01:57:11.916000,0 days 01:57:37.663000,210.0,180.0,283.0,314.0,False,HARD,8.0,True,Williams,0 days 01:56:03.274000,2026-05-03 18:02:44.019,1,10.0,False,,False,True,94.296,94.296
379,0 days 01:59:11.771000,ALB,23,0 days 00:01:34.201000,36.0,2.0,,,33.172,35.251,25.778,0 days 01:58:10.835000,0 days 01:58:46.086000,0 days 01:59:11.864000,211.0,184.0,283.0,312.0,False,HARD,9.0,True,Williams,0 days 01:57:37.570000,2026-05-03 18:04:18.315,1,10.0,False,,False,True,94.201,94.201
380,0 days 02:00:46.256000,ALB,23,0 days 00:01:34.485000,37.0,2.0,,,33.091,35.38,26.014,0 days 01:59:44.955000,0 days 02:00:20.335000,0 days 02:00:46.349000,207.0,184.0,271.0,309.0,False,HARD,10.0,True,Williams,0 days 01:59:11.771000,2026-05-03 18:05:52.516,1,10.0,False,,False,True,94.485,94.485
381,0 days 02:02:20.696000,ALB,23,0 days 00:01:34.440000,38.0,2.0,,,33.305,35.117,26.018,0 days 02:01:19.654000,0 days 02:01:54.771000,0 days 02:02:20.789000,210.0,184.0,270.0,309.0,False,HARD,11.0,True,Williams,0 days 02:00:46.256000,2026-05-03 18:07:27.001,1,10.0,False,,False,True,94.44,94.44
382,0 days 02:03:55.033000,ALB,23,0 days 00:01:34.337000,39.0,2.0,,,33.28,35.029,26.028,0 days 02:02:54.069000,0 days 02:03:29.098000,0 days 02:03:55.126000,210.0,184.0,277.0,310.0,False,HARD,12.0,True,Williams,0 days 02:02:20.696000,2026-05-03 18:09:01.441,1,10.0,False,,False,True,94.337,94.33699999999999
383,0 days 02:05:29.472000,ALB,23,0 days 00:01:34.439000,40.0,2.0,,,33.306,35.169,25.964,0 days 02:04:28.432000,0 days 02:05:03.601000,0 days 02:05:29.565000,207.0,183.0,279.0,315.0,False,HARD,13.0,True,Williams,0 days 02:03:55.033000,2026-05-03 18:10:35.778,1,10.0,False,,False,True,94.439,94.439
384,0 days 02:07:03.644000,ALB,23,0 days 00:01:34.172000,41.0,2.0,,,33.2,35.07,25.902,0 days 02:06:02.765000,0 days 02:06:37.835000,0 days 02:07:03.737000,210.0,185.0,279.0,311.0,False,HARD,14.0,True,Williams,0 days 02:05:29.472000,2026-05-03 18:12:10.217,1,10.0,False,,False,True,94.172,94.17200000000001
385,0 days 02:08:38.010000,ALB,23,0 days 00:01:34.366000,42.0,2.0,,,33.177,35.213,25.976,0 days 02:07:36.914000,0 days 02:08:12.127000,0 days 02:08:38.103000,209.0,184.0,275.0,310.0,False,HARD,15.0,True,Williams,0 days 02:07:03.644000,2026-05-03 18:13:44.389,1,10.0,False,,False,True,94.366,94.366
386,0 days 02:10:12.300000,ALB,23,0 days 00:01:34.290000,43.0,2.0,,,33.084,35.28,25.926,0 days 02:09:11.187000,0 days 02:09:46.467000,0 days 02:10:12.393000,209.0,183.0,277.0,309.0,False,HARD,16.0,True,Williams,0 days 02:08:38.010000,2026-05-03 18:15:18.755,1,10.0,False,,False,True,94.29,94.29
387,0 days 02:11:46.439000,ALB,23,0 days 00:01:34.139000,44.0,2.0,,,33.002,35.108,26.029,0 days 02:10:45.395000,0 days 02:11:20.503000,0 days 02:11:46.532000,209.0,186.0,276.0,307.0,False,HARD,17.0,True,Williams,0 days 02:10:12.300000,2026-05-03 18:16:53.045,1,10.0,False,,False,True,94.139,94.139
388,0 days 02:13:20.749000,ALB,23,0 days 00:01:34.310000,45.0,2.0,,,33.156,35.091,26.063,0 days 02:12:19.688000,0 days 02:12:54.779000,0 days 02:13:20.842000,210.0,185.0,275.0,308.0,False,HARD,18.0,True,Williams,0 days 02:11:46.439000,2026-05-03 18:18:27.184,1,10.0,False,,False,True,94.31,94.31
389,0 days 02:14:54.948000,ALB,23,0 days 00:01:34.199000,46.0,2.0,,,33.156,35.034,26.009,,0 days 02:14:29.032000,0 days 02:14:55.041000,209.0,184.0,277.0,309.0,False,HARD,19.0,True,Williams,0 days 02:13:20.749000,2026-05-03 18:20:01.494,1,10.0,False,,False,True,94.199,94.199
390,0 days 02:16:29.509000,ALB,23,0 days 00:01:34.561000,47.0,2.0,,,33.21,34.971,26.38,0 days 02:15:28.251000,0 days 02:16:03.222000,0 days 02:16:29.602000,210.0,184.0,279.0,310.0,False,HARD,20.0,True,Williams,0 days 02:14:54.948000,2026-05-03 18:21:35.693,12,10.0,False,,False,True,94.561,94.56099999999999
391,0 days 02:18:03.834000,ALB,23,0 days 00:01:34.325000,48.0,2.0,,,33.382,34.917,26.026,0 days 02:17:02.984000,0 days 02:17:37.901000,0 days 02:18:03.927000,210.0,185.0,277.0,310.0,False,HARD,21.0,True,Williams,0 days 02:16:29.509000,2026-05-03 18:23:10.254,1,10.0,False,,False,True,94.325,94.325
392,0 days 02:19:38.014000,ALB,23,0 days 00:01:34.180000,49.0,2.0,,,33.228,34.959,25.993,0 days 02:18:37.155000,0 days 02:19:12.114000,0 days 02:19:38.107000,210.0,186.0,276.0,308.0,False,HARD,22.0,True,Williams,0 days 02:18:03.834000,2026-05-03 18:24:44.579,1,10.0,False,,False,True,94.18,94.18
393,0 days 02:21:12.370000,ALB,23,0 days 00:01:34.356000,50.0,2.0,,,33.295,35.014,26.047,0 days 02:20:11.402000,0 days 02:20:46.416000,0 days 02:21:12.463000,208.0,184.0,279.0,309.0,False,HARD,23.0,True,Williams,0 days 02:19:38.014000,2026-05-03 18:26:18.759,1,10.0,False,,False,True,94.356,94.356
394,0 days 02:22:46.777000,ALB,23,0 days 00:01:34.407000,51.0,2.0,,,33.227,35.131,26.049,0 days 02:21:45.690000,0 days 02:22:20.821000,0 days 02:22:46.870000,209.0,184.0,278.0,310.0,False,HARD,24.0,True,Williams,0 days 02:21:12.370000,2026-05-03 18:27:53.115,1,10.0,False,,False,True,94.407,94.40700000000001
395,0 days 02:24:21.064000,ALB,23,0 days 00:01:34.287000,52.0,2.0,,,33.118,35.169,26.0,0 days 02:23:19.988000,0 days 02:23:55.157000,0 days 02:24:21.157000,211.0,185.0,279.0,310.0,False,HARD,25.0,True,Williams,0 days 02:22:46.777000,2026-05-03 18:29:27.522,1,10.0,False,,False,True,94.287,94.287
396,0 days 02:25:55.415000,ALB,23,0 days 00:01:34.351000,53.0,2.0,,,33.294,35.164,25.893,0 days 02:24:54.451000,0 days 02:25:29.615000,0 days 02:25:55.508000,211.0,185.0,277.0,311.0,False,HARD,26.0,True,Williams,0 days 02:24:21.064000,2026-05-03 18:31:01.809,1,10.0,False,,False,True,94.351,94.351
397,0 days 02:27:29.668000,ALB,23,0 days 00:01:34.253000,54.0,2.0,,,33.296,34.963,25.994,0 days 02:26:28.804000,0 days 02:27:03.767000,0 days 02:27:29.761000,210.0,186.0,282.0,310.0,False,HARD,27.0,True,Williams,0 days 02:25:55.415000,2026-05-03 18:32:36.160,1,10.0,False,,False,True,94.253,94.253
398,0 days 02:29:03.777000,ALB,23,0 days 00:01:34.109000,55.0,2.0,,,33.208,35.015,25.886,0 days 02:28:02.969000,0 days 02:28:37.984000,0 days 02:29:03.870000,211.0,186.0,281.0,311.0,False,HARD,28.0,True,Williams,0 days 02:27:29.668000,2026-05-03 18:34:10.413,1,10.0,False,,False,True,94.109,94.109
399,0 days 02:30:37.940000,ALB,23,0 days 00:01:34.163000,56.0,2.0,,,33.13,35.053,25.98,0 days 02:29:37,0 days 02:30:12.053000,0 days 02:30:38.033000,211.0,185.0,279.0,311.0,False,HARD,29.0,True,Williams,0 days 02:29:03.777000,2026-05-03 18:35:44.522,12,10.0,False,,False,True,94.163,94.163
400,0 days 02:32:12.238000,ALB,23,0 days 00:01:34.298000,57.0,2.0,,,33.156,35.255,25.887,0 days 02:31:11.189000,0 days 02:31:46.444000,0 days 02:32:12.331000,212.0,183.0,263.0,327.0,False,HARD,30.0,True,Williams,0 days 02:30:37.940000,2026-05-03 18:37:18.685,1,10.0,False,,False,True,94.298,94.298
401,0 days 00:59:16.244000,HUL,27,0 days 00:01:54.251000,1.0,1.0,,0 days 00:59:10.357000,,37.861,32.305,,0 days 00:58:44.051000,0 days 00:59:16.459000,202.0,185.0,,289.0,False,MEDIUM,1.0,True,Audi,0 days 00:57:21.749000,2026-05-03 17:04:02.494,1,22.0,False,,False,False,114.251,
402,0 days 01:01:16.518000,HUL,27,0 days 00:02:00.274000,2.0,2.0,0 days 00:59:43.967000,,58.859,35.18,26.235,0 days 01:00:15.172000,0 days 01:00:50.352000,0 days 01:01:16.587000,210.0,187.0,264.0,300.0,False,MEDIUM,1.0,True,Audi,0 days 00:59:16.244000,2026-05-03 17:05:56.989,1,22.0,False,,False,False,120.274,120.274
403,0 days 01:02:51.448000,HUL,27,0 days 00:01:34.930000,3.0,2.0,,,33.374,35.066,26.49,0 days 01:01:49.961000,0 days 01:02:25.027000,0 days 01:02:51.517000,210.0,186.0,260.0,290.0,True,MEDIUM,2.0,True,Audi,0 days 01:01:16.518000,2026-05-03 17:07:57.263,1,22.0,False,,False,True,94.93,94.92999999999999
404,0 days 01:04:25.971000,HUL,27,0 days 00:01:34.523000,4.0,2.0,,,33.228,34.897,26.398,0 days 01:03:24.745000,0 days 01:03:59.642000,0 days 01:04:26.040000,210.0,186.0,262.0,293.0,True,MEDIUM,3.0,True,Audi,0 days 01:02:51.448000,2026-05-03 17:09:32.193,1,22.0,False,,False,True,94.523,94.523
405,0 days 01:06:15.458000,HUL,27,0 days 00:01:49.487000,5.0,2.0,,,33.252,36.287,39.948,0 days 01:04:59.292000,0 days 01:05:35.579000,0 days 01:06:15.527000,209.0,181.0,243.0,210.0,False,MEDIUM,4.0,True,Audi,0 days 01:04:25.971000,2026-05-03 17:11:06.716,124,20.0,False,,False,False,109.487,109.487
406,0 days 01:08:30.608000,HUL,27,0 days 00:02:15.150000,6.0,2.0,,,38.954,49.759,46.437,0 days 01:06:54.481000,0 days 01:07:44.240000,0 days 01:08:30.677000,167.0,133.0,224.0,92.0,False,MEDIUM,5.0,True,Audi,0 days 01:06:15.458000,2026-05-03 17:12:56.203,4,19.0,False,,False,False,135.15,135.14999999999998
407,0 days 01:11:22.019000,HUL,27,,7.0,2.0,,0 days 01:11:15.306000,37.13,43.74,90.511,0 days 01:09:07.984000,0 days 01:09:51.696000,0 days 01:11:22.088000,185.0,83.0,,57.0,False,MEDIUM,6.0,True,Audi,0 days 01:08:30.608000,2026-05-03 17:15:11.353,4,19.0,False,,False,False,,171.381
408,0 days 00:59:06.904000,VER,3,0 days 00:01:44.911000,1.0,1.0,,,,36.327,27.361,,0 days 00:58:39.796000,0 days 00:59:07.114000,207.0,173.0,247.0,306.0,False,MEDIUM,1.0,True,Red Bull Racing,0 days 00:57:21.749000,2026-05-03 17:04:02.494,1,9.0,False,,False,False,104.911,
409,0 days 01:00:40.368000,VER,3,0 days 00:01:33.464000,2.0,1.0,,,32.94,34.738,25.786,0 days 00:59:39.882000,0 days 01:00:14.620000,0 days 01:00:40.406000,214.0,186.0,260.0,310.0,True,MEDIUM,2.0,True,Red Bull Racing,0 days 00:59:06.904000,2026-05-03 17:05:47.649,1,8.0,False,,False,True,93.464,93.464
410,0 days 01:02:13.607000,VER,3,0 days 00:01:33.239000,3.0,1.0,,,32.585,34.865,25.789,0 days 01:01:12.991000,0 days 01:01:47.856000,0 days 01:02:13.645000,211.0,185.0,262.0,313.0,True,MEDIUM,3.0,True,Red Bull Racing,0 days 01:00:40.368000,2026-05-03 17:07:21.113,1,8.0,False,,False,True,93.239,93.239
411,0 days 01:03:47.143000,VER,3,0 days 00:01:33.536000,4.0,1.0,,,32.735,34.937,25.864,0 days 01:02:46.380000,0 days 01:03:21.317000,0 days 01:03:47.181000,210.0,184.0,261.0,313.0,False,MEDIUM,4.0,True,Red Bull Racing,0 days 01:02:13.607000,2026-05-03 17:08:54.352,1,8.0,False,,False,True,93.536,93.536
412,0 days 01:05:21.233000,VER,3,0 days 00:01:34.090000,5.0,1.0,,,32.98,35.12,25.99,0 days 01:04:20.161000,0 days 01:04:55.281000,0 days 01:05:21.271000,212.0,184.0,239.0,314.0,False,MEDIUM,5.0,True,Red Bull Racing,0 days 01:03:47.143000,2026-05-03 17:10:27.888,12,8.0,False,,False,True,94.09,94.08999999999999
413,0 days 01:07:42.181000,VER,3,0 days 00:02:20.948000,6.0,1.0,,0 days 01:07:36.745000,42.754,52.183,46.011,0 days 01:06:04.025000,0 days 01:06:56.208000,0 days 01:07:42.219000,166.0,136.0,,102.0,False,MEDIUM,6.0,True,Red Bull Racing,0 days 01:05:21.233000,2026-05-03 17:12:01.978,24,8.0,False,,False,False,140.948,140.948
414,0 days 01:10:04.835000,VER,3,0 days 00:02:22.654000,7.0,2.0,0 days 01:07:59.396000,,52.723,49.164,40.767,0 days 01:08:34.942000,0 days 01:09:24.106000,0 days 01:10:04.873000,176.0,141.0,223.0,86.0,False,HARD,1.0,True,Red Bull Racing,0 days 01:07:42.181000,2026-05-03 17:14:22.926,4,16.0,False,,False,False,142.654,142.654
415,0 days 01:12:26.774000,VER,3,0 days 00:02:21.939000,8.0,2.0,,,41.268,60.077,40.594,0 days 01:10:46.141000,0 days 01:11:46.218000,0 days 01:12:26.812000,103.0,53.0,222.0,110.0,False,HARD,2.0,True,Red Bull Racing,0 days 01:10:04.835000,2026-05-03 17:16:45.580,4,16.0,False,,False,False,141.939,141.939
416,0 days 01:14:49.357000,VER,3,0 days 00:02:22.583000,9.0,2.0,,,42.138,62.696,37.749,0 days 01:13:08.950000,0 days 01:14:11.646000,0 days 01:14:49.395000,95.0,92.0,226.0,192.0,False,HARD,3.0,True,Red Bull Racing,0 days 01:12:26.774000,2026-05-03 17:19:07.519,4,16.0,False,,False,False,142.583,142.583
417,0 days 01:17:09.529000,VER,3,0 days 00:02:20.172000,10.0,2.0,,,45.957,60.071,34.144,0 days 01:15:35.352000,0 days 01:16:35.423000,0 days 01:17:09.567000,100.0,90.0,226.0,258.0,False,HARD,4.0,True,Red Bull Racing,0 days 01:14:49.357000,2026-05-03 17:21:30.102,4,16.0,False,,False,False,140.172,140.172
418,0 days 01:19:28.972000,VER,3,0 days 00:02:19.443000,11.0,2.0,,,46.07,45.171,48.202,0 days 01:17:55.637000,0 days 01:18:40.808000,0 days 01:19:29.010000,121.0,165.0,283.0,38.0,False,HARD,5.0,True,Red Bull Racing,0 days 01:17:09.529000,2026-05-03 17:23:50.274,41,16.0,False,,False,False,139.443,139.44299999999998
419,0 days 01:21:04.756000,VER,3,0 days 00:01:35.784000,12.0,2.0,,,33.534,36.532,25.718,0 days 01:20:02.544000,0 days 01:20:39.076000,0 days 01:21:04.794000,209.0,185.0,263.0,322.0,False,HARD,6.0,True,Red Bull Racing,0 days 01:19:28.972000,2026-05-03 17:26:09.717,1,14.0,False,,False,True,95.784,95.784
420,0 days 01:22:38.316000,VER,3,0 days 00:01:33.560000,13.0,2.0,,,32.983,34.8,25.777,0 days 01:21:37.777000,0 days 01:22:12.577000,0 days 01:22:38.354000,215.0,185.0,260.0,315.0,False,HARD,7.0,True,Red Bull Racing,0 days 01:21:04.756000,2026-05-03 17:27:45.501,1,12.0,False,,False,True,93.56,93.55999999999999
421,0 days 01:24:11.946000,VER,3,0 days 00:01:33.630000,14.0,2.0,,,32.814,35.007,25.809,0 days 01:23:11.168000,0 days 01:23:46.175000,0 days 01:24:11.984000,212.0,185.0,282.0,324.0,False,HARD,8.0,True,Red Bull Racing,0 days 01:22:38.316000,2026-05-03 17:29:19.061,1,12.0,False,,False,True,93.63,93.63
422,0 days 01:25:45.498000,VER,3,0 days 00:01:33.552000,15.0,2.0,,,32.814,35.278,25.46,,0 days 01:25:20.076000,0 days 01:25:45.536000,214.0,185.0,264.0,332.0,False,HARD,9.0,True,Red Bull Racing,0 days 01:24:11.946000,2026-05-03 17:30:52.691,1,10.0,False,,False,True,93.552,93.55199999999999
423,0 days 01:27:19.616000,VER,3,0 days 00:01:34.118000,16.0,2.0,,,33.054,35.238,25.826,0 days 01:26:18.590000,0 days 01:26:53.828000,0 days 01:27:19.654000,214.0,184.0,276.0,327.0,False,HARD,10.0,True,Red Bull Racing,0 days 01:25:45.498000,2026-05-03 17:32:26.243,12,10.0,False,,False,True,94.118,94.118
424,0 days 01:28:53.415000,VER,3,0 days 00:01:33.799000,17.0,2.0,,,33.113,34.995,25.691,0 days 01:27:52.767000,0 days 01:28:27.762000,0 days 01:28:53.453000,213.0,183.0,280.0,322.0,False,HARD,11.0,True,Red Bull Racing,0 days 01:27:19.616000,2026-05-03 17:34:00.361,1,9.0,False,,False,True,93.799,93.799
425,0 days 01:30:27.085000,VER,3,0 days 00:01:33.670000,18.0,2.0,,,32.704,35.093,25.873,0 days 01:29:26.157000,0 days 01:30:01.250000,0 days 01:30:27.123000,212.0,185.0,264.0,312.0,False,HARD,12.0,True,Red Bull Racing,0 days 01:28:53.415000,2026-05-03 17:35:34.160,1,8.0,False,,False,True,93.67,93.67
426,0 days 01:32:00.466000,VER,3,0 days 00:01:33.381000,19.0,2.0,,,32.522,34.966,25.893,0 days 01:30:59.645000,0 days 01:31:34.611000,0 days 01:32:00.504000,212.0,185.0,259.0,315.0,False,HARD,13.0,True,Red Bull Racing,0 days 01:30:27.085000,2026-05-03 17:37:07.830,1,8.0,False,,False,True,93.381,93.381
427,0 days 01:33:34.328000,VER,3,0 days 00:01:33.862000,20.0,2.0,,,33.11,34.996,25.756,0 days 01:32:33.614000,0 days 01:33:08.610000,0 days 01:33:34.366000,212.0,183.0,284.0,316.0,False,HARD,14.0,True,Red Bull Racing,0 days 01:32:00.466000,2026-05-03 17:38:41.211,1,8.0,False,,False,True,93.862,93.862
428,0 days 01:35:07.669000,VER,3,0 days 00:01:33.341000,21.0,2.0,,,32.489,35.035,25.817,0 days 01:34:06.855000,0 days 01:34:41.890000,0 days 01:35:07.707000,212.0,186.0,266.0,310.0,False,HARD,15.0,True,Red Bull Racing,0 days 01:33:34.328000,2026-05-03 17:40:15.073,1,6.0,False,,False,True,93.341,93.34100000000001
429,0 days 01:36:40.993000,VER,3,0 days 00:01:33.324000,22.0,2.0,,,32.626,34.9,25.798,0 days 01:35:40.333000,0 days 01:36:15.233000,0 days 01:36:41.031000,212.0,185.0,268.0,310.0,False,HARD,16.0,True,Red Bull Racing,0 days 01:35:07.669000,2026-05-03 17:41:48.414,1,5.0,False,,False,True,93.324,93.324
430,0 days 01:38:14.348000,VER,3,0 days 00:01:33.355000,23.0,2.0,,,32.468,35.03,25.857,0 days 01:37:13.499000,0 days 01:37:48.529000,0 days 01:38:14.386000,211.0,186.0,264.0,312.0,False,HARD,17.0,True,Red Bull Racing,0 days 01:36:40.993000,2026-05-03 17:43:21.738,1,5.0,False,,False,True,93.355,93.355
431,0 days 01:39:47.458000,VER,3,0 days 00:01:33.110000,24.0,2.0,,,32.616,34.806,25.688,0 days 01:38:47.002000,0 days 01:39:21.808000,0 days 01:39:47.496000,214.0,186.0,264.0,316.0,True,HARD,18.0,True,Red Bull Racing,0 days 01:38:14.348000,2026-05-03 17:44:55.093,1,5.0,False,,False,True,93.11,93.11
432,0 days 01:41:20.957000,VER,3,0 days 00:01:33.499000,25.0,2.0,,,32.632,35.306,25.561,0 days 01:40:20.128000,0 days 01:40:55.434000,0 days 01:41:20.995000,214.0,187.0,266.0,318.0,False,HARD,19.0,True,Red Bull Racing,0 days 01:39:47.458000,2026-05-03 17:46:28.203,1,5.0,False,,False,True,93.499,93.499
433,0 days 01:42:54.801000,VER,3,0 days 00:01:33.844000,26.0,2.0,,,32.748,35.404,25.692,0 days 01:41:53.743000,0 days 01:42:29.147000,0 days 01:42:54.839000,213.0,183.0,267.0,325.0,False,HARD,20.0,True,Red Bull Racing,0 days 01:41:20.957000,2026-05-03 17:48:01.702,1,4.0,False,,False,True,93.844,93.844
434,0 days 01:44:28.273000,VER,3,0 days 00:01:33.472000,27.0,2.0,,,32.604,34.898,25.97,0 days 01:43:27.443000,0 days 01:44:02.341000,0 days 01:44:28.311000,213.0,186.0,263.0,306.0,False,HARD,21.0,True,Red Bull Racing,0 days 01:42:54.801000,2026-05-03 17:49:35.546,1,3.0,False,,False,True,93.472,93.47200000000001
435,0 days 01:46:02.051000,VER,3,0 days 00:01:33.778000,28.0,2.0,,,32.682,34.989,26.107,0 days 01:45:00.993000,0 days 01:45:35.982000,0 days 01:46:02.089000,213.0,186.0,269.0,305.0,False,HARD,22.0,True,Red Bull Racing,0 days 01:44:28.273000,2026-05-03 17:51:09.018,1,1.0,False,,False,True,93.778,93.77799999999999
436,0 days 01:47:36.401000,VER,3,0 days 00:01:34.350000,29.0,2.0,,,32.511,35.479,26.36,0 days 01:46:34.600000,0 days 01:47:10.079000,0 days 01:47:36.439000,213.0,186.0,268.0,291.0,False,HARD,23.0,True,Red Bull Racing,0 days 01:46:02.051000,2026-05-03 17:52:42.796,1,3.0,False,,False,True,94.35,94.35000000000001
437,0 days 01:49:10.573000,VER,3,0 days 00:01:34.172000,30.0,2.0,,,33.217,35.019,25.936,0 days 01:48:09.656000,0 days 01:48:44.675000,0 days 01:49:10.611000,212.0,186.0,260.0,311.0,False,HARD,24.0,True,Red Bull Racing,0 days 01:47:36.401000,2026-05-03 17:54:17.146,1,3.0,False,,False,True,94.172,94.172
438,0 days 01:50:43.854000,VER,3,0 days 00:01:33.281000,31.0,2.0,,,32.645,34.792,25.844,0 days 01:49:43.256000,0 days 01:50:18.048000,0 days 01:50:43.892000,212.0,187.0,268.0,311.0,False,HARD,25.0,True,Red Bull Racing,0 days 01:49:10.573000,2026-05-03 17:55:51.318,1,3.0,False,,False,True,93.281,93.281
439,0 days 01:52:17.436000,VER,3,0 days 00:01:33.582000,32.0,2.0,,,32.659,34.932,25.991,0 days 01:51:16.551000,0 days 01:51:51.483000,0 days 01:52:17.474000,212.0,186.0,266.0,307.0,False,HARD,26.0,True,Red Bull Racing,0 days 01:50:43.854000,2026-05-03 17:57:24.599,1,3.0,False,,False,True,93.582,93.58200000000001
440,0 days 01:53:50.978000,VER,3,0 days 00:01:33.542000,33.0,2.0,,,32.559,34.999,25.984,0 days 01:52:50.033000,0 days 01:53:25.032000,0 days 01:53:51.016000,213.0,185.0,269.0,307.0,False,HARD,27.0,True,Red Bull Racing,0 days 01:52:17.436000,2026-05-03 17:58:58.181,1,3.0,False,,False,True,93.542,93.542
441,0 days 01:55:24.440000,VER,3,0 days 00:01:33.462000,34.0,2.0,,,32.505,35.076,25.881,0 days 01:54:23.521000,0 days 01:54:58.597000,0 days 01:55:24.478000,214.0,187.0,265.0,308.0,False,HARD,28.0,True,Red Bull Racing,0 days 01:53:50.978000,2026-05-03 18:00:31.723,1,3.0,False,,False,True,93.462,93.462
442,0 days 01:56:57.890000,VER,3,0 days 00:01:33.450000,35.0,2.0,,,32.522,34.937,25.991,0 days 01:55:57,0 days 01:56:31.937000,0 days 01:56:57.928000,214.0,187.0,264.0,308.0,False,HARD,29.0,True,Red Bull Racing,0 days 01:55:24.440000,2026-05-03 18:02:05.185,1,3.0,False,,False,True,93.45,93.45
443,0 days 01:58:31.244000,VER,3,0 days 00:01:33.354000,36.0,2.0,,,32.448,35.032,25.874,0 days 01:57:30.376000,0 days 01:58:05.408000,0 days 01:58:31.282000,211.0,188.0,271.0,309.0,False,HARD,30.0,True,Red Bull Racing,0 days 01:56:57.890000,2026-05-03 18:03:38.635,1,3.0,False,,False,True,93.354,93.35399999999998
444,0 days 02:00:04.357000,VER,3,0 days 00:01:33.113000,37.0,2.0,,,32.275,34.857,25.981,0 days 01:59:03.557000,0 days 01:59:38.414000,0 days 02:00:04.395000,210.0,185.0,267.0,308.0,False,HARD,31.0,True,Red Bull Racing,0 days 01:58:31.244000,2026-05-03 18:05:11.989,1,3.0,False,,False,True,93.113,93.113
445,0 days 02:01:37.505000,VER,3,0 days 00:01:33.148000,38.0,2.0,,,32.46,34.804,25.884,0 days 02:00:36.855000,0 days 02:01:11.659000,0 days 02:01:37.543000,212.0,187.0,268.0,311.0,False,HARD,32.0,True,Red Bull Racing,0 days 02:00:04.357000,2026-05-03 18:06:45.102,1,3.0,False,,False,True,93.148,93.14800000000001
446,0 days 02:03:10.673000,VER,3,0 days 00:01:33.168000,39.0,2.0,,,32.419,34.793,25.956,0 days 02:02:09.962000,0 days 02:02:44.755000,0 days 02:03:10.711000,213.0,187.0,265.0,309.0,False,HARD,33.0,True,Red Bull Racing,0 days 02:01:37.505000,2026-05-03 18:08:18.250,1,3.0,False,,False,True,93.168,93.16799999999999
447,0 days 02:04:44.178000,VER,3,0 days 00:01:33.505000,40.0,2.0,,,32.504,34.933,26.068,0 days 02:03:43.215000,0 days 02:04:18.148000,0 days 02:04:44.216000,212.0,181.0,270.0,310.0,False,HARD,34.0,True,Red Bull Racing,0 days 02:03:10.673000,2026-05-03 18:09:51.418,1,3.0,False,,False,True,93.505,93.505
448,0 days 02:06:17.953000,VER,3,0 days 00:01:33.775000,41.0,2.0,,,32.602,35.135,26.038,0 days 02:05:16.818000,0 days 02:05:51.953000,0 days 02:06:17.991000,210.0,185.0,267.0,307.0,False,HARD,35.0,True,Red Bull Racing,0 days 02:04:44.178000,2026-05-03 18:11:24.923,1,3.0,False,,False,True,93.775,93.77499999999999
449,0 days 02:07:51.335000,VER,3,0 days 00:01:33.382000,42.0,2.0,,,32.465,34.912,26.005,0 days 02:06:50.456000,0 days 02:07:25.368000,0 days 02:07:51.373000,213.0,187.0,268.0,307.0,False,HARD,36.0,True,Red Bull Racing,0 days 02:06:17.953000,2026-05-03 18:12:58.698,1,3.0,False,,False,True,93.382,93.382
450,0 days 02:09:25.074000,VER,3,0 days 00:01:33.739000,43.0,2.0,,,32.505,35.118,26.116,0 days 02:08:23.878000,0 days 02:08:58.996000,0 days 02:09:25.112000,213.0,186.0,269.0,306.0,False,HARD,37.0,True,Red Bull Racing,0 days 02:07:51.335000,2026-05-03 18:14:32.080,1,3.0,False,,False,True,93.739,93.739
451,0 days 02:10:58.725000,VER,3,0 days 00:01:33.651000,44.0,2.0,,,32.412,35.029,26.21,0 days 02:09:57.524000,0 days 02:10:32.553000,0 days 02:10:58.763000,215.0,187.0,268.0,306.0,False,HARD,38.0,True,Red Bull Racing,0 days 02:09:25.074000,2026-05-03 18:16:05.819,1,3.0,False,,False,True,93.651,93.65100000000001
452,0 days 02:12:32.173000,VER,3,0 days 00:01:33.448000,45.0,2.0,,,32.439,34.922,26.087,0 days 02:11:31.202000,0 days 02:12:06.124000,0 days 02:12:32.211000,213.0,188.0,269.0,306.0,False,HARD,39.0,True,Red Bull Racing,0 days 02:10:58.725000,2026-05-03 18:17:39.470,1,3.0,False,,False,True,93.448,93.448
453,0 days 02:14:05.866000,VER,3,0 days 00:01:33.693000,46.0,2.0,,,32.459,35.079,26.155,0 days 02:13:04.670000,0 days 02:13:39.749000,0 days 02:14:05.904000,213.0,188.0,266.0,305.0,False,HARD,40.0,True,Red Bull Racing,0 days 02:12:32.173000,2026-05-03 18:19:12.918,1,3.0,False,,False,True,93.693,93.69300000000001
454,0 days 02:15:40.849000,VER,3,0 days 00:01:34.983000,47.0,2.0,,,33.212,35.883,25.888,0 days 02:14:39.116000,0 days 02:15:14.999000,0 days 02:15:40.887000,213.0,184.0,274.0,316.0,False,HARD,41.0,True,Red Bull Racing,0 days 02:14:05.866000,2026-05-03 18:20:46.611,1,4.0,False,,False,True,94.983,94.983
455,0 days 02:17:15.217000,VER,3,0 days 00:01:34.368000,48.0,2.0,,,32.932,35.271,26.165,0 days 02:16:13.819000,0 days 02:16:49.090000,0 days 02:17:15.255000,213.0,184.0,280.0,313.0,False,HARD,42.0,True,Red Bull Racing,0 days 02:15:40.849000,2026-05-03 18:22:21.594,12,5.0,False,,False,True,94.368,94.368
456,0 days 02:18:49.617000,VER,3,0 days 00:01:34.400000,49.0,2.0,,,33.206,35.187,26.007,0 days 02:17:48.461000,0 days 02:18:23.648000,0 days 02:18:49.655000,211.0,185.0,274.0,317.0,False,HARD,43.0,True,Red Bull Racing,0 days 02:17:15.217000,2026-05-03 18:23:55.962,1,5.0,False,,False,True,94.4,94.4
457,0 days 02:20:23.209000,VER,3,0 days 00:01:33.592000,50.0,2.0,,,32.683,35.044,25.865,0 days 02:19:22.338000,0 days 02:19:57.382000,0 days 02:20:23.247000,212.0,184.0,273.0,314.0,False,HARD,44.0,True,Red Bull Racing,0 days 02:18:49.617000,2026-05-03 18:25:30.362,1,5.0,False,,False,True,93.592,93.592
458,0 days 02:21:57.104000,VER,3,0 days 00:01:33.895000,51.0,2.0,,,32.724,35.058,26.113,0 days 02:20:55.971000,0 days 02:21:31.029000,0 days 02:21:57.142000,214.0,186.0,272.0,312.0,False,HARD,45.0,True,Red Bull Racing,0 days 02:20:23.209000,2026-05-03 18:27:03.954,1,5.0,False,,False,True,93.895,93.895
459,0 days 02:23:31.035000,VER,3,0 days 00:01:33.931000,52.0,2.0,,,32.572,35.269,26.09,0 days 02:22:29.714000,0 days 02:23:04.983000,0 days 02:23:31.073000,213.0,186.0,270.0,311.0,False,HARD,46.0,True,Red Bull Racing,0 days 02:21:57.104000,2026-05-03 18:28:37.849,1,5.0,False,,False,True,93.931,93.93100000000001
460,0 days 02:25:04.908000,VER,3,0 days 00:01:33.873000,53.0,2.0,,,32.605,35.153,26.115,0 days 02:24:03.678000,0 days 02:24:38.831000,0 days 02:25:04.946000,213.0,187.0,273.0,309.0,False,HARD,47.0,True,Red Bull Racing,0 days 02:23:31.035000,2026-05-03 18:30:11.780,1,5.0,False,,False,True,93.873,93.87299999999999
461,0 days 02:26:39.151000,VER,3,0 days 00:01:34.243000,54.0,2.0,,,32.642,35.278,26.323,0 days 02:25:37.588000,0 days 02:26:12.866000,0 days 02:26:39.189000,214.0,188.0,267.0,309.0,False,HARD,48.0,True,Red Bull Racing,0 days 02:25:04.908000,2026-05-03 18:31:45.653,1,5.0,False,,False,True,94.243,94.243
462,0 days 02:28:15.024000,VER,3,0 days 00:01:35.873000,55.0,2.0,,,33.478,35.839,26.556,0 days 02:27:12.667000,0 days 02:27:48.506000,0 days 02:28:15.062000,213.0,185.0,268.0,323.0,False,HARD,49.0,True,Red Bull Racing,0 days 02:26:39.151000,2026-05-03 18:33:19.896,1,5.0,False,,False,True,95.873,95.873
463,0 days 02:29:50.601000,VER,3,0 days 00:01:35.577000,56.0,2.0,,,32.976,35.948,26.653,0 days 02:28:48.038000,0 days 02:29:23.986000,0 days 02:29:50.639000,213.0,184.0,269.0,324.0,False,HARD,50.0,True,Red Bull Racing,0 days 02:28:15.024000,2026-05-03 18:34:55.769,1,6.0,False,,False,True,95.577,95.577
464,0 days 02:31:25.215000,VER,3,0 days 00:01:34.614000,57.0,2.0,,,33.098,35.275,26.241,0 days 02:30:23.737000,0 days 02:30:59.012000,0 days 02:31:25.253000,211.0,182.0,249.0,330.0,False,HARD,51.0,True,Red Bull Racing,0 days 02:29:50.601000,2026-05-03 18:36:31.346,12,5.0,False,,False,True,94.614,94.61399999999999
465,0 days 00:59:04.834000,LAW,30,0 days 00:01:42.841000,1.0,1.0,,,,36.127,25.913,,0 days 00:58:39.118000,0 days 00:59:04.951000,199.0,186.0,256.0,310.0,False,MEDIUM,1.0,True,Racing Bulls,0 days 00:57:21.749000,2026-05-03 17:04:02.494,1,8.0,False,,False,False,102.841,
466,0 days 01:00:41.913000,LAW,30,0 days 00:01:37.079000,2.0,1.0,,,33.722,36.87,26.487,0 days 00:59:38.672000,0 days 01:00:15.542000,0 days 01:00:42.029000,212.0,186.0,255.0,293.0,True,MEDIUM,2.0,True,Racing Bulls,0 days 00:59:04.834000,2026-05-03 17:05:45.579,1,9.0,False,,False,True,97.079,97.079
467,0 days 01:02:16.727000,LAW,30,0 days 00:01:34.814000,3.0,1.0,,,33.437,35.147,26.23,0 days 01:01:15.466000,0 days 01:01:50.613000,0 days 01:02:16.843000,213.0,186.0,262.0,305.0,True,MEDIUM,3.0,True,Racing Bulls,0 days 01:00:41.913000,2026-05-03 17:07:22.658,1,9.0,False,,False,True,94.814,94.81400000000001
468,0 days 01:03:51.911000,LAW,30,0 days 00:01:35.184000,4.0,1.0,,,33.415,35.368,26.401,0 days 01:02:50.258000,0 days 01:03:25.626000,0 days 01:03:52.027000,212.0,186.0,260.0,300.0,False,MEDIUM,4.0,True,Racing Bulls,0 days 01:02:16.727000,2026-05-03 17:08:57.472,1,9.0,False,,False,True,95.184,95.184
469,0 days 01:05:54.763000,LAW,30,0 days 00:02:02.852000,5.0,1.0,,,34.619,35.83,52.403,0 days 01:04:26.646000,0 days 01:05:02.476000,0 days 01:05:54.879000,208.0,182.0,153.0,301.0,False,MEDIUM,5.0,True,Racing Bulls,0 days 01:03:51.911000,2026-05-03 17:10:32.656,124,19.0,False,,False,False,122.852,122.852
470,0 days 01:08:37.851000,LAW,30,,6.0,1.0,,0 days 01:08:31.785000,50.513,49.357,63.212,0 days 01:06:45.398000,0 days 01:07:34.758000,0 days 01:08:38.076000,143.0,100.0,,102.0,False,MEDIUM,6.0,True,Racing Bulls,0 days 01:05:54.763000,2026-05-03 17:12:35.508,4,20.0,False,,False,False,,163.082
471,0 days 00:59:07.493000,OCO,31,0 days 00:01:45.500000,1.0,1.0,,,,37.375,25.924,,0 days 00:58:41.701000,0 days 00:59:07.796000,209.0,185.0,289.0,296.0,False,MEDIUM,1.0,True,Haas F1 Team,0 days 00:57:21.749000,2026-05-03 17:04:02.494,1,13.0,False,,False,False,105.5,
472,0 days 01:00:44.961000,OCO,31,0 days 00:01:37.468000,2.0,1.0,,,35.371,36.014,26.083,0 days 00:59:42.917000,0 days 01:00:18.931000,0 days 01:00:45.014000,213.0,183.0,278.0,325.0,True,MEDIUM,2.0,True,Haas F1 Team,0 days 00:59:07.493000,2026-05-03 17:05:48.238,1,14.0,False,,False,True,97.468,97.468
473,0 days 01:02:20.142000,OCO,31,0 days 00:01:35.181000,3.0,1.0,,,34.036,35.311,25.834,0 days 01:01:19.050000,0 days 01:01:54.361000,0 days 01:02:20.195000,211.0,185.0,276.0,325.0,True,MEDIUM,3.0,True,Haas F1 Team,0 days 01:00:44.961000,2026-05-03 17:07:25.706,1,14.0,False,,False,True,95.181,95.18100000000001
474,0 days 01:03:55.606000,OCO,31,0 days 00:01:35.464000,4.0,1.0,,,34.01,35.389,26.065,0 days 01:02:54.205000,0 days 01:03:29.594000,0 days 01:03:55.659000,211.0,185.0,277.0,309.0,False,MEDIUM,4.0,True,Haas F1 Team,0 days 01:02:20.142000,2026-05-03 17:09:00.887,1,14.0,False,,False,True,95.464,95.464
475,0 days 01:05:30.912000,OCO,31,0 days 00:01:35.306000,5.0,1.0,,,33.823,35.446,26.037,0 days 01:04:29.482000,0 days 01:05:04.928000,0 days 01:05:30.965000,210.0,184.0,276.0,314.0,False,MEDIUM,5.0,True,Haas F1 Team,0 days 01:03:55.606000,2026-05-03 17:10:36.351,12,12.0,False,,False,True,95.306,95.30600000000001
476,0 days 01:07:46.253000,OCO,31,0 days 00:02:15.341000,6.0,1.0,,,45.536,48.146,41.659,0 days 01:06:16.501000,0 days 01:07:04.647000,0 days 01:07:46.306000,193.0,128.0,203.0,142.0,False,MEDIUM,6.0,True,Haas F1 Team,0 days 01:05:30.912000,2026-05-03 17:12:11.657,24,12.0,False,,False,False,135.341,135.341
477,0 days 01:09:55.159000,OCO,31,0 days 00:02:08.906000,7.0,1.0,,,37.501,48.15,43.255,0 days 01:08:23.807000,0 days 01:09:11.957000,0 days 01:09:55.212000,198.0,99.0,246.0,84.0,False,MEDIUM,7.0,True,Haas F1 Team,0 days 01:07:46.253000,2026-05-03 17:14:26.998,4,11.0,False,,False,False,128.906,128.906
478,0 days 01:12:19.060000,OCO,31,0 days 00:02:23.901000,8.0,1.0,,,45.215,58.318,40.368,0 days 01:10:40.427000,0 days 01:11:38.745000,0 days 01:12:19.113000,96.0,53.0,230.0,98.0,False,MEDIUM,8.0,True,Haas F1 Team,0 days 01:09:55.159000,2026-05-03 17:16:35.904,4,11.0,False,,False,False,143.901,143.901
479,0 days 01:14:42.215000,OCO,31,0 days 00:02:23.155000,9.0,1.0,,,44.659,58.107,40.389,0 days 01:13:03.772000,0 days 01:14:01.879000,0 days 01:14:42.268000,97.0,66.0,234.0,150.0,False,MEDIUM,9.0,True,Haas F1 Team,0 days 01:12:19.060000,2026-05-03 17:18:59.805,4,11.0,False,,False,False,143.155,143.155
480,0 days 01:17:02.195000,OCO,31,0 days 00:02:19.980000,10.0,1.0,,,47.124,57.919,34.937,0 days 01:15:29.392000,0 days 01:16:27.311000,0 days 01:17:02.248000,95.0,83.0,239.0,162.0,False,MEDIUM,10.0,True,Haas F1 Team,0 days 01:14:42.215000,2026-05-03 17:21:22.960,4,11.0,False,,False,False,139.98,139.98000000000002
481,0 days 01:19:26.335000,OCO,31,0 days 00:02:24.140000,11.0,1.0,,,47.089,46.108,50.943,0 days 01:17:49.337000,0 days 01:18:35.445000,0 days 01:19:26.388000,121.0,128.0,284.0,47.0,False,MEDIUM,11.0,True,Haas F1 Team,0 days 01:17:02.195000,2026-05-03 17:23:42.940,41,11.0,False,,False,False,144.14,144.14
482,0 days 01:21:01.548000,OCO,31,0 days 00:01:35.213000,12.0,1.0,,,33.691,35.613,25.909,0 days 01:20:00.079000,0 days 01:20:35.692000,0 days 01:21:01.601000,210.0,186.0,281.0,301.0,False,MEDIUM,12.0,True,Haas F1 Team,0 days 01:19:26.335000,2026-05-03 17:26:07.080,1,11.0,False,,False,True,95.213,95.213
483,0 days 01:22:36.618000,OCO,31,0 days 00:01:35.070000,13.0,1.0,,,33.916,35.39,25.764,0 days 01:21:35.517000,0 days 01:22:10.907000,0 days 01:22:36.671000,210.0,185.0,276.0,294.0,True,MEDIUM,13.0,True,Haas F1 Team,0 days 01:21:01.548000,2026-05-03 17:27:42.293,1,11.0,False,,False,True,95.07,95.07
484,0 days 01:24:11.480000,OCO,31,0 days 00:01:34.862000,14.0,1.0,,,33.69,35.293,25.879,0 days 01:23:10.361000,0 days 01:23:45.654000,0 days 01:24:11.533000,212.0,184.0,278.0,309.0,True,MEDIUM,14.0,True,Haas F1 Team,0 days 01:22:36.618000,2026-05-03 17:29:17.363,1,11.0,False,,False,True,94.862,94.86200000000001
485,0 days 01:25:47.145000,OCO,31,0 days 00:01:35.665000,15.0,1.0,,,34.035,35.537,26.093,0 days 01:24:45.568000,0 days 01:25:21.105000,0 days 01:25:47.198000,211.0,184.0,277.0,321.0,False,MEDIUM,15.0,True,Haas F1 Team,0 days 01:24:11.480000,2026-05-03 17:30:52.225,1,12.0,False,,False,True,95.665,95.665
486,0 days 01:27:22.341000,OCO,31,0 days 00:01:35.196000,16.0,1.0,,,33.716,35.456,26.024,0 days 01:26:20.914000,0 days 01:26:56.370000,0 days 01:27:22.394000,211.0,184.0,281.0,316.0,False,MEDIUM,16.0,True,Haas F1 Team,0 days 01:25:47.145000,2026-05-03 17:32:27.890,12,12.0,False,,False,True,95.196,95.196
487,0 days 01:28:57.468000,OCO,31,0 days 00:01:35.127000,17.0,1.0,,,33.727,35.455,25.945,0 days 01:27:56.121000,0 days 01:28:31.576000,0 days 01:28:57.521000,211.0,184.0,278.0,312.0,False,MEDIUM,17.0,True,Haas F1 Team,0 days 01:27:22.341000,2026-05-03 17:34:03.086,1,12.0,False,,False,True,95.127,95.12699999999998
488,0 days 01:30:32.694000,OCO,31,0 days 00:01:35.226000,18.0,1.0,,,33.745,35.535,25.946,0 days 01:29:31.266000,0 days 01:30:06.801000,0 days 01:30:32.747000,210.0,183.0,281.0,315.0,False,MEDIUM,18.0,True,Haas F1 Team,0 days 01:28:57.468000,2026-05-03 17:35:38.213,1,12.0,False,,False,True,95.226,95.226
489,0 days 01:32:07.660000,OCO,31,0 days 00:01:34.966000,19.0,1.0,,,33.522,35.479,25.965,0 days 01:31:06.269000,0 days 01:31:41.748000,0 days 01:32:07.713000,209.0,183.0,281.0,316.0,False,MEDIUM,19.0,True,Haas F1 Team,0 days 01:30:32.694000,2026-05-03 17:37:13.439,1,12.0,False,,False,True,94.966,94.96600000000001
490,0 days 01:33:42.870000,OCO,31,0 days 00:01:35.210000,20.0,1.0,,,33.664,35.576,25.97,0 days 01:32:41.377000,0 days 01:33:16.953000,0 days 01:33:42.923000,209.0,182.0,281.0,318.0,False,MEDIUM,20.0,True,Haas F1 Team,0 days 01:32:07.660000,2026-05-03 17:38:48.405,1,12.0,False,,False,True,95.21,95.21000000000001
491,0 days 01:35:17.987000,OCO,31,0 days 00:01:35.117000,21.0,1.0,,,33.593,35.607,25.917,0 days 01:34:16.516000,0 days 01:34:52.123000,0 days 01:35:18.040000,209.0,182.0,281.0,316.0,False,MEDIUM,21.0,True,Haas F1 Team,0 days 01:33:42.870000,2026-05-03 17:40:23.615,1,11.0,False,,False,True,95.117,95.117
492,0 days 01:36:54.157000,OCO,31,0 days 00:01:36.170000,22.0,1.0,,,33.604,36.195,26.371,0 days 01:35:51.644000,0 days 01:36:27.839000,0 days 01:36:54.210000,209.0,183.0,283.0,271.0,False,MEDIUM,22.0,True,Haas F1 Team,0 days 01:35:17.987000,2026-05-03 17:41:58.732,1,12.0,False,,False,True,96.17,96.17
493,0 days 01:38:29.158000,OCO,31,0 days 00:01:35.001000,23.0,1.0,,,33.681,35.441,25.879,0 days 01:37:27.891000,0 days 01:38:03.332000,0 days 01:38:29.211000,210.0,183.0,278.0,320.0,False,MEDIUM,23.0,True,Haas F1 Team,0 days 01:36:54.157000,2026-05-03 17:43:34.902,1,12.0,False,,False,True,95.001,95.001
494,0 days 01:40:04.371000,OCO,31,0 days 00:01:35.213000,24.0,1.0,,,33.823,35.486,25.904,0 days 01:39:03.034000,0 days 01:39:38.520000,0 days 01:40:04.424000,212.0,185.0,284.0,315.0,False,MEDIUM,24.0,True,Haas F1 Team,0 days 01:38:29.158000,2026-05-03 17:45:09.903,1,12.0,False,,False,True,95.213,95.213
495,0 days 01:41:39.774000,OCO,31,0 days 00:01:35.403000,25.0,1.0,,,33.702,35.717,25.984,0 days 01:40:38.126000,0 days 01:41:13.843000,0 days 01:41:39.827000,210.0,185.0,282.0,314.0,False,MEDIUM,25.0,True,Haas F1 Team,0 days 01:40:04.371000,2026-05-03 17:46:45.116,1,12.0,False,,False,True,95.403,95.40299999999999
496,0 days 01:43:14.785000,OCO,31,0 days 00:01:35.011000,26.0,1.0,,,33.447,35.522,26.042,0 days 01:42:13.274000,0 days 01:42:48.796000,0 days 01:43:14.838000,210.0,184.0,281.0,314.0,False,MEDIUM,26.0,True,Haas F1 Team,0 days 01:41:39.774000,2026-05-03 17:48:20.519,1,11.0,False,,False,True,95.011,95.011
497,0 days 01:44:50.254000,OCO,31,0 days 00:01:35.469000,27.0,1.0,,,33.665,35.687,26.117,0 days 01:43:48.503000,0 days 01:44:24.190000,0 days 01:44:50.307000,208.0,185.0,278.0,309.0,False,MEDIUM,27.0,True,Haas F1 Team,0 days 01:43:14.785000,2026-05-03 17:49:55.530,1,10.0,False,,False,True,95.469,95.46900000000001
498,0 days 01:46:25.722000,OCO,31,0 days 00:01:35.468000,28.0,1.0,,,33.831,35.598,26.039,0 days 01:45:24.138000,0 days 01:45:59.736000,0 days 01:46:25.775000,209.0,184.0,281.0,310.0,False,MEDIUM,28.0,True,Haas F1 Team,0 days 01:44:50.254000,2026-05-03 17:51:30.999,1,10.0,False,,False,True,95.468,95.468
499,0 days 01:48:01.248000,OCO,31,0 days 00:01:35.526000,29.0,1.0,,,33.511,35.71,26.305,0 days 01:46:59.286000,0 days 01:47:34.996000,0 days 01:48:01.301000,209.0,184.0,277.0,307.0,False,MEDIUM,29.0,True,Haas F1 Team,0 days 01:46:25.722000,2026-05-03 17:53:06.467,1,9.0,False,,False,True,95.526,95.52600000000001
500,0 days 01:49:36.641000,OCO,31,0 days 00:01:35.393000,30.0,1.0,,,33.602,35.655,26.136,0 days 01:48:34.903000,0 days 01:49:10.558000,0 days 01:49:36.694000,209.0,184.0,281.0,306.0,False,MEDIUM,30.0,True,Haas F1 Team,0 days 01:48:01.248000,2026-05-03 17:54:41.993,1,9.0,False,,False,True,95.393,95.393
501,0 days 01:51:16.977000,OCO,31,0 days 00:01:40.336000,31.0,1.0,,0 days 01:51:11.591000,33.441,35.398,31.497,0 days 01:50:10.135000,0 days 01:50:45.533000,0 days 01:51:17.030000,210.0,186.0,,310.0,False,MEDIUM,31.0,True,Haas F1 Team,0 days 01:49:36.641000,2026-05-03 17:56:17.386,1,10.0,False,,False,False,100.336,100.336
502,0 days 01:53:06.431000,OCO,31,0 days 00:01:49.454000,32.0,2.0,0 days 01:51:35.658000,,48.709,34.877,25.868,0 days 01:52:05.739000,0 days 01:52:40.616000,0 days 01:53:06.484000,216.0,191.0,279.0,306.0,False,HARD,1.0,True,Haas F1 Team,0 days 01:51:16.977000,2026-05-03 17:57:57.722,1,13.0,False,,False,False,109.454,109.45400000000001
503,0 days 01:54:40.143000,OCO,31,0 days 00:01:33.712000,33.0,2.0,,,32.71,35.083,25.919,0 days 01:53:39.194000,0 days 01:54:14.277000,0 days 01:54:40.196000,215.0,189.0,278.0,305.0,True,HARD,2.0,True,Haas F1 Team,0 days 01:53:06.431000,2026-05-03 17:59:47.176,1,12.0,False,,False,True,93.712,93.712
504,0 days 01:56:14.194000,OCO,31,0 days 00:01:34.051000,34.0,2.0,,,32.781,35.359,25.911,0 days 01:55:12.977000,0 days 01:55:48.336000,0 days 01:56:14.247000,212.0,187.0,279.0,306.0,False,HARD,3.0,True,Haas F1 Team,0 days 01:54:40.143000,2026-05-03 18:01:20.888,1,12.0,False,,False,True,94.051,94.051
505,0 days 01:57:48.064000,OCO,31,0 days 00:01:33.870000,35.0,2.0,,,32.718,35.265,25.887,0 days 01:56:46.965000,0 days 01:57:22.230000,0 days 01:57:48.117000,214.0,186.0,279.0,306.0,False,HARD,4.0,True,Haas F1 Team,0 days 01:56:14.194000,2026-05-03 18:02:54.939,1,12.0,False,,False,True,93.87,93.87
506,0 days 01:59:22.314000,OCO,31,0 days 00:01:34.250000,36.0,2.0,,,32.911,35.358,25.981,0 days 01:58:21.028000,0 days 01:58:56.386000,0 days 01:59:22.367000,212.0,187.0,279.0,305.0,False,HARD,5.0,True,Haas F1 Team,0 days 01:57:48.064000,2026-05-03 18:04:28.809,1,12.0,False,,False,True,94.25,94.25
507,0 days 02:00:56.675000,OCO,31,0 days 00:01:34.361000,37.0,2.0,,,32.983,35.361,26.017,0 days 01:59:55.350000,0 days 02:00:30.711000,0 days 02:00:56.728000,211.0,186.0,279.0,305.0,False,HARD,6.0,True,Haas F1 Team,0 days 01:59:22.314000,2026-05-03 18:06:03.059,1,12.0,False,,False,True,94.361,94.36099999999999
508,0 days 02:02:31.213000,OCO,31,0 days 00:01:34.538000,38.0,2.0,,,33.133,35.425,25.98,0 days 02:01:29.861000,0 days 02:02:05.286000,0 days 02:02:31.266000,212.0,186.0,282.0,304.0,False,HARD,7.0,True,Haas F1 Team,0 days 02:00:56.675000,2026-05-03 18:07:37.420,1,12.0,False,,False,True,94.538,94.538
509,0 days 02:04:05.642000,OCO,31,0 days 00:01:34.429000,39.0,2.0,,,33.03,35.406,25.993,0 days 02:03:04.296000,0 days 02:03:39.702000,0 days 02:04:05.695000,212.0,185.0,280.0,305.0,False,HARD,8.0,True,Haas F1 Team,0 days 02:02:31.213000,2026-05-03 18:09:11.958,1,12.0,False,,False,True,94.429,94.429
510,0 days 02:05:40.106000,OCO,31,0 days 00:01:34.464000,40.0,2.0,,,33.158,35.392,25.914,0 days 02:04:38.853000,0 days 02:05:14.245000,0 days 02:05:40.159000,209.0,184.0,282.0,305.0,False,HARD,9.0,True,Haas F1 Team,0 days 02:04:05.642000,2026-05-03 18:10:46.387,1,12.0,False,,False,True,94.464,94.46400000000001
511,0 days 02:07:14.555000,OCO,31,0 days 00:01:34.449000,41.0,2.0,,,33.009,35.514,25.926,0 days 02:06:13.168000,0 days 02:06:48.682000,0 days 02:07:14.608000,212.0,187.0,282.0,306.0,False,HARD,10.0,True,Haas F1 Team,0 days 02:05:40.106000,2026-05-03 18:12:20.851,1,12.0,False,,False,True,94.449,94.449
512,0 days 02:08:49.144000,OCO,31,0 days 00:01:34.589000,42.0,2.0,,,33.019,35.555,26.015,0 days 02:07:47.627000,0 days 02:08:23.182000,0 days 02:08:49.197000,212.0,184.0,283.0,308.0,False,HARD,11.0,True,Haas F1 Team,0 days 02:07:14.555000,2026-05-03 18:13:55.300,1,12.0,False,,False,True,94.589,94.589
513,0 days 02:10:23.736000,OCO,31,0 days 00:01:34.592000,43.0,2.0,,,33.189,35.412,25.991,0 days 02:09:22.386000,0 days 02:09:57.798000,0 days 02:10:23.789000,212.0,187.0,282.0,305.0,False,HARD,12.0,True,Haas F1 Team,0 days 02:08:49.144000,2026-05-03 18:15:29.889,1,12.0,False,,False,True,94.592,94.592
514,0 days 02:11:58.263000,OCO,31,0 days 00:01:34.527000,44.0,2.0,,,33.04,35.515,25.972,0 days 02:10:56.829000,0 days 02:11:32.344000,0 days 02:11:58.316000,214.0,186.0,282.0,304.0,False,HARD,13.0,True,Haas F1 Team,0 days 02:10:23.736000,2026-05-03 18:17:04.481,1,12.0,False,,False,True,94.527,94.52700000000002
515,0 days 02:13:33.069000,OCO,31,0 days 00:01:34.806000,45.0,2.0,,,32.99,35.607,26.209,0 days 02:12:31.306000,0 days 02:13:06.913000,0 days 02:13:33.122000,211.0,185.0,281.0,303.0,False,HARD,14.0,True,Haas F1 Team,0 days 02:11:58.263000,2026-05-03 18:18:39.008,1,12.0,False,,False,True,94.806,94.80600000000001
516,0 days 02:15:08.724000,OCO,31,0 days 00:01:35.655000,46.0,2.0,,,33.245,36.421,25.989,0 days 02:14:06.367000,0 days 02:14:42.788000,0 days 02:15:08.777000,211.0,182.0,288.0,317.0,False,HARD,15.0,True,Haas F1 Team,0 days 02:13:33.069000,2026-05-03 18:20:13.814,1,13.0,False,,False,True,95.655,95.655
517,0 days 02:16:43.275000,OCO,31,0 days 00:01:34.551000,47.0,2.0,,,33.415,35.406,25.73,0 days 02:15:42.192000,0 days 02:16:17.598000,0 days 02:16:43.328000,213.0,183.0,278.0,319.0,False,HARD,16.0,True,Haas F1 Team,0 days 02:15:08.724000,2026-05-03 18:21:49.469,12,13.0,False,,False,True,94.551,94.551
518,0 days 02:18:17.535000,OCO,31,0 days 00:01:34.260000,48.0,2.0,,,33.311,35.213,25.736,0 days 02:17:16.639000,0 days 02:17:51.852000,0 days 02:18:17.588000,210.0,184.0,283.0,319.0,False,HARD,17.0,True,Haas F1 Team,0 days 02:16:43.275000,2026-05-03 18:23:24.020,1,13.0,False,,False,True,94.26,94.26
519,0 days 02:19:51.794000,OCO,31,0 days 00:01:34.259000,49.0,2.0,,,33.033,35.459,25.767,0 days 02:18:50.621000,0 days 02:19:26.080000,0 days 02:19:51.847000,212.0,183.0,286.0,317.0,False,HARD,18.0,True,Haas F1 Team,0 days 02:18:17.535000,2026-05-03 18:24:58.280,1,13.0,False,,False,True,94.259,94.259
520,0 days 02:21:28.473000,OCO,31,0 days 00:01:36.679000,50.0,2.0,,,33.093,37.155,26.431,0 days 02:20:24.940000,0 days 02:21:02.095000,0 days 02:21:28.526000,208.0,183.0,246.0,316.0,False,HARD,19.0,True,Haas F1 Team,0 days 02:19:51.794000,2026-05-03 18:26:32.539,1,13.0,False,,False,True,96.679,96.679
521,0 days 02:23:03.326000,OCO,31,0 days 00:01:34.853000,51.0,2.0,,,33.859,35.306,25.688,0 days 02:22:02.385000,0 days 02:22:37.691000,0 days 02:23:03.379000,210.0,183.0,288.0,317.0,False,HARD,20.0,True,Haas F1 Team,0 days 02:21:28.473000,2026-05-03 18:28:09.218,1,13.0,False,,False,True,94.853,94.853
522,0 days 02:24:37.765000,OCO,31,0 days 00:01:34.439000,52.0,2.0,,,33.152,35.399,25.888,0 days 02:23:36.531000,0 days 02:24:11.930000,0 days 02:24:37.818000,213.0,184.0,282.0,314.0,False,HARD,21.0,True,Haas F1 Team,0 days 02:23:03.326000,2026-05-03 18:29:44.071,1,13.0,False,,False,True,94.439,94.43900000000001
523,0 days 02:26:12.192000,OCO,31,0 days 00:01:34.427000,53.0,2.0,,,33.012,35.513,25.902,0 days 02:25:10.830000,0 days 02:25:46.343000,0 days 02:26:12.245000,212.0,184.0,283.0,313.0,False,HARD,22.0,True,Haas F1 Team,0 days 02:24:37.765000,2026-05-03 18:31:18.510,1,13.0,False,,False,True,94.427,94.427
524,0 days 02:27:46.316000,OCO,31,0 days 00:01:34.124000,54.0,2.0,,,33.026,35.308,25.79,0 days 02:26:45.271000,0 days 02:27:20.579000,0 days 02:27:46.369000,213.0,185.0,286.0,312.0,False,HARD,23.0,True,Haas F1 Team,0 days 02:26:12.192000,2026-05-03 18:32:52.937,1,13.0,False,,False,True,94.124,94.124
525,0 days 02:29:20.732000,OCO,31,0 days 00:01:34.416000,55.0,2.0,,,32.967,35.547,25.902,0 days 02:28:19.336000,0 days 02:28:54.883000,0 days 02:29:20.785000,212.0,182.0,285.0,312.0,False,HARD,24.0,True,Haas F1 Team,0 days 02:27:46.316000,2026-05-03 18:34:27.061,1,13.0,False,,False,True,94.416,94.416
526,0 days 02:30:55.139000,OCO,31,0 days 00:01:34.407000,56.0,2.0,,,33.071,35.469,25.867,0 days 02:29:53.856000,0 days 02:30:29.325000,0 days 02:30:55.192000,212.0,186.0,283.0,311.0,False,HARD,25.0,True,Haas F1 Team,0 days 02:29:20.732000,2026-05-03 18:36:01.477,12,13.0,False,,False,True,94.407,94.407
527,0 days 00:59:08.542000,LIN,41,0 days 00:01:46.549000,1.0,1.0,,,,37.844,26.021,,0 days 00:58:42.657000,0 days 00:59:08.740000,202.0,185.0,276.0,306.0,False,MEDIUM,1.0,True,Racing Bulls,0 days 00:57:21.749000,2026-05-03 17:04:02.494,1,15.0,False,,False,False,106.549,
528,0 days 01:00:45.282000,LIN,41,0 days 00:01:36.740000,2.0,1.0,,,34.996,35.818,25.926,0 days 00:59:43.625000,0 days 01:00:19.443000,0 days 01:00:45.369000,212.0,185.0,268.0,319.0,True,MEDIUM,2.0,True,Racing Bulls,0 days 00:59:08.542000,2026-05-03 17:05:49.287,1,15.0,False,,False,True,96.74,96.74
529,0 days 01:02:21.492000,LIN,41,0 days 00:01:36.210000,3.0,1.0,,,34.525,35.732,25.953,0 days 01:01:19.894000,0 days 01:01:55.626000,0 days 01:02:21.579000,207.0,184.0,257.0,299.0,True,MEDIUM,3.0,True,Racing Bulls,0 days 01:00:45.282000,2026-05-03 17:07:26.027,1,15.0,False,,False,True,96.21,96.21000000000001
530,0 days 01:03:57.147000,LIN,41,0 days 00:01:35.655000,4.0,1.0,,,33.944,35.655,26.056,0 days 01:02:55.523000,0 days 01:03:31.178000,0 days 01:03:57.234000,212.0,183.0,263.0,308.0,True,MEDIUM,4.0,True,Racing Bulls,0 days 01:02:21.492000,2026-05-03 17:09:02.237,1,15.0,False,,False,True,95.655,95.655
531,0 days 01:05:34.270000,LIN,41,0 days 00:01:37.123000,5.0,1.0,,,33.677,36.382,27.064,0 days 01:04:30.911000,0 days 01:05:07.293000,0 days 01:05:34.357000,212.0,183.0,263.0,309.0,False,MEDIUM,5.0,True,Racing Bulls,0 days 01:03:57.147000,2026-05-03 17:10:37.892,124,13.0,False,,False,False,97.123,97.12299999999999
532,0 days 01:07:48.478000,LIN,41,0 days 00:02:14.208000,6.0,1.0,,,44.482,48.237,41.489,0 days 01:06:18.839000,0 days 01:07:07.076000,0 days 01:07:48.565000,175.0,128.0,211.0,135.0,False,MEDIUM,6.0,True,Racing Bulls,0 days 01:05:34.270000,2026-05-03 17:12:15.015,4,13.0,False,,False,False,134.208,134.208
533,0 days 01:09:57.183000,LIN,41,0 days 00:02:08.705000,7.0,1.0,,,37.857,48.28,42.568,0 days 01:08:26.422000,0 days 01:09:14.702000,0 days 01:09:57.270000,182.0,124.0,221.0,85.0,False,MEDIUM,7.0,True,Racing Bulls,0 days 01:07:48.478000,2026-05-03 17:14:29.223,4,12.0,False,,False,False,128.705,128.70499999999998
534,0 days 01:12:20.171000,LIN,41,0 days 00:02:22.988000,8.0,1.0,,,44.134,58.493,40.361,0 days 01:10:41.404000,0 days 01:11:39.897000,0 days 01:12:20.258000,98.0,55.0,204.0,104.0,False,MEDIUM,8.0,True,Racing Bulls,0 days 01:09:57.183000,2026-05-03 17:16:37.928,4,12.0,False,,False,False,142.988,142.988
535,0 days 01:14:43.367000,LIN,41,0 days 00:02:23.196000,9.0,1.0,,,44.502,58.409,40.285,0 days 01:13:04.760000,0 days 01:14:03.169000,0 days 01:14:43.454000,101.0,72.0,208.0,146.0,False,MEDIUM,9.0,True,Racing Bulls,0 days 01:12:20.171000,2026-05-03 17:19:00.916,4,12.0,False,,False,False,143.196,143.196
536,0 days 01:17:04.311000,LIN,41,0 days 00:02:20.944000,10.0,1.0,,,46.754,58.795,35.395,0 days 01:15:30.208000,0 days 01:16:29.003000,0 days 01:17:04.398000,95.0,91.0,218.0,160.0,False,MEDIUM,10.0,True,Racing Bulls,0 days 01:14:43.367000,2026-05-03 17:21:24.112,4,12.0,False,,False,False,140.944,140.94400000000002
537,0 days 01:19:27.004000,LIN,41,0 days 00:02:22.693000,11.0,1.0,,,45.924,45.661,51.108,0 days 01:17:50.322000,0 days 01:18:35.983000,0 days 01:19:27.091000,126.0,132.0,275.0,46.0,False,MEDIUM,11.0,True,Racing Bulls,0 days 01:17:04.311000,2026-05-03 17:23:45.056,41,12.0,False,,False,False,142.693,142.693
538,0 days 01:21:03.780000,LIN,41,0 days 00:01:36.776000,12.0,1.0,,,33.856,36.82,26.1,0 days 01:20:00.947000,0 days 01:20:37.767000,0 days 01:21:03.867000,211.0,185.0,265.0,311.0,False,MEDIUM,12.0,True,Racing Bulls,0 days 01:19:27.004000,2026-05-03 17:26:07.749,1,12.0,False,,False,True,96.776,96.77600000000001
539,0 days 01:22:39.486000,LIN,41,0 days 00:01:35.706000,13.0,1.0,,,33.598,36.345,25.763,0 days 01:21:37.465000,0 days 01:22:13.810000,0 days 01:22:39.573000,211.0,183.0,271.0,315.0,False,MEDIUM,13.0,True,Racing Bulls,0 days 01:21:03.780000,2026-05-03 17:27:44.525,1,13.0,False,,False,True,95.706,95.706
540,0 days 01:24:14.719000,LIN,41,0 days 00:01:35.233000,14.0,1.0,,,33.496,35.842,25.895,0 days 01:23:13.069000,0 days 01:23:48.911000,0 days 01:24:14.806000,212.0,184.0,269.0,314.0,True,MEDIUM,14.0,True,Racing Bulls,0 days 01:22:39.486000,2026-05-03 17:29:20.231,1,13.0,False,,False,True,95.233,95.23299999999999
541,0 days 01:25:50.883000,LIN,41,0 days 00:01:36.164000,15.0,1.0,,,33.968,36.037,26.159,0 days 01:24:48.774000,0 days 01:25:24.811000,0 days 01:25:50.970000,211.0,185.0,266.0,310.0,False,MEDIUM,15.0,True,Racing Bulls,0 days 01:24:14.719000,2026-05-03 17:30:55.464,12,13.0,False,,False,True,96.164,96.16399999999999
542,0 days 01:27:26.700000,LIN,41,0 days 00:01:35.817000,16.0,1.0,,,33.648,35.857,26.312,0 days 01:26:24.618000,0 days 01:27:00.475000,0 days 01:27:26.787000,212.0,183.0,265.0,300.0,False,MEDIUM,16.0,True,Racing Bulls,0 days 01:25:50.883000,2026-05-03 17:32:31.628,21,13.0,False,,False,True,95.817,95.817
543,0 days 01:29:02.650000,LIN,41,0 days 00:01:35.950000,17.0,1.0,,,33.668,35.841,26.441,0 days 01:28:00.455000,0 days 01:28:36.296000,0 days 01:29:02.737000,212.0,182.0,257.0,295.0,False,MEDIUM,17.0,True,Racing Bulls,0 days 01:27:26.700000,2026-05-03 17:34:07.445,1,13.0,False,,False,True,95.95,95.95
544,0 days 01:30:38.590000,LIN,41,0 days 00:01:35.940000,18.0,1.0,,,33.705,35.777,26.458,0 days 01:29:36.442000,0 days 01:30:12.219000,0 days 01:30:38.677000,211.0,183.0,267.0,299.0,False,MEDIUM,18.0,True,Racing Bulls,0 days 01:29:02.650000,2026-05-03 17:35:43.395,1,13.0,False,,False,True,95.94,95.94
545,0 days 01:32:15.455000,LIN,41,0 days 00:01:36.865000,19.0,1.0,,,33.711,36.688,26.466,0 days 01:31:12.388000,0 days 01:31:49.076000,0 days 01:32:15.542000,212.0,182.0,269.0,300.0,False,MEDIUM,19.0,True,Racing Bulls,0 days 01:30:38.590000,2026-05-03 17:37:19.335,1,14.0,False,,False,True,96.865,96.86500000000001
546,0 days 01:33:51.877000,LIN,41,0 days 00:01:36.422000,20.0,1.0,,,34.424,35.772,26.226,0 days 01:32:49.966000,0 days 01:33:25.738000,0 days 01:33:51.964000,205.0,183.0,253.0,309.0,False,MEDIUM,20.0,True,Racing Bulls,0 days 01:32:15.455000,2026-05-03 17:38:56.200,1,14.0,False,,False,True,96.422,96.422
547,0 days 01:35:27.889000,LIN,41,0 days 00:01:36.012000,21.0,1.0,,,34.202,35.567,26.243,0 days 01:34:26.166000,0 days 01:35:01.733000,0 days 01:35:27.976000,209.0,182.0,252.0,312.0,False,MEDIUM,21.0,True,Racing Bulls,0 days 01:33:51.877000,2026-05-03 17:40:32.622,1,14.0,False,,False,True,96.012,96.012
548,0 days 01:37:03.842000,LIN,41,0 days 00:01:35.953000,22.0,1.0,,,34.124,35.53,26.299,0 days 01:36:02.100000,0 days 01:36:37.630000,0 days 01:37:03.929000,211.0,182.0,252.0,307.0,False,MEDIUM,22.0,True,Racing Bulls,0 days 01:35:27.889000,2026-05-03 17:42:08.634,1,14.0,False,,False,True,95.953,95.953
549,0 days 01:38:39.540000,LIN,41,0 days 00:01:35.698000,23.0,1.0,,,33.978,35.373,26.347,0 days 01:37:37.907000,0 days 01:38:13.280000,0 days 01:38:39.627000,211.0,183.0,251.0,307.0,False,MEDIUM,23.0,True,Racing Bulls,0 days 01:37:03.842000,2026-05-03 17:43:44.587,1,14.0,False,,False,True,95.698,95.69800000000001
550,0 days 01:40:15.431000,LIN,41,0 days 00:01:35.891000,24.0,1.0,,,33.953,35.552,26.386,0 days 01:39:13.580000,0 days 01:39:49.132000,0 days 01:40:15.518000,212.0,184.0,250.0,306.0,False,MEDIUM,24.0,True,Racing Bulls,0 days 01:38:39.540000,2026-05-03 17:45:20.285,1,14.0,False,,False,True,95.891,95.89099999999999
551,0 days 01:41:51.469000,LIN,41,0 days 00:01:36.038000,25.0,1.0,,,33.888,35.68,26.47,0 days 01:40:49.406000,0 days 01:41:25.086000,0 days 01:41:51.556000,212.0,182.0,248.0,303.0,False,MEDIUM,25.0,True,Racing Bulls,0 days 01:40:15.431000,2026-05-03 17:46:56.176,1,14.0,False,,False,True,96.038,96.038
552,0 days 01:43:27.304000,LIN,41,0 days 00:01:35.835000,26.0,1.0,,,33.84,35.591,26.404,0 days 01:42:25.396000,0 days 01:43:00.987000,0 days 01:43:27.391000,211.0,183.0,250.0,302.0,False,MEDIUM,26.0,True,Racing Bulls,0 days 01:41:51.469000,2026-05-03 17:48:32.214,1,14.0,False,,False,True,95.835,95.83500000000001
553,0 days 01:45:03.374000,LIN,41,0 days 00:01:36.070000,27.0,1.0,,,33.771,35.8,26.499,0 days 01:44:01.162000,0 days 01:44:36.962000,0 days 01:45:03.461000,212.0,184.0,267.0,298.0,False,MEDIUM,27.0,True,Racing Bulls,0 days 01:43:27.304000,2026-05-03 17:50:08.049,1,13.0,False,,False,True,96.07,96.07
554,0 days 01:46:44.297000,LIN,41,0 days 00:01:40.923000,28.0,1.0,,0 days 01:46:38.974000,33.437,35.694,31.792,0 days 01:45:36.898000,0 days 01:46:12.592000,0 days 01:46:44.384000,212.0,184.0,,295.0,False,MEDIUM,28.0,True,Racing Bulls,0 days 01:45:03.374000,2026-05-03 17:51:44.119,1,14.0,False,,False,False,100.923,100.923
555,0 days 01:48:33.324000,LIN,41,0 days 00:01:49.027000,29.0,2.0,0 days 01:47:01.672000,,47.962,35.117,25.948,0 days 01:47:32.346000,0 days 01:48:07.463000,0 days 01:48:33.411000,215.0,188.0,266.0,301.0,False,HARD,1.0,True,Racing Bulls,0 days 01:46:44.297000,2026-05-03 17:53:25.042,1,16.0,False,,False,False,109.027,109.02700000000002
556,0 days 01:50:07.382000,LIN,41,0 days 00:01:34.058000,30.0,2.0,,,32.711,35.166,26.181,0 days 01:49:06.122000,0 days 01:49:41.288000,0 days 01:50:07.469000,216.0,188.0,261.0,296.0,True,HARD,2.0,True,Racing Bulls,0 days 01:48:33.324000,2026-05-03 17:55:14.069,1,15.0,False,,False,True,94.058,94.05799999999999
557,0 days 01:51:41.557000,LIN,41,0 days 00:01:34.175000,31.0,2.0,,,32.902,35.173,26.1,0 days 01:50:40.371000,0 days 01:51:15.544000,0 days 01:51:41.644000,214.0,186.0,264.0,300.0,False,HARD,3.0,True,Racing Bulls,0 days 01:50:07.382000,2026-05-03 17:56:48.127,1,15.0,False,,False,True,94.175,94.17500000000001
558,0 days 01:53:15.935000,LIN,41,0 days 00:01:34.378000,32.0,2.0,,,33.105,35.231,26.042,0 days 01:52:14.749000,0 days 01:52:49.980000,0 days 01:53:16.022000,213.0,185.0,266.0,302.0,False,HARD,4.0,True,Racing Bulls,0 days 01:51:41.557000,2026-05-03 17:58:22.302,1,15.0,False,,False,True,94.378,94.378
559,0 days 01:54:51.006000,LIN,41,0 days 00:01:35.071000,33.0,2.0,,,33.427,35.369,26.275,0 days 01:53:49.449000,0 days 01:54:24.818000,0 days 01:54:51.093000,214.0,184.0,265.0,298.0,False,HARD,5.0,True,Racing Bulls,0 days 01:53:15.935000,2026-05-03 17:59:56.680,1,14.0,False,,False,True,95.071,95.071
560,0 days 01:56:26.029000,LIN,41,0 days 00:01:35.023000,34.0,2.0,,,33.2,35.599,26.224,0 days 01:55:24.293000,0 days 01:55:59.892000,0 days 01:56:26.116000,214.0,185.0,265.0,299.0,False,HARD,6.0,True,Racing Bulls,0 days 01:54:51.006000,2026-05-03 18:01:31.751,1,14.0,False,,False,True,95.023,95.02300000000001
561,0 days 01:58:00.893000,LIN,41,0 days 00:01:34.864000,35.0,2.0,,,32.987,35.51,26.367,0 days 01:56:59.103000,0 days 01:57:34.613000,0 days 01:58:00.980000,214.0,184.0,261.0,296.0,False,HARD,7.0,True,Racing Bulls,0 days 01:56:26.029000,2026-05-03 18:03:06.774,1,14.0,False,,False,True,94.864,94.864
562,0 days 01:59:35.756000,LIN,41,0 days 00:01:34.863000,36.0,2.0,,,33.1,35.574,26.189,0 days 01:58:34.080000,0 days 01:59:09.654000,0 days 01:59:35.843000,214.0,185.0,268.0,297.0,False,HARD,8.0,True,Racing Bulls,0 days 01:58:00.893000,2026-05-03 18:04:41.638,1,14.0,False,,False,True,94.863,94.863
563,0 days 02:01:10.814000,LIN,41,0 days 00:01:35.058000,37.0,2.0,,,33.09,35.633,26.335,0 days 02:00:08.933000,0 days 02:00:44.566000,0 days 02:01:10.901000,213.0,185.0,267.0,295.0,False,HARD,9.0,True,Racing Bulls,0 days 01:59:35.756000,2026-05-03 18:06:16.501,1,14.0,False,,False,True,95.058,95.05800000000002
564,0 days 02:02:45.543000,LIN,41,0 days 00:01:34.729000,38.0,2.0,,,33.054,35.359,26.316,0 days 02:01:43.955000,0 days 02:02:19.314000,0 days 02:02:45.630000,214.0,186.0,264.0,285.0,False,HARD,10.0,True,Racing Bulls,0 days 02:01:10.814000,2026-05-03 18:07:51.559,1,14.0,False,,False,True,94.729,94.72900000000001
565,0 days 02:04:20.091000,LIN,41,0 days 00:01:34.548000,39.0,2.0,,,32.963,35.428,26.157,0 days 02:03:18.593000,0 days 02:03:54.021000,0 days 02:04:20.178000,212.0,185.0,267.0,300.0,False,HARD,11.0,True,Racing Bulls,0 days 02:02:45.543000,2026-05-03 18:09:26.288,1,14.0,False,,False,True,94.548,94.54799999999999
566,0 days 02:05:54.772000,LIN,41,0 days 00:01:34.681000,40.0,2.0,,,33.038,35.381,26.262,0 days 02:04:53.216000,0 days 02:05:28.597000,0 days 02:05:54.859000,213.0,185.0,270.0,294.0,False,HARD,12.0,True,Racing Bulls,0 days 02:04:20.091000,2026-05-03 18:11:00.836,1,14.0,False,,False,True,94.681,94.681
567,0 days 02:07:29.448000,LIN,41,0 days 00:01:34.676000,41.0,2.0,,,32.956,35.391,26.329,0 days 02:06:27.815000,0 days 02:07:03.206000,0 days 02:07:29.535000,215.0,185.0,264.0,294.0,False,HARD,13.0,True,Racing Bulls,0 days 02:05:54.772000,2026-05-03 18:12:35.517,1,14.0,False,,False,True,94.676,94.67600000000002
568,0 days 02:09:03.958000,LIN,41,0 days 00:01:34.510000,42.0,2.0,,,33.025,35.39,26.095,0 days 02:08:02.560000,0 days 02:08:37.950000,0 days 02:09:04.045000,212.0,185.0,270.0,302.0,False,HARD,14.0,True,Racing Bulls,0 days 02:07:29.448000,2026-05-03 18:14:10.193,1,14.0,False,,False,True,94.51,94.50999999999999
569,0 days 02:10:38.644000,LIN,41,0 days 00:01:34.686000,43.0,2.0,,,33.056,35.481,26.149,0 days 02:09:37.101000,0 days 02:10:12.582000,0 days 02:10:38.731000,212.0,184.0,273.0,299.0,False,HARD,15.0,True,Racing Bulls,0 days 02:09:03.958000,2026-05-03 18:15:44.703,1,14.0,False,,False,True,94.686,94.686
570,0 days 02:12:17.061000,LIN,41,0 days 00:01:38.417000,44.0,2.0,,,36.742,35.518,26.157,0 days 02:11:15.473000,0 days 02:11:50.991000,0 days 02:12:17.148000,200.0,182.0,267.0,300.0,False,HARD,16.0,True,Racing Bulls,0 days 02:10:38.644000,2026-05-03 18:17:19.389,1,14.0,False,,False,True,98.417,98.41699999999999
571,0 days 02:13:51.659000,LIN,41,0 days 00:01:34.598000,45.0,2.0,,,32.977,35.471,26.15,0 days 02:12:50.125000,0 days 02:13:25.596000,0 days 02:13:51.746000,213.0,185.0,266.0,302.0,False,HARD,17.0,True,Racing Bulls,0 days 02:12:17.061000,2026-05-03 18:18:57.806,1,14.0,False,,False,True,94.598,94.59799999999998
572,0 days 02:15:26.237000,LIN,41,0 days 00:01:34.578000,46.0,2.0,,,33.285,35.354,25.939,0 days 02:14:25.031000,0 days 02:15:00.385000,0 days 02:15:26.324000,213.0,184.0,276.0,304.0,False,HARD,18.0,True,Racing Bulls,0 days 02:13:51.659000,2026-05-03 18:20:32.404,1,14.0,False,,False,True,94.578,94.578
573,0 days 02:17:00.816000,LIN,41,0 days 00:01:34.579000,47.0,2.0,,,33.286,35.476,25.817,0 days 02:15:59.610000,0 days 02:16:35.086000,0 days 02:17:00.903000,213.0,183.0,276.0,306.0,False,HARD,19.0,True,Racing Bulls,0 days 02:15:26.237000,2026-05-03 18:22:06.982,12,14.0,False,,False,True,94.579,94.57900000000001
574,0 days 02:18:36.174000,LIN,41,0 days 00:01:35.358000,48.0,2.0,,,33.095,36.076,26.187,0 days 02:17:33.998000,0 days 02:18:10.074000,0 days 02:18:36.261000,213.0,185.0,277.0,305.0,False,HARD,20.0,True,Racing Bulls,0 days 02:17:00.816000,2026-05-03 18:23:41.561,1,14.0,False,,False,True,95.358,95.35799999999999
575,0 days 02:20:10.992000,LIN,41,0 days 00:01:34.818000,49.0,2.0,,,33.278,35.525,26.015,0 days 02:19:09.539000,0 days 02:19:45.064000,0 days 02:20:11.079000,215.0,185.0,273.0,307.0,False,HARD,21.0,True,Racing Bulls,0 days 02:18:36.174000,2026-05-03 18:25:16.919,1,14.0,False,,False,True,94.818,94.818
576,0 days 02:21:45.597000,LIN,41,0 days 00:01:34.605000,50.0,2.0,,,33.198,35.331,26.076,0 days 02:20:44.277000,0 days 02:21:19.608000,0 days 02:21:45.684000,214.0,185.0,279.0,307.0,False,HARD,22.0,True,Racing Bulls,0 days 02:20:10.992000,2026-05-03 18:26:51.737,1,14.0,False,,False,True,94.605,94.60499999999999
577,0 days 02:23:20.150000,LIN,41,0 days 00:01:34.553000,51.0,2.0,,,33.016,35.47,26.067,0 days 02:22:18.700000,0 days 02:22:54.170000,0 days 02:23:20.237000,213.0,184.0,275.0,306.0,False,HARD,23.0,True,Racing Bulls,0 days 02:21:45.597000,2026-05-03 18:28:26.342,1,14.0,False,,False,True,94.553,94.553
578,0 days 02:24:54.448000,LIN,41,0 days 00:01:34.298000,52.0,2.0,,,33.06,35.245,25.993,0 days 02:23:53.297000,0 days 02:24:28.542000,0 days 02:24:54.535000,214.0,185.0,278.0,306.0,False,HARD,24.0,True,Racing Bulls,0 days 02:23:20.150000,2026-05-03 18:30:00.895,1,14.0,False,,False,True,94.298,94.298
579,0 days 02:26:31.791000,LIN,41,0 days 00:01:37.343000,53.0,2.0,,,32.961,38.4,25.982,0 days 02:25:27.496000,0 days 02:26:05.896000,0 days 02:26:31.878000,187.0,180.0,274.0,315.0,False,HARD,25.0,True,Racing Bulls,0 days 02:24:54.448000,2026-05-03 18:31:35.193,1,14.0,False,,False,True,97.343,97.34299999999999
580,0 days 02:28:06.623000,LIN,41,0 days 00:01:34.832000,54.0,2.0,,,33.526,35.336,25.97,0 days 02:27:05.404000,0 days 02:27:40.740000,0 days 02:28:06.710000,213.0,185.0,277.0,311.0,False,HARD,26.0,True,Racing Bulls,0 days 02:26:31.791000,2026-05-03 18:33:12.536,1,14.0,False,,False,True,94.832,94.832
581,0 days 02:29:41.105000,LIN,41,0 days 00:01:34.482000,55.0,2.0,,,33.071,35.335,26.076,0 days 02:28:39.781000,0 days 02:29:15.116000,0 days 02:29:41.192000,215.0,185.0,280.0,308.0,False,HARD,27.0,True,Racing Bulls,0 days 02:28:06.623000,2026-05-03 18:34:47.368,1,14.0,False,,False,True,94.482,94.482
582,0 days 02:31:26.047000,LIN,41,0 days 00:01:44.942000,56.0,2.0,,,35.663,40.132,29.147,0 days 02:30:16.855000,0 days 02:30:56.987000,0 days 02:31:26.134000,207.0,181.0,214.0,207.0,False,HARD,28.0,True,Racing Bulls,0 days 02:29:41.105000,2026-05-03 18:36:21.850,12,14.0,False,,False,True,104.942,104.94199999999998
583,0 days 00:59:03.549000,COL,43,0 days 00:01:41.556000,1.0,1.0,,,,35.479,26.585,,0 days 00:58:37.177000,0 days 00:59:03.742000,211.0,181.0,259.0,280.0,False,MEDIUM,1.0,True,Alpine,0 days 00:57:21.749000,2026-05-03 17:04:02.494,1,7.0,False,,False,False,101.556,
584,0 days 01:00:37.662000,COL,43,0 days 00:01:34.113000,2.0,1.0,,,33.119,35.025,25.969,0 days 00:59:36.745000,0 days 01:00:11.770000,0 days 01:00:37.739000,211.0,186.0,268.0,309.0,True,MEDIUM,2.0,True,Alpine,0 days 00:59:03.549000,2026-05-03 17:05:44.294,1,7.0,False,,False,True,94.113,94.113
585,0 days 01:02:12.122000,COL,43,0 days 00:01:34.460000,3.0,1.0,,,33.077,35.266,26.117,0 days 01:01:10.816000,0 days 01:01:46.082000,0 days 01:02:12.199000,211.0,184.0,258.0,315.0,False,MEDIUM,3.0,True,Alpine,0 days 01:00:37.662000,2026-05-03 17:07:18.407,1,7.0,False,,False,True,94.46,94.46
586,0 days 01:03:46.461000,COL,43,0 days 00:01:34.339000,4.0,1.0,,,33.1,35.171,26.068,0 days 01:02:45.299000,0 days 01:03:20.470000,0 days 01:03:46.538000,212.0,185.0,267.0,305.0,False,MEDIUM,4.0,True,Alpine,0 days 01:02:12.122000,2026-05-03 17:08:52.867,1,7.0,False,,False,True,94.339,94.339
587,0 days 01:05:21.197000,COL,43,0 days 00:01:34.736000,5.0,1.0,,,33.038,35.262,26.436,0 days 01:04:19.576000,0 days 01:04:54.838000,0 days 01:05:21.274000,212.0,185.0,269.0,275.0,False,MEDIUM,5.0,True,Alpine,0 days 01:03:46.461000,2026-05-03 17:10:27.206,12,7.0,False,,False,True,94.736,94.73599999999999
588,0 days 01:07:37.370000,COL,43,0 days 00:02:16.173000,6.0,1.0,,,42.236,51.997,41.94,0 days 01:06:03.510000,0 days 01:06:55.507000,0 days 01:07:37.447000,150.0,100.0,228.0,112.0,False,MEDIUM,6.0,True,Alpine,0 days 01:05:21.197000,2026-05-03 17:12:01.942,24,7.0,False,,False,False,136.173,136.173
589,0 days 01:09:49.366000,COL,43,0 days 00:02:11.996000,7.0,1.0,,,36.807,53.545,41.644,0 days 01:08:14.254000,0 days 01:09:07.799000,0 days 01:09:49.443000,185.0,91.0,239.0,95.0,False,MEDIUM,7.0,True,Alpine,0 days 01:07:37.370000,2026-05-03 17:14:18.115,4,7.0,False,,False,False,131.996,131.996
590,0 days 01:12:12.493000,COL,43,0 days 00:02:23.127000,8.0,1.0,,,47.528,56.998,38.601,0 days 01:10:36.971000,0 days 01:11:33.969000,0 days 01:12:12.570000,91.0,65.0,244.0,102.0,False,MEDIUM,8.0,True,Alpine,0 days 01:09:49.366000,2026-05-03 17:16:30.111,4,7.0,False,,False,False,143.127,143.127
591,0 days 01:14:38.859000,COL,43,0 days 00:02:26.366000,9.0,1.0,,,45.832,58.158,42.376,0 days 01:12:58.402000,0 days 01:13:56.560000,0 days 01:14:38.936000,125.0,63.0,219.0,167.0,False,MEDIUM,9.0,True,Alpine,0 days 01:12:12.493000,2026-05-03 17:18:53.238,4,7.0,False,,False,False,146.366,146.366
592,0 days 01:16:56.992000,COL,43,0 days 00:02:18.133000,10.0,1.0,,,47.025,57.22,33.888,0 days 01:15:25.961000,0 days 01:16:23.181000,0 days 01:16:57.069000,95.0,69.0,235.0,242.0,False,MEDIUM,10.0,True,Alpine,0 days 01:14:38.859000,2026-05-03 17:21:19.604,4,7.0,False,,False,False,138.133,138.133
593,0 days 01:19:24.271000,COL,43,0 days 00:02:27.279000,11.0,1.0,,,48.18,47.122,51.977,0 days 01:17:45.249000,0 days 01:18:32.371000,0 days 01:19:24.348000,91.0,121.0,281.0,57.0,False,MEDIUM,11.0,True,Alpine,0 days 01:16:56.992000,2026-05-03 17:23:37.737,41,7.0,False,,False,False,147.279,147.279
594,0 days 01:20:59.405000,COL,43,0 days 00:01:35.134000,12.0,1.0,,,33.645,35.491,25.998,0 days 01:19:57.993000,0 days 01:20:33.484000,0 days 01:20:59.482000,206.0,187.0,274.0,294.0,False,MEDIUM,12.0,True,Alpine,0 days 01:19:24.271000,2026-05-03 17:26:05.016,1,7.0,False,,False,True,95.134,95.134
595,0 days 01:22:33.651000,COL,43,0 days 00:01:34.246000,13.0,1.0,,,33.068,35.319,25.859,0 days 01:21:32.550000,0 days 01:22:07.869000,0 days 01:22:33.728000,212.0,184.0,278.0,318.0,False,MEDIUM,13.0,True,Alpine,0 days 01:20:59.405000,2026-05-03 17:27:40.150,1,7.0,False,,False,True,94.246,94.24600000000001
596,0 days 01:24:07.592000,COL,43,0 days 00:01:33.941000,14.0,1.0,,,32.931,35.12,25.89,0 days 01:23:06.659000,0 days 01:23:41.779000,0 days 01:24:07.669000,213.0,186.0,275.0,318.0,True,MEDIUM,14.0,True,Alpine,0 days 01:22:33.651000,2026-05-03 17:29:14.396,1,7.0,False,,False,True,93.941,93.94099999999999
597,0 days 01:25:41.716000,COL,43,0 days 00:01:34.124000,15.0,1.0,,,32.941,35.36,25.823,0 days 01:24:40.610000,0 days 01:25:15.970000,0 days 01:25:41.793000,211.0,185.0,273.0,317.0,False,MEDIUM,15.0,True,Alpine,0 days 01:24:07.592000,2026-05-03 17:30:48.337,1,7.0,False,,False,True,94.124,94.124
598,0 days 01:27:15.853000,COL,43,0 days 00:01:34.137000,16.0,1.0,,,32.925,35.235,25.977,0 days 01:26:14.718000,0 days 01:26:49.953000,0 days 01:27:15.930000,210.0,183.0,274.0,314.0,False,MEDIUM,16.0,True,Alpine,0 days 01:25:41.716000,2026-05-03 17:32:22.461,12,7.0,False,,False,True,94.137,94.137
599,0 days 01:28:50.253000,COL,43,0 days 00:01:34.400000,17.0,1.0,,,33.163,35.345,25.892,0 days 01:27:49.093000,0 days 01:28:24.438000,0 days 01:28:50.330000,212.0,183.0,272.0,317.0,False,MEDIUM,17.0,True,Alpine,0 days 01:27:15.853000,2026-05-03 17:33:56.598,1,7.0,False,,False,True,94.4,94.39999999999999
600,0 days 01:30:24.907000,COL,43,0 days 00:01:34.654000,18.0,1.0,,,33.282,35.335,26.037,0 days 01:29:23.612000,0 days 01:29:58.947000,0 days 01:30:24.984000,211.0,183.0,279.0,313.0,False,MEDIUM,18.0,True,Alpine,0 days 01:28:50.253000,2026-05-03 17:35:30.998,1,7.0,False,,False,True,94.654,94.654
601,0 days 01:31:59.412000,COL,43,0 days 00:01:34.505000,19.0,1.0,,,33.058,35.452,25.995,0 days 01:30:58.042000,0 days 01:31:33.494000,0 days 01:31:59.489000,210.0,184.0,276.0,313.0,False,MEDIUM,19.0,True,Alpine,0 days 01:30:24.907000,2026-05-03 17:37:05.652,1,7.0,False,,False,True,94.505,94.505
602,0 days 01:33:34.003000,COL,43,0 days 00:01:34.591000,20.0,1.0,,,33.15,35.425,26.016,0 days 01:32:32.639000,0 days 01:33:08.064000,0 days 01:33:34.080000,211.0,184.0,278.0,311.0,False,MEDIUM,20.0,True,Alpine,0 days 01:31:59.412000,2026-05-03 17:38:40.157,1,7.0,False,,False,True,94.591,94.59099999999998
603,0 days 01:35:08.970000,COL,43,0 days 00:01:34.967000,21.0,1.0,,,33.899,35.27,25.798,0 days 01:34:07.979000,0 days 01:34:43.249000,0 days 01:35:09.047000,208.0,184.0,279.0,319.0,False,MEDIUM,21.0,True,Alpine,0 days 01:33:34.003000,2026-05-03 17:40:14.748,1,7.0,False,,False,True,94.967,94.96700000000001
604,0 days 01:36:43.245000,COL,43,0 days 00:01:34.275000,22.0,1.0,,,33.198,35.177,25.9,0 days 01:35:42.245000,0 days 01:36:17.422000,0 days 01:36:43.322000,210.0,184.0,280.0,313.0,False,MEDIUM,22.0,True,Alpine,0 days 01:35:08.970000,2026-05-03 17:41:49.715,1,6.0,False,,False,True,94.275,94.275
605,0 days 01:38:17.254000,COL,43,0 days 00:01:34.009000,23.0,1.0,,,32.804,35.273,25.932,0 days 01:37:16.126000,0 days 01:37:51.399000,0 days 01:38:17.331000,208.0,185.0,278.0,315.0,False,MEDIUM,23.0,True,Alpine,0 days 01:36:43.245000,2026-05-03 17:43:23.990,1,6.0,False,,False,True,94.009,94.009
606,0 days 01:39:51.457000,COL,43,0 days 00:01:34.203000,24.0,1.0,,,32.907,35.347,25.949,0 days 01:38:50.238000,0 days 01:39:25.585000,0 days 01:39:51.534000,211.0,184.0,278.0,314.0,False,MEDIUM,24.0,True,Alpine,0 days 01:38:17.254000,2026-05-03 17:44:57.999,1,6.0,False,,False,True,94.203,94.20299999999999
607,0 days 01:41:25.694000,COL,43,0 days 00:01:34.237000,25.0,1.0,,,32.884,35.367,25.986,0 days 01:40:24.418000,0 days 01:40:59.785000,0 days 01:41:25.771000,211.0,187.0,277.0,311.0,False,MEDIUM,25.0,True,Alpine,0 days 01:39:51.457000,2026-05-03 17:46:32.202,1,6.0,False,,False,True,94.237,94.23700000000001
608,0 days 01:42:59.685000,COL,43,0 days 00:01:33.991000,26.0,1.0,,,32.766,35.252,25.973,0 days 01:41:58.537000,0 days 01:42:33.789000,0 days 01:42:59.762000,212.0,185.0,276.0,312.0,False,MEDIUM,26.0,True,Alpine,0 days 01:41:25.694000,2026-05-03 17:48:06.439,1,6.0,False,,False,True,93.991,93.991
609,0 days 01:44:33.960000,COL,43,0 days 00:01:34.275000,27.0,1.0,,,32.961,35.272,26.042,0 days 01:43:32.723000,0 days 01:44:07.995000,0 days 01:44:34.037000,209.0,185.0,278.0,313.0,False,MEDIUM,27.0,True,Alpine,0 days 01:42:59.685000,2026-05-03 17:49:40.430,1,5.0,False,,False,True,94.275,94.275
610,0 days 01:46:08.351000,COL,43,0 days 00:01:34.391000,28.0,1.0,,,32.939,35.293,26.159,0 days 01:45:06.976000,0 days 01:45:42.269000,0 days 01:46:08.428000,210.0,186.0,280.0,309.0,False,MEDIUM,28.0,True,Alpine,0 days 01:44:33.960000,2026-05-03 17:51:14.705,1,5.0,False,,False,True,94.391,94.39099999999999
611,0 days 01:47:42.674000,COL,43,0 days 00:01:34.323000,29.0,1.0,,,32.946,35.329,26.048,0 days 01:46:41.374000,0 days 01:47:16.703000,0 days 01:47:42.751000,210.0,185.0,279.0,310.0,False,MEDIUM,29.0,True,Alpine,0 days 01:46:08.351000,2026-05-03 17:52:49.096,1,4.0,False,,False,True,94.323,94.32300000000001
612,0 days 01:49:16.866000,COL,43,0 days 00:01:34.192000,30.0,1.0,,,32.873,35.332,25.987,0 days 01:48:15.624000,0 days 01:48:50.956000,0 days 01:49:16.943000,209.0,187.0,281.0,311.0,False,MEDIUM,30.0,True,Alpine,0 days 01:47:42.674000,2026-05-03 17:54:23.419,1,4.0,False,,False,True,94.192,94.192
613,0 days 01:50:56.298000,COL,43,0 days 00:01:39.432000,31.0,1.0,,0 days 01:50:50.804000,32.855,35.16,31.417,0 days 01:49:49.798000,0 days 01:50:24.958000,0 days 01:50:56.375000,206.0,187.0,,310.0,False,MEDIUM,31.0,True,Alpine,0 days 01:49:16.866000,2026-05-03 17:55:57.611,1,7.0,False,,False,False,99.432,99.43199999999999
614,0 days 01:52:45.024000,COL,43,0 days 00:01:48.726000,32.0,2.0,0 days 01:51:13.924000,,48.074,34.879,25.773,0 days 01:51:44.449000,0 days 01:52:19.328000,0 days 01:52:45.101000,213.0,189.0,280.0,309.0,False,HARD,1.0,True,Alpine,0 days 01:50:56.298000,2026-05-03 17:57:37.043,1,8.0,False,,False,False,108.726,108.726
615,0 days 01:54:18.059000,COL,43,0 days 00:01:33.035000,33.0,2.0,,,32.531,34.849,25.655,0 days 01:53:17.632000,0 days 01:53:52.481000,0 days 01:54:18.136000,215.0,189.0,278.0,309.0,True,HARD,2.0,True,Alpine,0 days 01:52:45.024000,2026-05-03 17:59:25.769,1,8.0,False,,False,True,93.035,93.035
616,0 days 01:55:51.129000,COL,43,0 days 00:01:33.070000,34.0,2.0,,,32.333,34.947,25.79,0 days 01:54:50.469000,0 days 01:55:25.416000,0 days 01:55:51.206000,214.0,188.0,277.0,310.0,False,HARD,3.0,True,Alpine,0 days 01:54:18.059000,2026-05-03 18:00:58.804,1,8.0,False,,False,True,93.07,93.07
617,0 days 01:57:24.291000,COL,43,0 days 00:01:33.162000,35.0,2.0,,,32.394,34.993,25.775,0 days 01:56:23.600000,0 days 01:56:58.593000,0 days 01:57:24.368000,213.0,187.0,276.0,311.0,False,HARD,4.0,True,Alpine,0 days 01:55:51.129000,2026-05-03 18:02:31.874,1,8.0,False,,False,True,93.162,93.162
618,0 days 01:58:57.632000,COL,43,0 days 00:01:33.341000,36.0,2.0,,,32.462,35.088,25.791,0 days 01:57:56.830000,0 days 01:58:31.918000,0 days 01:58:57.709000,213.0,185.0,277.0,314.0,False,HARD,5.0,True,Alpine,0 days 01:57:24.291000,2026-05-03 18:04:05.036,1,8.0,False,,False,True,93.341,93.34100000000001
619,0 days 02:00:31.388000,COL,43,0 days 00:01:33.756000,37.0,2.0,,,32.709,35.189,25.858,0 days 01:59:30.418000,0 days 02:00:05.607000,0 days 02:00:31.465000,210.0,184.0,278.0,310.0,False,HARD,6.0,True,Alpine,0 days 01:58:57.632000,2026-05-03 18:05:38.377,1,8.0,False,,False,True,93.756,93.756
620,0 days 02:02:05.112000,COL,43,0 days 00:01:33.724000,38.0,2.0,,,32.588,35.219,25.917,0 days 02:01:04.053000,0 days 02:01:39.272000,0 days 02:02:05.189000,211.0,186.0,270.0,309.0,False,HARD,7.0,True,Alpine,0 days 02:00:31.388000,2026-05-03 18:07:12.133,1,8.0,False,,False,True,93.724,93.724
621,0 days 02:03:38.829000,COL,43,0 days 00:01:33.717000,39.0,2.0,,,32.65,35.135,25.932,0 days 02:02:37.839000,0 days 02:03:12.974000,0 days 02:03:38.906000,214.0,186.0,280.0,310.0,False,HARD,8.0,True,Alpine,0 days 02:02:05.112000,2026-05-03 18:08:45.857,1,8.0,False,,False,True,93.717,93.717
622,0 days 02:05:12.563000,COL,43,0 days 00:01:33.734000,40.0,2.0,,,32.566,35.219,25.949,0 days 02:04:11.472000,0 days 02:04:46.691000,0 days 02:05:12.640000,211.0,185.0,277.0,310.0,False,HARD,9.0,True,Alpine,0 days 02:03:38.829000,2026-05-03 18:10:19.574,1,8.0,False,,False,True,93.734,93.734
623,0 days 02:06:46.366000,COL,43,0 days 00:01:33.803000,41.0,2.0,,,32.636,35.344,25.823,0 days 02:05:45.276000,0 days 02:06:20.620000,0 days 02:06:46.443000,212.0,185.0,282.0,310.0,False,HARD,10.0,True,Alpine,0 days 02:05:12.563000,2026-05-03 18:11:53.308,1,8.0,False,,False,True,93.803,93.803
624,0 days 02:08:20.225000,COL,43,0 days 00:01:33.859000,42.0,2.0,,,32.697,35.298,25.864,0 days 02:07:19.140000,0 days 02:07:54.438000,0 days 02:08:20.302000,209.0,185.0,281.0,311.0,False,HARD,11.0,True,Alpine,0 days 02:06:46.366000,2026-05-03 18:13:27.111,1,8.0,False,,False,True,93.859,93.85900000000001
625,0 days 02:09:53.641000,COL,43,0 days 00:01:33.416000,43.0,2.0,,,32.498,35.182,25.736,0 days 02:08:52.800000,0 days 02:09:27.982000,0 days 02:09:53.718000,213.0,185.0,281.0,312.0,False,HARD,12.0,True,Alpine,0 days 02:08:20.225000,2026-05-03 18:15:00.970,1,8.0,False,,False,True,93.416,93.41600000000001
626,0 days 02:11:27.025000,COL,43,0 days 00:01:33.384000,44.0,2.0,,,32.541,35.173,25.67,0 days 02:10:26.259000,0 days 02:11:01.432000,0 days 02:11:27.102000,211.0,187.0,281.0,316.0,False,HARD,13.0,True,Alpine,0 days 02:09:53.641000,2026-05-03 18:16:34.386,1,8.0,False,,False,True,93.384,93.384
627,0 days 02:13:00.976000,COL,43,0 days 00:01:33.951000,45.0,2.0,,,32.704,35.293,25.954,0 days 02:11:59.806000,0 days 02:12:35.099000,0 days 02:13:01.053000,212.0,185.0,278.0,309.0,False,HARD,14.0,True,Alpine,0 days 02:11:27.025000,2026-05-03 18:18:07.770,1,8.0,False,,False,True,93.951,93.951
628,0 days 02:14:34.588000,COL,43,0 days 00:01:33.612000,46.0,2.0,,,32.605,35.272,25.735,0 days 02:13:33.658000,0 days 02:14:08.930000,0 days 02:14:34.665000,213.0,186.0,281.0,310.0,False,HARD,15.0,True,Alpine,0 days 02:13:00.976000,2026-05-03 18:19:41.721,1,8.0,False,,False,True,93.612,93.612
629,0 days 02:16:07.920000,COL,43,0 days 00:01:33.332000,47.0,2.0,,,32.408,35.119,25.805,0 days 02:15:07.073000,0 days 02:15:42.192000,0 days 02:16:07.997000,213.0,186.0,281.0,311.0,False,HARD,16.0,True,Alpine,0 days 02:14:34.588000,2026-05-03 18:21:15.333,12,8.0,False,,False,True,93.332,93.332
630,0 days 02:17:41.641000,COL,43,0 days 00:01:33.721000,48.0,2.0,,,32.644,35.271,25.806,0 days 02:16:40.641000,0 days 02:17:15.912000,0 days 02:17:41.718000,211.0,186.0,281.0,312.0,False,HARD,17.0,True,Alpine,0 days 02:16:07.920000,2026-05-03 18:22:48.665,1,8.0,False,,False,True,93.721,93.72099999999999
631,0 days 02:19:15.021000,COL,43,0 days 00:01:33.380000,49.0,2.0,,,32.431,35.249,25.7,0 days 02:18:14.149000,0 days 02:18:49.398000,0 days 02:19:15.098000,212.0,185.0,283.0,316.0,False,HARD,18.0,True,Alpine,0 days 02:17:41.641000,2026-05-03 18:24:22.386,1,8.0,False,,False,True,93.38,93.38000000000001
632,0 days 02:20:49.197000,COL,43,0 days 00:01:34.176000,50.0,2.0,,,32.703,35.503,25.97,0 days 02:19:47.801000,0 days 02:20:23.304000,0 days 02:20:49.274000,210.0,184.0,284.0,307.0,False,HARD,19.0,True,Alpine,0 days 02:19:15.021000,2026-05-03 18:25:55.766,1,8.0,False,,False,True,94.176,94.176
633,0 days 02:22:22.972000,COL,43,0 days 00:01:33.775000,51.0,2.0,,,32.746,35.302,25.727,0 days 02:21:22.020000,0 days 02:21:57.322000,0 days 02:22:23.049000,211.0,185.0,283.0,311.0,False,HARD,20.0,True,Alpine,0 days 02:20:49.197000,2026-05-03 18:27:29.942,1,8.0,False,,False,True,93.775,93.775
634,0 days 02:23:56.763000,COL,43,0 days 00:01:33.791000,52.0,2.0,,,32.407,35.574,25.81,0 days 02:22:55.456000,0 days 02:23:31.030000,0 days 02:23:56.840000,209.0,186.0,280.0,310.0,False,HARD,21.0,True,Alpine,0 days 02:22:22.972000,2026-05-03 18:29:03.717,1,8.0,False,,False,True,93.791,93.791
635,0 days 02:25:30.291000,COL,43,0 days 00:01:33.528000,53.0,2.0,,,32.418,35.341,25.769,0 days 02:24:29.258000,0 days 02:25:04.599000,0 days 02:25:30.368000,213.0,186.0,280.0,310.0,False,HARD,22.0,True,Alpine,0 days 02:23:56.763000,2026-05-03 18:30:37.508,1,8.0,False,,False,True,93.528,93.52799999999999
636,0 days 02:27:03.595000,COL,43,0 days 00:01:33.304000,54.0,2.0,,,32.361,35.101,25.842,0 days 02:26:02.729000,0 days 02:26:37.830000,0 days 02:27:03.672000,214.0,187.0,280.0,311.0,False,HARD,23.0,True,Alpine,0 days 02:25:30.291000,2026-05-03 18:32:11.036,1,8.0,False,,False,True,93.304,93.30399999999999
637,0 days 02:28:36.930000,COL,43,0 days 00:01:33.335000,55.0,2.0,,,32.504,35.172,25.659,0 days 02:27:36.176000,0 days 02:28:11.348000,0 days 02:28:37.007000,213.0,184.0,282.0,313.0,False,HARD,24.0,True,Alpine,0 days 02:27:03.595000,2026-05-03 18:33:44.340,1,8.0,False,,False,True,93.335,93.33499999999998
638,0 days 02:30:09.989000,COL,43,0 days 00:01:33.059000,56.0,2.0,,,32.271,35.086,25.702,0 days 02:29:09.278000,0 days 02:29:44.364000,0 days 02:30:10.066000,211.0,185.0,282.0,319.0,False,HARD,25.0,True,Alpine,0 days 02:28:36.930000,2026-05-03 18:35:17.675,12,8.0,False,,False,True,93.059,93.059
639,0 days 02:31:43.137000,COL,43,0 days 00:01:33.148000,57.0,2.0,,,32.432,35.27,25.446,0 days 02:30:42.498000,0 days 02:31:17.768000,0 days 02:31:43.214000,212.0,187.0,268.0,331.0,False,HARD,26.0,True,Alpine,0 days 02:30:09.989000,2026-05-03 18:36:50.734,1,8.0,False,,False,True,93.148,93.148
640,0 days 00:59:02.676000,HAM,44,0 days 00:01:40.683000,1.0,1.0,,,,35.479,25.471,,0 days 00:58:37.439000,0 days 00:59:02.725000,215.0,187.0,285.0,301.0,False,MEDIUM,1.0,True,Ferrari,0 days 00:57:21.749000,2026-05-03 17:04:02.494,1,6.0,False,,False,False,100.683,
641,0 days 01:00:36.221000,HAM,44,0 days 00:01:33.545000,2.0,1.0,,,32.78,35.071,25.694,0 days 00:59:35.505000,0 days 01:00:10.576000,0 days 01:00:36.270000,213.0,186.0,272.0,317.0,True,MEDIUM,2.0,True,Ferrari,0 days 00:59:02.676000,2026-05-03 17:05:43.421,1,6.0,False,,False,True,93.545,93.545
642,0 days 01:02:10.010000,HAM,44,0 days 00:01:33.789000,3.0,1.0,,,32.999,35.048,25.742,0 days 01:01:09.269000,0 days 01:01:44.317000,0 days 01:02:10.059000,209.0,186.0,275.0,309.0,False,MEDIUM,3.0,True,Ferrari,0 days 01:00:36.221000,2026-05-03 17:07:16.966,1,6.0,False,,False,True,93.789,93.789
643,0 days 01:03:43.981000,HAM,44,0 days 00:01:33.971000,4.0,1.0,,,33.103,35.127,25.741,0 days 01:02:43.162000,0 days 01:03:18.289000,0 days 01:03:44.030000,207.0,185.0,274.0,314.0,False,MEDIUM,4.0,True,Ferrari,0 days 01:02:10.010000,2026-05-03 17:08:50.755,1,6.0,False,,False,True,93.971,93.971
644,0 days 01:05:18.165000,HAM,44,0 days 00:01:34.184000,5.0,1.0,,,33.02,35.272,25.892,0 days 01:04:17.050000,0 days 01:04:52.322000,0 days 01:05:18.214000,205.0,185.0,277.0,313.0,False,MEDIUM,5.0,True,Ferrari,0 days 01:03:43.981000,2026-05-03 17:10:24.726,12,6.0,False,,False,True,94.184,94.184
645,0 days 01:07:33.191000,HAM,44,0 days 00:02:15.026000,6.0,1.0,,,41.582,54.703,38.741,0 days 01:05:59.796000,0 days 01:06:54.499000,0 days 01:07:33.240000,97.0,102.0,264.0,126.0,False,MEDIUM,6.0,True,Ferrari,0 days 01:05:18.165000,2026-05-03 17:11:58.910,24,6.0,False,,False,False,135.026,135.026
646,0 days 01:09:47.461000,HAM,44,0 days 00:02:14.270000,7.0,1.0,,,36.947,55.983,41.34,0 days 01:08:10.187000,0 days 01:09:06.170000,0 days 01:09:47.510000,108.0,98.0,255.0,108.0,False,MEDIUM,7.0,True,Ferrari,0 days 01:07:33.191000,2026-05-03 17:14:13.936,4,6.0,False,,False,False,134.27,134.27
647,0 days 01:12:10.320000,HAM,44,0 days 00:02:22.859000,8.0,1.0,,,48.68,56.568,37.611,0 days 01:10:36.190000,0 days 01:11:32.758000,0 days 01:12:10.369000,92.0,67.0,274.0,111.0,False,MEDIUM,8.0,True,Ferrari,0 days 01:09:47.461000,2026-05-03 17:16:28.206,4,6.0,False,,False,False,142.859,142.85899999999998
648,0 days 01:14:37.520000,HAM,44,0 days 00:02:27.200000,9.0,1.0,,,47.245,57.573,42.382,0 days 01:12:57.614000,0 days 01:13:55.187000,0 days 01:14:37.569000,130.0,64.0,225.0,136.0,False,MEDIUM,9.0,True,Ferrari,0 days 01:12:10.320000,2026-05-03 17:18:51.065,4,6.0,False,,False,False,147.2,147.2
649,0 days 01:16:55.410000,HAM,44,0 days 00:02:17.890000,10.0,1.0,,,47.441,57.12,33.329,0 days 01:15:25.010000,0 days 01:16:22.130000,0 days 01:16:55.459000,106.0,75.0,257.0,243.0,False,MEDIUM,10.0,True,Ferrari,0 days 01:14:37.520000,2026-05-03 17:21:18.265,4,6.0,False,,False,False,137.89,137.89000000000001
650,0 days 01:19:23.678000,HAM,44,0 days 00:02:28.268000,11.0,1.0,,,49.037,46.595,52.636,0 days 01:17:44.496000,0 days 01:18:31.091000,0 days 01:19:23.727000,93.0,118.0,286.0,59.0,False,MEDIUM,11.0,True,Ferrari,0 days 01:16:55.410000,2026-05-03 17:23:36.155,41,6.0,False,,False,False,148.268,148.268
651,0 days 01:20:58.404000,HAM,44,0 days 00:01:34.726000,12.0,1.0,,,33.883,35.081,25.762,0 days 01:19:57.610000,0 days 01:20:32.691000,0 days 01:20:58.453000,210.0,186.0,274.0,307.0,False,MEDIUM,12.0,True,Ferrari,0 days 01:19:23.678000,2026-05-03 17:26:04.423,1,6.0,False,,False,True,94.726,94.726
652,0 days 01:22:32.158000,HAM,44,0 days 00:01:33.754000,13.0,1.0,,,33.028,35.102,25.624,0 days 01:21:31.481000,0 days 01:22:06.583000,0 days 01:22:32.207000,209.0,182.0,277.0,320.0,False,MEDIUM,13.0,True,Ferrari,0 days 01:20:58.404000,2026-05-03 17:27:39.149,1,6.0,False,,False,True,93.754,93.75399999999999
653,0 days 01:24:05.712000,HAM,44,0 days 00:01:33.554000,14.0,1.0,,,32.776,35.07,25.708,0 days 01:23:04.983000,0 days 01:23:40.053000,0 days 01:24:05.761000,210.0,185.0,274.0,326.0,False,MEDIUM,14.0,True,Ferrari,0 days 01:22:32.158000,2026-05-03 17:29:12.903,1,6.0,False,,False,True,93.554,93.554
654,0 days 01:25:39.489000,HAM,44,0 days 00:01:33.777000,15.0,1.0,,,32.951,35.081,25.745,0 days 01:24:38.712000,0 days 01:25:13.793000,0 days 01:25:39.538000,210.0,183.0,274.0,323.0,False,MEDIUM,15.0,True,Ferrari,0 days 01:24:05.712000,2026-05-03 17:30:46.457,1,6.0,False,,False,True,93.777,93.77700000000002
655,0 days 01:27:13.194000,HAM,44,0 days 00:01:33.705000,16.0,1.0,,,32.944,35.012,25.749,0 days 01:26:12.482000,0 days 01:26:47.494000,0 days 01:27:13.243000,211.0,183.0,273.0,318.0,False,MEDIUM,16.0,True,Ferrari,0 days 01:25:39.489000,2026-05-03 17:32:20.234,12,6.0,False,,False,True,93.705,93.705
656,0 days 01:28:47.199000,HAM,44,0 days 00:01:34.005000,17.0,1.0,,,33.038,35.293,25.674,0 days 01:27:46.281000,0 days 01:28:21.574000,0 days 01:28:47.248000,207.0,183.0,275.0,311.0,False,MEDIUM,17.0,True,Ferrari,0 days 01:27:13.194000,2026-05-03 17:33:53.939,1,6.0,False,,False,True,94.005,94.005
657,0 days 01:30:21.431000,HAM,44,0 days 00:01:34.232000,18.0,1.0,,,33.188,35.201,25.843,0 days 01:29:20.436000,0 days 01:29:55.637000,0 days 01:30:21.480000,208.0,182.0,275.0,310.0,False,MEDIUM,18.0,True,Ferrari,0 days 01:28:47.199000,2026-05-03 17:35:27.944,1,6.0,False,,False,True,94.232,94.23200000000001
658,0 days 01:31:55.455000,HAM,44,0 days 00:01:34.024000,19.0,1.0,,,33.086,35.19,25.748,0 days 01:30:54.566000,0 days 01:31:29.756000,0 days 01:31:55.504000,206.0,183.0,280.0,319.0,False,MEDIUM,19.0,True,Ferrari,0 days 01:30:21.431000,2026-05-03 17:37:02.176,1,6.0,False,,False,True,94.024,94.024
659,0 days 01:33:29.672000,HAM,44,0 days 00:01:34.217000,20.0,1.0,,,33.108,35.284,25.825,0 days 01:32:28.612000,0 days 01:33:03.896000,0 days 01:33:29.721000,198.0,184.0,276.0,316.0,False,MEDIUM,20.0,True,Ferrari,0 days 01:31:55.455000,2026-05-03 17:38:36.200,1,5.0,False,,False,True,94.217,94.217
660,0 days 01:35:03.869000,HAM,44,0 days 00:01:34.197000,21.0,1.0,,,33.075,35.275,25.847,0 days 01:34:02.796000,0 days 01:34:38.071000,0 days 01:35:03.918000,203.0,184.0,279.0,311.0,False,MEDIUM,21.0,True,Ferrari,0 days 01:33:29.672000,2026-05-03 17:40:10.417,1,4.0,False,,False,True,94.197,94.197
661,0 days 01:36:38.036000,HAM,44,0 days 00:01:34.167000,22.0,1.0,,,33.027,35.208,25.932,0 days 01:35:36.945000,0 days 01:36:12.153000,0 days 01:36:38.085000,205.0,184.0,274.0,308.0,False,MEDIUM,22.0,True,Ferrari,0 days 01:35:03.869000,2026-05-03 17:41:44.614,1,4.0,False,,False,True,94.167,94.167
662,0 days 01:38:11.962000,HAM,44,0 days 00:01:33.926000,23.0,1.0,,,32.873,35.15,25.903,0 days 01:37:10.958000,0 days 01:37:46.108000,0 days 01:38:12.011000,206.0,185.0,276.0,309.0,False,MEDIUM,23.0,True,Ferrari,0 days 01:36:38.036000,2026-05-03 17:43:18.781,1,4.0,False,,False,True,93.926,93.92599999999999
663,0 days 01:39:46.019000,HAM,44,0 days 00:01:34.057000,24.0,1.0,,,32.839,35.313,25.905,0 days 01:38:44.850000,0 days 01:39:20.163000,0 days 01:39:46.068000,209.0,185.0,279.0,307.0,False,MEDIUM,24.0,True,Ferrari,0 days 01:38:11.962000,2026-05-03 17:44:52.707,1,4.0,False,,False,True,94.057,94.057
664,0 days 01:41:20.209000,HAM,44,0 days 00:01:34.190000,25.0,1.0,,,32.872,35.445,25.873,0 days 01:40:18.940000,0 days 01:40:54.385000,0 days 01:41:20.258000,205.0,185.0,278.0,308.0,False,MEDIUM,25.0,True,Ferrari,0 days 01:39:46.019000,2026-05-03 17:46:26.764,1,4.0,False,,False,True,94.19,94.19000000000001
665,0 days 01:42:55.193000,HAM,44,0 days 00:01:34.984000,26.0,1.0,,,32.723,35.577,26.684,0 days 01:41:52.981000,0 days 01:42:28.558000,0 days 01:42:55.242000,209.0,185.0,279.0,307.0,False,MEDIUM,26.0,True,Ferrari,0 days 01:41:20.209000,2026-05-03 17:48:00.954,1,5.0,False,,False,True,94.984,94.984
666,0 days 01:44:34.589000,HAM,44,0 days 00:01:39.396000,27.0,1.0,,0 days 01:44:29.200000,33.188,35.201,31.007,0 days 01:43:28.430000,0 days 01:44:03.631000,0 days 01:44:34.638000,204.0,184.0,,313.0,False,MEDIUM,27.0,True,Ferrari,0 days 01:42:55.193000,2026-05-03 17:49:35.938,1,6.0,False,,False,False,99.396,99.39600000000002
667,0 days 01:46:22.458000,HAM,44,0 days 00:01:47.869000,28.0,2.0,0 days 01:44:52.967000,,47.745,34.578,25.546,0 days 01:45:22.383000,0 days 01:45:56.961000,0 days 01:46:22.507000,216.0,188.0,278.0,310.0,False,HARD,1.0,True,Ferrari,0 days 01:44:34.589000,2026-05-03 17:51:15.334,1,8.0,False,,False,False,107.869,107.869
668,0 days 01:47:55.134000,HAM,44,0 days 00:01:32.676000,29.0,2.0,,,32.276,34.769,25.631,0 days 01:46:54.783000,0 days 01:47:29.552000,0 days 01:47:55.183000,211.0,187.0,279.0,308.0,True,HARD,2.0,True,Ferrari,0 days 01:46:22.458000,2026-05-03 17:53:03.203,1,8.0,False,,False,True,92.676,92.676
669,0 days 01:49:27.846000,HAM,44,0 days 00:01:32.712000,30.0,2.0,,,32.284,34.838,25.59,0 days 01:48:27.467000,0 days 01:49:02.305000,0 days 01:49:27.895000,212.0,187.0,280.0,308.0,False,HARD,3.0,True,Ferrari,0 days 01:47:55.134000,2026-05-03 17:54:35.879,1,8.0,False,,False,True,92.712,92.712
670,0 days 01:51:00.710000,HAM,44,0 days 00:01:32.864000,31.0,2.0,,,32.326,34.851,25.687,0 days 01:50:00.221000,0 days 01:50:35.072000,0 days 01:51:00.759000,211.0,186.0,280.0,308.0,False,HARD,4.0,True,Ferrari,0 days 01:49:27.846000,2026-05-03 17:56:08.591,1,8.0,False,,False,True,92.864,92.86399999999999
671,0 days 01:52:33.831000,HAM,44,0 days 00:01:33.121000,32.0,2.0,,,32.479,34.874,25.768,0 days 01:51:33.238000,0 days 01:52:08.112000,0 days 01:52:33.880000,210.0,185.0,276.0,310.0,False,HARD,5.0,True,Ferrari,0 days 01:51:00.710000,2026-05-03 17:57:41.455,1,7.0,False,,False,True,93.121,93.12100000000001
672,0 days 01:54:06.811000,HAM,44,0 days 00:01:32.980000,33.0,2.0,,,32.395,34.831,25.754,0 days 01:53:06.275000,0 days 01:53:41.106000,0 days 01:54:06.860000,211.0,186.0,277.0,310.0,False,HARD,6.0,True,Ferrari,0 days 01:52:33.831000,2026-05-03 17:59:14.576,1,7.0,False,,False,True,92.98,92.98
673,0 days 01:55:39.985000,HAM,44,0 days 00:01:33.174000,34.0,2.0,,,32.498,34.994,25.682,0 days 01:54:39.358000,0 days 01:55:14.352000,0 days 01:55:40.034000,213.0,184.0,280.0,318.0,False,HARD,7.0,True,Ferrari,0 days 01:54:06.811000,2026-05-03 18:00:47.556,1,7.0,False,,False,True,93.174,93.17399999999999
674,0 days 01:57:12.924000,HAM,44,0 days 00:01:32.939000,35.0,2.0,,,32.464,34.927,25.548,0 days 01:56:12.498000,0 days 01:56:47.425000,0 days 01:57:12.973000,212.0,184.0,277.0,316.0,False,HARD,8.0,True,Ferrari,0 days 01:55:39.985000,2026-05-03 18:02:20.730,1,7.0,False,,False,True,92.939,92.939
675,0 days 01:58:46.593000,HAM,44,0 days 00:01:33.669000,36.0,2.0,,,32.603,35.035,26.031,0 days 01:57:45.576000,0 days 01:58:20.611000,0 days 01:58:46.642000,211.0,185.0,254.0,313.0,False,HARD,9.0,True,Ferrari,0 days 01:57:12.924000,2026-05-03 18:03:53.669,1,7.0,False,,False,True,93.669,93.66900000000001
676,0 days 02:00:21.396000,HAM,44,0 days 00:01:34.803000,37.0,2.0,,,32.806,35.528,26.469,0 days 01:59:19.448000,0 days 01:59:54.976000,0 days 02:00:21.445000,209.0,185.0,257.0,303.0,False,HARD,10.0,True,Ferrari,0 days 01:58:46.593000,2026-05-03 18:05:27.338,1,7.0,False,,False,True,94.803,94.803
677,0 days 02:01:54.948000,HAM,44,0 days 00:01:33.552000,38.0,2.0,,,32.751,35.043,25.758,0 days 02:00:54.196000,0 days 02:01:29.239000,0 days 02:01:54.997000,209.0,185.0,285.0,311.0,False,HARD,11.0,True,Ferrari,0 days 02:00:21.396000,2026-05-03 18:07:02.141,1,7.0,False,,False,True,93.552,93.55199999999999
678,0 days 02:03:28.046000,HAM,44,0 days 00:01:33.098000,39.0,2.0,,,32.35,35.057,25.691,0 days 02:02:27.347000,0 days 02:03:02.404000,0 days 02:03:28.095000,211.0,186.0,278.0,310.0,False,HARD,12.0,True,Ferrari,0 days 02:01:54.948000,2026-05-03 18:08:35.693,1,7.0,False,,False,True,93.098,93.09800000000001
679,0 days 02:05:01.497000,HAM,44,0 days 00:01:33.451000,40.0,2.0,,,32.52,35.215,25.716,0 days 02:04:00.615000,0 days 02:04:35.830000,0 days 02:05:01.546000,210.0,185.0,280.0,311.0,False,HARD,13.0,True,Ferrari,0 days 02:03:28.046000,2026-05-03 18:10:08.791,1,7.0,False,,False,True,93.451,93.45100000000002
680,0 days 02:06:34.780000,HAM,44,0 days 00:01:33.283000,41.0,2.0,,,32.498,35.061,25.724,0 days 02:05:34.044000,0 days 02:06:09.105000,0 days 02:06:34.829000,210.0,186.0,281.0,311.0,False,HARD,14.0,True,Ferrari,0 days 02:05:01.497000,2026-05-03 18:11:42.242,1,7.0,False,,False,True,93.283,93.283
681,0 days 02:08:08.017000,HAM,44,0 days 00:01:33.237000,42.0,2.0,,,32.407,35.066,25.764,0 days 02:07:07.236000,0 days 02:07:42.302000,0 days 02:08:08.066000,210.0,186.0,281.0,306.0,False,HARD,15.0,True,Ferrari,0 days 02:06:34.780000,2026-05-03 18:13:15.525,1,7.0,False,,False,True,93.237,93.237
682,0 days 02:09:41.146000,HAM,44,0 days 00:01:33.129000,43.0,2.0,,,32.487,34.988,25.654,0 days 02:08:40.553000,0 days 02:09:15.541000,0 days 02:09:41.195000,212.0,185.0,282.0,313.0,False,HARD,16.0,True,Ferrari,0 days 02:08:08.017000,2026-05-03 18:14:48.762,1,7.0,False,,False,True,93.129,93.12899999999999
683,0 days 02:11:14.039000,HAM,44,0 days 00:01:32.893000,44.0,2.0,,,32.477,35.037,25.379,0 days 02:10:13.672000,0 days 02:10:48.709000,0 days 02:11:14.088000,209.0,184.0,286.0,317.0,False,HARD,17.0,True,Ferrari,0 days 02:09:41.146000,2026-05-03 18:16:21.891,1,7.0,False,,False,True,92.893,92.893
684,0 days 02:12:47.168000,HAM,44,0 days 00:01:33.129000,45.0,2.0,,,32.469,34.995,25.665,0 days 02:11:46.557000,0 days 02:12:21.552000,0 days 02:12:47.217000,203.0,186.0,282.0,315.0,False,HARD,18.0,True,Ferrari,0 days 02:11:14.039000,2026-05-03 18:17:54.784,1,7.0,False,,False,True,93.129,93.12899999999999
685,0 days 02:14:20.303000,HAM,44,0 days 00:01:33.135000,46.0,2.0,,,32.768,34.791,25.576,0 days 02:13:19.985000,0 days 02:13:54.776000,0 days 02:14:20.352000,205.0,185.0,285.0,312.0,False,HARD,19.0,True,Ferrari,0 days 02:12:47.168000,2026-05-03 18:19:27.913,1,7.0,False,,False,True,93.135,93.13499999999999
686,0 days 02:15:53.643000,HAM,44,0 days 00:01:33.340000,47.0,2.0,,,32.489,35.128,25.723,0 days 02:14:52.841000,0 days 02:15:27.969000,0 days 02:15:53.692000,212.0,186.0,278.0,307.0,False,HARD,20.0,True,Ferrari,0 days 02:14:20.303000,2026-05-03 18:21:01.048,12,7.0,False,,False,True,93.34,93.33999999999999
687,0 days 02:17:27.218000,HAM,44,0 days 00:01:33.575000,48.0,2.0,,,32.536,35.194,25.845,0 days 02:16:26.228000,0 days 02:17:01.422000,0 days 02:17:27.267000,212.0,185.0,281.0,291.0,False,HARD,21.0,True,Ferrari,0 days 02:15:53.643000,2026-05-03 18:22:34.388,1,7.0,False,,False,True,93.575,93.575
688,0 days 02:19:00.853000,HAM,44,0 days 00:01:33.635000,49.0,2.0,,,32.612,35.194,25.829,0 days 02:17:59.879000,0 days 02:18:35.073000,0 days 02:19:00.902000,210.0,184.0,283.0,292.0,False,HARD,22.0,True,Ferrari,0 days 02:17:27.218000,2026-05-03 18:24:07.963,1,7.0,False,,False,True,93.635,93.63500000000002
689,0 days 02:20:34.359000,HAM,44,0 days 00:01:33.506000,50.0,2.0,,,32.646,35.17,25.69,0 days 02:19:33.548000,0 days 02:20:08.718000,0 days 02:20:34.408000,209.0,185.0,286.0,306.0,False,HARD,23.0,True,Ferrari,0 days 02:19:00.853000,2026-05-03 18:25:41.598,1,7.0,False,,False,True,93.506,93.506
690,0 days 02:22:07.929000,HAM,44,0 days 00:01:33.570000,51.0,2.0,,,32.477,35.335,25.758,0 days 02:21:06.885000,0 days 02:21:42.220000,0 days 02:22:07.978000,211.0,184.0,284.0,294.0,False,HARD,24.0,True,Ferrari,0 days 02:20:34.359000,2026-05-03 18:27:15.104,1,7.0,False,,False,True,93.57,93.57
691,0 days 02:23:42.563000,HAM,44,0 days 00:01:34.634000,52.0,2.0,,,33.098,35.721,25.815,0 days 02:22:41.076000,0 days 02:23:16.797000,0 days 02:23:42.612000,210.0,179.0,280.0,301.0,False,HARD,25.0,True,Ferrari,0 days 02:22:07.929000,2026-05-03 18:28:48.674,1,7.0,False,,False,True,94.634,94.63399999999999
692,0 days 02:25:16.865000,HAM,44,0 days 00:01:34.302000,53.0,2.0,,,33.03,35.476,25.796,0 days 02:24:15.642000,0 days 02:24:51.118000,0 days 02:25:16.914000,212.0,182.0,282.0,310.0,False,HARD,26.0,True,Ferrari,0 days 02:23:42.563000,2026-05-03 18:30:23.308,1,7.0,False,,False,True,94.302,94.30199999999999
693,0 days 02:26:51.195000,HAM,44,0 days 00:01:34.330000,54.0,2.0,,,32.72,35.605,26.005,0 days 02:25:49.634000,0 days 02:26:25.239000,0 days 02:26:51.244000,209.0,182.0,283.0,304.0,False,HARD,27.0,True,Ferrari,0 days 02:25:16.865000,2026-05-03 18:31:57.610,1,7.0,False,,False,True,94.33,94.32999999999998
694,0 days 02:28:25.502000,HAM,44,0 days 00:01:34.307000,55.0,2.0,,,32.834,35.641,25.832,0 days 02:27:24.078000,0 days 02:27:59.719000,0 days 02:28:25.551000,211.0,179.0,281.0,304.0,False,HARD,28.0,True,Ferrari,0 days 02:26:51.195000,2026-05-03 18:33:31.940,1,7.0,False,,False,True,94.307,94.30699999999999
695,0 days 02:30:00.069000,HAM,44,0 days 00:01:34.567000,56.0,2.0,,,32.834,35.64,26.093,,0 days 02:29:34.025000,0 days 02:30:00.118000,206.0,179.0,276.0,309.0,False,HARD,29.0,True,Ferrari,0 days 02:28:25.502000,2026-05-03 18:35:06.247,12,7.0,False,,False,True,94.567,94.56700000000001
696,0 days 02:31:35.019000,HAM,44,0 days 00:01:34.950000,57.0,2.0,,,32.821,36.114,26.015,0 days 02:30:32.939000,0 days 02:31:09.053000,0 days 02:31:35.068000,210.0,182.0,276.0,299.0,False,HARD,30.0,True,Ferrari,0 days 02:30:00.069000,2026-05-03 18:36:40.814,1,7.0,False,,False,True,94.95,94.95
697,0 days 00:59:11.242000,BOR,5,0 days 00:01:49.249000,1.0,1.0,,,,37.806,26.906,,0 days 00:58:44.575000,0 days 00:59:11.374000,187.0,184.0,252.0,288.0,False,MEDIUM,1.0,True,Audi,0 days 00:57:21.749000,2026-05-03 17:04:02.494,1,18.0,False,,False,False,109.249,
698,0 days 01:00:48.041000,BOR,5,0 days 00:01:36.799000,2.0,1.0,,,33.955,36.04,26.804,0 days 00:59:45.278000,0 days 01:00:21.318000,0 days 01:00:48.122000,209.0,182.0,253.0,294.0,True,MEDIUM,2.0,True,Audi,0 days 00:59:11.242000,2026-05-03 17:05:51.987,1,19.0,False,,False,True,96.799,96.799
699,0 days 01:02:24.425000,BOR,5,0 days 00:01:36.384000,3.0,1.0,,,33.959,36.089,26.336,0 days 01:01:22.081000,0 days 01:01:58.170000,0 days 01:02:24.506000,207.0,181.0,265.0,296.0,True,MEDIUM,3.0,True,Audi,0 days 01:00:48.041000,2026-05-03 17:07:28.786,1,19.0,False,,False,True,96.384,96.384
700,0 days 01:04:00.958000,BOR,5,0 days 00:01:36.533000,4.0,1.0,,,34.18,35.664,26.689,0 days 01:02:58.686000,0 days 01:03:34.350000,0 days 01:04:01.039000,203.0,181.0,266.0,300.0,False,MEDIUM,4.0,True,Audi,0 days 01:02:24.425000,2026-05-03 17:09:05.170,1,19.0,False,,False,True,96.533,96.53299999999999
701,0 days 01:05:38.237000,BOR,5,0 days 00:01:37.279000,5.0,1.0,,,33.897,36.094,27.288,0 days 01:04:34.936000,0 days 01:05:11.030000,0 days 01:05:38.318000,207.0,181.0,207.0,283.0,False,MEDIUM,5.0,True,Audi,0 days 01:04:00.958000,2026-05-03 17:10:41.703,124,15.0,False,,False,False,97.279,97.279
702,0 days 01:07:53.732000,BOR,5,0 days 00:02:15.495000,6.0,1.0,,,45.499,50.475,39.521,0 days 01:06:23.817000,0 days 01:07:14.292000,0 days 01:07:53.813000,184.0,121.0,237.0,108.0,False,MEDIUM,6.0,True,Audi,0 days 01:05:38.237000,2026-05-03 17:12:18.982,4,15.0,False,,False,False,135.495,135.495
703,0 days 01:10:02.502000,BOR,5,0 days 00:02:08.770000,7.0,1.0,,,39.016,48.186,41.568,0 days 01:08:32.829000,0 days 01:09:21.015000,0 days 01:10:02.583000,191.0,122.0,227.0,90.0,False,MEDIUM,7.0,True,Audi,0 days 01:07:53.732000,2026-05-03 17:14:34.477,4,14.0,False,,False,False,128.77,128.76999999999998
704,0 days 01:12:23.253000,BOR,5,0 days 00:02:20.751000,8.0,1.0,,,41.904,58.134,40.713,0 days 01:10:44.487000,0 days 01:11:42.621000,0 days 01:12:23.334000,119.0,54.0,190.0,96.0,False,MEDIUM,8.0,True,Audi,0 days 01:10:02.502000,2026-05-03 17:16:43.247,4,14.0,False,,False,False,140.751,140.751
705,0 days 01:14:45.871000,BOR,5,0 days 00:02:22.618000,9.0,1.0,,,44.019,58.609,39.99,0 days 01:13:07.353000,0 days 01:14:05.962000,0 days 01:14:45.952000,118.0,115.0,234.0,137.0,False,MEDIUM,9.0,True,Audi,0 days 01:12:23.253000,2026-05-03 17:19:03.998,4,14.0,False,,False,False,142.618,142.618
706,0 days 01:17:06.645000,BOR,5,0 days 00:02:20.774000,10.0,1.0,,,46.963,58.869,34.942,0 days 01:15:32.915000,0 days 01:16:31.784000,0 days 01:17:06.726000,101.0,104.0,238.0,153.0,False,MEDIUM,10.0,True,Audi,0 days 01:14:45.871000,2026-05-03 17:21:26.616,4,14.0,False,,False,False,140.774,140.774
707,0 days 01:19:28.149000,BOR,5,0 days 00:02:21.504000,11.0,1.0,,,46.105,45.16,50.239,0 days 01:17:52.831000,0 days 01:18:37.991000,0 days 01:19:28.230000,149.0,129.0,263.0,40.0,False,MEDIUM,11.0,True,Audi,0 days 01:17:06.645000,2026-05-03 17:23:47.390,41,14.0,False,,False,False,141.504,141.504
708,0 days 01:21:05.309000,BOR,5,0 days 00:01:37.160000,12.0,1.0,,,33.726,36.792,26.642,0 days 01:20:01.956000,0 days 01:20:38.748000,0 days 01:21:05.390000,208.0,182.0,267.0,282.0,False,MEDIUM,12.0,True,Audi,0 days 01:19:28.149000,2026-05-03 17:26:08.894,1,15.0,False,,False,True,97.16,97.16
709,0 days 01:22:40.858000,BOR,5,0 days 00:01:35.549000,13.0,1.0,,,33.996,35.113,26.44,0 days 01:21:39.386000,0 days 01:22:14.499000,0 days 01:22:40.939000,211.0,180.0,258.0,301.0,True,MEDIUM,13.0,True,Audi,0 days 01:21:05.309000,2026-05-03 17:27:46.054,1,14.0,False,,False,True,95.549,95.549
710,0 days 01:24:16.665000,BOR,5,0 days 00:01:35.807000,14.0,1.0,,,34.078,35.269,26.46,0 days 01:23:15.017000,0 days 01:23:50.286000,0 days 01:24:16.746000,211.0,182.0,258.0,297.0,False,MEDIUM,14.0,True,Audi,0 days 01:22:40.858000,2026-05-03 17:29:21.603,1,14.0,False,,False,True,95.807,95.80700000000002
711,0 days 01:25:52.387000,BOR,5,0 days 00:01:35.722000,15.0,1.0,,,33.653,35.555,26.514,0 days 01:24:50.399000,0 days 01:25:25.954000,0 days 01:25:52.468000,210.0,181.0,259.0,303.0,False,MEDIUM,15.0,True,Audi,0 days 01:24:16.665000,2026-05-03 17:30:57.410,12,14.0,False,,False,True,95.722,95.722
712,0 days 01:27:27.872000,BOR,5,0 days 00:01:35.485000,16.0,1.0,,,33.546,35.495,26.444,0 days 01:26:26.014000,0 days 01:27:01.509000,0 days 01:27:27.953000,210.0,181.0,261.0,301.0,True,MEDIUM,16.0,True,Audi,0 days 01:25:52.387000,2026-05-03 17:32:33.132,1,14.0,False,,False,True,95.485,95.485
713,0 days 01:29:03.365000,BOR,5,0 days 00:01:35.493000,17.0,1.0,,,33.644,35.456,26.393,0 days 01:28:01.597000,0 days 01:28:37.053000,0 days 01:29:03.446000,209.0,181.0,267.0,299.0,False,MEDIUM,17.0,True,Audi,0 days 01:27:27.872000,2026-05-03 17:34:08.617,1,14.0,False,,False,True,95.493,95.493
714,0 days 01:30:39.208000,BOR,5,0 days 00:01:35.843000,18.0,1.0,,,33.675,35.746,26.422,0 days 01:29:37.121000,0 days 01:30:12.867000,0 days 01:30:39.289000,208.0,180.0,272.0,303.0,False,MEDIUM,18.0,True,Audi,0 days 01:29:03.365000,2026-05-03 17:35:44.110,1,14.0,False,,False,True,95.843,95.84299999999999
715,0 days 01:32:15.001000,BOR,5,0 days 00:01:35.793000,19.0,1.0,,,33.708,35.457,26.628,0 days 01:31:12.997000,0 days 01:31:48.454000,0 days 01:32:15.082000,207.0,179.0,262.0,291.0,False,MEDIUM,19.0,True,Audi,0 days 01:30:39.208000,2026-05-03 17:37:19.953,1,13.0,False,,False,True,95.793,95.79299999999999
716,0 days 01:33:50.790000,BOR,5,0 days 00:01:35.789000,20.0,1.0,,,33.58,35.773,26.436,0 days 01:32:48.662000,0 days 01:33:24.435000,0 days 01:33:50.871000,209.0,182.0,266.0,297.0,False,MEDIUM,20.0,True,Audi,0 days 01:32:15.001000,2026-05-03 17:38:55.746,1,13.0,False,,False,True,95.789,95.78900000000002
717,0 days 01:35:25.940000,BOR,5,0 days 00:01:35.150000,21.0,1.0,,,33.331,35.428,26.391,0 days 01:34:24.202000,0 days 01:34:59.630000,0 days 01:35:26.021000,209.0,182.0,264.0,297.0,True,MEDIUM,21.0,True,Audi,0 days 01:33:50.790000,2026-05-03 17:40:31.535,1,13.0,False,,False,True,95.15,95.15
718,0 days 01:37:00.989000,BOR,5,0 days 00:01:35.049000,22.0,1.0,,,33.261,35.468,26.32,0 days 01:35:59.282000,0 days 01:36:34.750000,0 days 01:37:01.070000,208.0,183.0,264.0,297.0,True,MEDIUM,22.0,True,Audi,0 days 01:35:25.940000,2026-05-03 17:42:06.685,1,13.0,False,,False,True,95.049,95.049
719,0 days 01:38:35.642000,BOR,5,0 days 00:01:34.653000,23.0,1.0,,,33.213,35.117,26.323,0 days 01:37:34.283000,0 days 01:38:09.400000,0 days 01:38:35.723000,209.0,183.0,263.0,299.0,True,MEDIUM,23.0,True,Audi,0 days 01:37:00.989000,2026-05-03 17:43:41.734,1,13.0,False,,False,True,94.653,94.65299999999999
720,0 days 01:40:10.638000,BOR,5,0 days 00:01:34.996000,24.0,1.0,,,33.352,35.389,26.255,0 days 01:39:09.075000,0 days 01:39:44.464000,0 days 01:40:10.719000,209.0,183.0,263.0,300.0,False,MEDIUM,24.0,True,Audi,0 days 01:38:35.642000,2026-05-03 17:45:16.387,1,13.0,False,,False,True,94.996,94.996
721,0 days 01:41:45.639000,BOR,5,0 days 00:01:35.001000,25.0,1.0,,,33.263,35.735,26.003,0 days 01:40:43.982000,0 days 01:41:19.717000,0 days 01:41:45.720000,203.0,182.0,260.0,310.0,False,MEDIUM,25.0,True,Audi,0 days 01:40:10.638000,2026-05-03 17:46:51.383,1,13.0,False,,False,True,95.001,95.00099999999999
722,0 days 01:43:20.550000,BOR,5,0 days 00:01:34.911000,26.0,1.0,,,33.422,35.448,26.041,0 days 01:42:19.142000,0 days 01:42:54.590000,0 days 01:43:20.631000,209.0,184.0,257.0,310.0,False,MEDIUM,26.0,True,Audi,0 days 01:41:45.639000,2026-05-03 17:48:26.384,1,13.0,False,,False,True,94.911,94.911
723,0 days 01:44:55.802000,BOR,5,0 days 00:01:35.252000,27.0,1.0,,,33.419,35.312,26.521,0 days 01:43:54.050000,0 days 01:44:29.362000,0 days 01:44:55.883000,210.0,182.0,262.0,296.0,False,MEDIUM,27.0,True,Audi,0 days 01:43:20.550000,2026-05-03 17:50:01.295,1,12.0,False,,False,True,95.252,95.252
724,0 days 01:46:30.775000,BOR,5,0 days 00:01:34.973000,28.0,1.0,,,33.525,35.434,26.014,0 days 01:45:29.408000,0 days 01:46:04.842000,0 days 01:46:30.856000,210.0,184.0,260.0,309.0,False,MEDIUM,28.0,True,Audi,0 days 01:44:55.802000,2026-05-03 17:51:36.547,1,11.0,False,,False,True,94.973,94.973
725,0 days 01:48:05.798000,BOR,5,0 days 00:01:35.023000,29.0,1.0,,,33.452,35.513,26.058,0 days 01:47:04.308000,0 days 01:47:39.821000,0 days 01:48:05.879000,210.0,183.0,261.0,308.0,False,MEDIUM,29.0,True,Audi,0 days 01:46:30.775000,2026-05-03 17:53:11.520,1,10.0,False,,False,True,95.023,95.023
726,0 days 01:49:40.824000,BOR,5,0 days 00:01:35.026000,30.0,1.0,,,33.372,35.441,26.213,0 days 01:48:39.251000,0 days 01:49:14.692000,0 days 01:49:40.905000,208.0,184.0,264.0,298.0,False,MEDIUM,30.0,True,Audi,0 days 01:48:05.798000,2026-05-03 17:54:46.543,1,10.0,False,,False,True,95.026,95.02600000000001
727,0 days 01:51:16.028000,BOR,5,0 days 00:01:35.204000,31.0,1.0,,,33.319,35.41,26.475,0 days 01:50:14.224000,0 days 01:50:49.634000,0 days 01:51:16.109000,210.0,183.0,268.0,297.0,False,MEDIUM,31.0,True,Audi,0 days 01:49:40.824000,2026-05-03 17:56:21.569,1,9.0,False,,False,True,95.204,95.20400000000001
728,0 days 01:52:56.500000,BOR,5,0 days 00:01:40.472000,32.0,1.0,,0 days 01:52:50.817000,33.276,35.196,32.0,0 days 01:51:49.385000,0 days 01:52:24.581000,0 days 01:52:56.581000,209.0,183.0,,305.0,False,MEDIUM,32.0,True,Audi,0 days 01:51:16.028000,2026-05-03 17:57:56.773,1,12.0,False,,False,False,100.472,100.47200000000001
729,0 days 01:54:45.329000,BOR,5,0 days 00:01:48.829000,33.0,2.0,0 days 01:53:14.743000,,48.591,34.416,25.822,0 days 01:53:45.172000,0 days 01:54:19.588000,0 days 01:54:45.410000,214.0,185.0,267.0,304.0,False,HARD,1.0,True,Audi,0 days 01:52:56.500000,2026-05-03 17:59:37.245,1,13.0,False,,False,False,108.829,108.82900000000001
730,0 days 01:56:18.888000,BOR,5,0 days 00:01:33.559000,34.0,2.0,,,32.64,35.155,25.764,0 days 01:55:18.050000,0 days 01:55:53.205000,0 days 01:56:18.969000,213.0,185.0,260.0,309.0,True,HARD,2.0,True,Audi,0 days 01:54:45.329000,2026-05-03 18:01:26.074,1,13.0,False,,False,True,93.559,93.559
731,0 days 01:57:52.790000,BOR,5,0 days 00:01:33.902000,35.0,2.0,,,32.803,35.163,25.936,0 days 01:56:51.772000,0 days 01:57:26.935000,0 days 01:57:52.871000,213.0,184.0,264.0,300.0,False,HARD,3.0,True,Audi,0 days 01:56:18.888000,2026-05-03 18:02:59.633,1,13.0,False,,False,True,93.902,93.90199999999999
732,0 days 01:59:26.380000,BOR,5,0 days 00:01:33.590000,36.0,2.0,,,32.445,35.269,25.876,0 days 01:58:25.316000,0 days 01:59:00.585000,0 days 01:59:26.461000,213.0,186.0,264.0,301.0,False,HARD,4.0,True,Audi,0 days 01:57:52.790000,2026-05-03 18:04:33.535,1,13.0,False,,False,True,93.59,93.59
733,0 days 02:01:00.125000,BOR,5,0 days 00:01:33.745000,37.0,2.0,,,32.519,35.301,25.925,0 days 01:59:58.980000,0 days 02:00:34.281000,0 days 02:01:00.206000,213.0,185.0,266.0,301.0,False,HARD,5.0,True,Audi,0 days 01:59:26.380000,2026-05-03 18:06:07.125,1,13.0,False,,False,True,93.745,93.74499999999999
734,0 days 02:02:34.057000,BOR,5,0 days 00:01:33.932000,38.0,2.0,,,32.665,35.359,25.908,0 days 02:01:32.871000,0 days 02:02:08.230000,0 days 02:02:34.138000,212.0,185.0,265.0,304.0,False,HARD,6.0,True,Audi,0 days 02:01:00.125000,2026-05-03 18:07:40.870,1,13.0,False,,False,True,93.932,93.932
735,0 days 02:04:08.012000,BOR,5,0 days 00:01:33.955000,39.0,2.0,,,32.807,35.188,25.96,0 days 02:03:06.945000,0 days 02:03:42.133000,0 days 02:04:08.093000,212.0,185.0,265.0,305.0,False,HARD,7.0,True,Audi,0 days 02:02:34.057000,2026-05-03 18:09:14.802,1,13.0,False,,False,True,93.955,93.95500000000001
736,0 days 02:05:42.047000,BOR,5,0 days 00:01:34.035000,40.0,2.0,,,32.782,35.369,25.884,0 days 02:04:40.875000,0 days 02:05:16.244000,0 days 02:05:42.128000,212.0,184.0,263.0,304.0,False,HARD,8.0,True,Audi,0 days 02:04:08.012000,2026-05-03 18:10:48.757,1,13.0,False,,False,True,94.035,94.035
737,0 days 02:07:15.686000,BOR,5,0 days 00:01:33.639000,41.0,2.0,,,32.707,35.255,25.677,0 days 02:06:14.835000,0 days 02:06:50.090000,0 days 02:07:15.767000,213.0,184.0,265.0,313.0,False,HARD,9.0,True,Audi,0 days 02:05:42.047000,2026-05-03 18:12:22.792,1,13.0,False,,False,True,93.639,93.63900000000001
738,0 days 02:08:49.728000,BOR,5,0 days 00:01:34.042000,42.0,2.0,,,32.881,35.15,26.011,0 days 02:07:48.648000,0 days 02:08:23.798000,0 days 02:08:49.809000,212.0,182.0,269.0,310.0,False,HARD,10.0,True,Audi,0 days 02:07:15.686000,2026-05-03 18:13:56.431,1,13.0,False,,False,True,94.042,94.042
739,0 days 02:10:24.466000,BOR,5,0 days 00:01:34.738000,43.0,2.0,,,33.27,35.409,26.059,0 days 02:09:23.079000,0 days 02:09:58.488000,0 days 02:10:24.547000,210.0,181.0,272.0,302.0,False,HARD,11.0,True,Audi,0 days 02:08:49.728000,2026-05-03 18:15:30.473,1,13.0,False,,False,True,94.738,94.738
740,0 days 02:11:58.976000,BOR,5,0 days 00:01:34.510000,44.0,2.0,,,33.011,35.519,25.98,0 days 02:10:57.558000,0 days 02:11:33.077000,0 days 02:11:59.057000,212.0,183.0,271.0,302.0,False,HARD,12.0,True,Audi,0 days 02:10:24.466000,2026-05-03 18:17:05.211,1,13.0,False,,False,True,94.51,94.51
741,0 days 02:13:33.403000,BOR,5,0 days 00:01:34.427000,45.0,2.0,,,32.871,35.523,26.033,0 days 02:12:31.928000,0 days 02:13:07.451000,0 days 02:13:33.484000,213.0,183.0,286.0,295.0,False,HARD,13.0,True,Audi,0 days 02:11:58.976000,2026-05-03 18:18:39.721,1,13.0,False,,False,True,94.427,94.427
742,0 days 02:15:08.266000,BOR,5,0 days 00:01:34.863000,46.0,2.0,,,33.407,35.2,26.256,0 days 02:14:06.891000,0 days 02:14:42.091000,0 days 02:15:08.347000,213.0,183.0,264.0,291.0,False,HARD,14.0,True,Audi,0 days 02:13:33.403000,2026-05-03 18:20:14.148,1,12.0,False,,False,True,94.863,94.863
743,0 days 02:16:42.437000,BOR,5,0 days 00:01:34.171000,47.0,2.0,,,32.954,35.407,25.81,0 days 02:15:41.301000,0 days 02:16:16.708000,0 days 02:16:42.518000,211.0,183.0,261.0,318.0,False,HARD,15.0,True,Audi,0 days 02:15:08.266000,2026-05-03 18:21:49.011,12,12.0,False,,False,True,94.171,94.17099999999999
744,0 days 02:18:16.278000,BOR,5,0 days 00:01:33.841000,48.0,2.0,,,32.777,35.278,25.786,0 days 02:17:15.295000,0 days 02:17:50.573000,0 days 02:18:16.359000,209.0,183.0,258.0,318.0,False,HARD,16.0,True,Audi,0 days 02:16:42.437000,2026-05-03 18:23:23.182,1,12.0,False,,False,True,93.841,93.84100000000001
745,0 days 02:19:50.548000,BOR,5,0 days 00:01:34.270000,49.0,2.0,,,32.715,35.814,25.741,0 days 02:18:49.074000,0 days 02:19:24.888000,0 days 02:19:50.629000,213.0,186.0,263.0,319.0,False,HARD,17.0,True,Audi,0 days 02:18:16.278000,2026-05-03 18:24:57.023,1,12.0,False,,False,True,94.27,94.27
746,0 days 02:21:24.957000,BOR,5,0 days 00:01:34.409000,50.0,2.0,,,32.755,35.723,25.931,0 days 02:20:23.384000,0 days 02:20:59.107000,0 days 02:21:25.038000,212.0,184.0,266.0,302.0,False,HARD,18.0,True,Audi,0 days 02:19:50.548000,2026-05-03 18:26:31.293,1,12.0,False,,False,True,94.409,94.409
747,0 days 02:23:00.700000,BOR,5,0 days 00:01:35.743000,51.0,2.0,,,32.917,36.526,26.3,0 days 02:21:57.955000,0 days 02:22:34.481000,0 days 02:23:00.781000,213.0,179.0,244.0,314.0,False,HARD,19.0,True,Audi,0 days 02:21:24.957000,2026-05-03 18:28:05.702,1,12.0,False,,False,True,95.743,95.74300000000001
748,0 days 02:24:35.451000,BOR,5,0 days 00:01:34.751000,52.0,2.0,,,33.624,35.369,25.758,0 days 02:23:34.405000,0 days 02:24:09.774000,0 days 02:24:35.532000,213.0,181.0,268.0,315.0,False,HARD,20.0,True,Audi,0 days 02:23:00.700000,2026-05-03 18:29:41.445,1,12.0,False,,False,True,94.751,94.75099999999999
749,0 days 02:26:09.305000,BOR,5,0 days 00:01:33.854000,53.0,2.0,,,32.707,35.332,25.815,0 days 02:25:08.239000,0 days 02:25:43.571000,0 days 02:26:09.386000,214.0,183.0,266.0,311.0,False,HARD,21.0,True,Audi,0 days 02:24:35.451000,2026-05-03 18:31:16.196,1,12.0,False,,False,True,93.854,93.854
750,0 days 02:27:43.031000,BOR,5,0 days 00:01:33.726000,54.0,2.0,,,32.656,35.259,25.811,0 days 02:26:42.042000,0 days 02:27:17.301000,0 days 02:27:43.112000,213.0,184.0,268.0,311.0,False,HARD,22.0,True,Audi,0 days 02:26:09.305000,2026-05-03 18:32:50.050,1,12.0,False,,False,True,93.726,93.726
751,0 days 02:29:16.531000,BOR,5,0 days 00:01:33.500000,55.0,2.0,,,32.653,35.061,25.786,0 days 02:28:15.765000,0 days 02:28:50.826000,0 days 02:29:16.612000,212.0,185.0,267.0,312.0,True,HARD,23.0,True,Audi,0 days 02:27:43.031000,2026-05-03 18:34:23.776,1,12.0,False,,False,True,93.5,93.5
752,0 days 02:30:50.619000,BOR,5,0 days 00:01:34.088000,56.0,2.0,,,32.882,35.313,25.893,0 days 02:29:49.494000,0 days 02:30:24.807000,0 days 02:30:50.700000,214.0,185.0,275.0,309.0,False,HARD,24.0,True,Audi,0 days 02:29:16.531000,2026-05-03 18:35:57.276,12,12.0,False,,False,True,94.088,94.088
753,0 days 00:59:07.228000,SAI,55,0 days 00:01:45.235000,1.0,1.0,,,,36.562,27.239,,0 days 00:58:40.207000,0 days 00:59:07.457000,208.0,180.0,251.0,305.0,False,MEDIUM,1.0,True,Williams,0 days 00:57:21.749000,2026-05-03 17:04:02.494,1,11.0,False,,False,False,105.235,
754,0 days 01:00:43.117000,SAI,55,0 days 00:01:35.889000,2.0,1.0,,,34.802,35.03,26.057,0 days 00:59:42.103000,0 days 01:00:17.133000,0 days 01:00:43.190000,211.0,186.0,256.0,322.0,True,MEDIUM,2.0,True,Williams,0 days 00:59:07.228000,2026-05-03 17:05:47.973,1,12.0,False,,False,True,95.889,95.889
755,0 days 01:02:18.412000,SAI,55,0 days 00:01:35.295000,3.0,1.0,,,34.279,35.056,25.96,0 days 01:01:17.469000,0 days 01:01:52.525000,0 days 01:02:18.485000,211.0,185.0,254.0,314.0,True,MEDIUM,3.0,True,Williams,0 days 01:00:43.117000,2026-05-03 17:07:23.862,1,12.0,False,,False,True,95.295,95.29500000000002
756,0 days 01:03:53.256000,SAI,55,0 days 00:01:34.844000,4.0,1.0,,,34.167,34.955,25.722,0 days 01:02:52.652000,0 days 01:03:27.607000,0 days 01:03:53.329000,212.0,185.0,264.0,321.0,True,MEDIUM,4.0,True,Williams,0 days 01:02:18.412000,2026-05-03 17:08:59.157,1,12.0,False,,False,True,94.844,94.844
757,0 days 01:05:29.937000,SAI,55,0 days 00:01:36.681000,5.0,1.0,,,34.299,35.643,26.739,0 days 01:04:27.628000,0 days 01:05:03.271000,0 days 01:05:30.010000,208.0,184.0,258.0,290.0,False,MEDIUM,5.0,True,Williams,0 days 01:03:53.256000,2026-05-03 17:10:34.001,12,10.0,False,,False,True,96.681,96.68100000000001
758,0 days 01:07:44.238000,SAI,55,0 days 00:02:14.301000,6.0,1.0,,,43.913,47.461,42.927,0 days 01:06:13.923000,0 days 01:07:01.384000,0 days 01:07:44.311000,176.0,130.0,205.0,120.0,False,MEDIUM,6.0,True,Williams,0 days 01:05:29.937000,2026-05-03 17:12:10.682,24,10.0,False,,False,False,134.301,134.301
759,0 days 01:09:52.662000,SAI,55,0 days 00:02:08.424000,7.0,1.0,,,37.028,49.207,42.189,0 days 01:08:21.339000,0 days 01:09:10.546000,0 days 01:09:52.735000,176.0,92.0,244.0,80.0,False,MEDIUM,7.0,True,Williams,0 days 01:07:44.238000,2026-05-03 17:14:24.983,4,9.0,False,,False,False,128.424,128.424
760,0 days 01:12:17.320000,SAI,55,0 days 00:02:24.658000,8.0,1.0,,,46.192,57.307,41.159,0 days 01:10:38.927000,0 days 01:11:36.234000,0 days 01:12:17.393000,94.0,63.0,223.0,91.0,False,MEDIUM,8.0,True,Williams,0 days 01:09:52.662000,2026-05-03 17:16:33.407,4,9.0,False,,False,False,144.658,144.658
761,0 days 01:14:40.610000,SAI,55,0 days 00:02:23.290000,9.0,1.0,,,44.337,57.019,41.934,0 days 01:13:01.730000,0 days 01:13:58.749000,0 days 01:14:40.683000,110.0,68.0,222.0,123.0,False,MEDIUM,9.0,True,Williams,0 days 01:12:17.320000,2026-05-03 17:18:58.065,4,9.0,False,,False,False,143.29,143.29
762,0 days 01:17:00.849000,SAI,55,0 days 00:02:20.239000,10.0,1.0,,,47.092,57.138,36.009,0 days 01:15:27.775000,0 days 01:16:24.913000,0 days 01:17:00.922000,91.0,85.0,224.0,161.0,False,MEDIUM,10.0,True,Williams,0 days 01:14:40.610000,2026-05-03 17:21:21.355,4,9.0,False,,False,False,140.239,140.23899999999998
763,0 days 01:19:25.212000,SAI,55,0 days 00:02:24.363000,11.0,1.0,,,46.368,46.694,51.301,0 days 01:17:47.290000,0 days 01:18:33.984000,0 days 01:19:25.285000,120.0,123.0,269.0,48.0,False,MEDIUM,11.0,True,Williams,0 days 01:17:00.849000,2026-05-03 17:23:41.594,41,9.0,False,,False,False,144.363,144.363
764,0 days 01:21:00.373000,SAI,55,0 days 00:01:35.161000,12.0,1.0,,,33.837,35.506,25.818,0 days 01:19:59.122000,0 days 01:20:34.628000,0 days 01:21:00.446000,213.0,186.0,259.0,321.0,False,MEDIUM,12.0,True,Williams,0 days 01:19:25.212000,2026-05-03 17:26:05.957,1,9.0,False,,False,True,95.161,95.161
765,0 days 01:22:35.257000,SAI,55,0 days 00:01:34.884000,13.0,1.0,,,33.952,35.201,25.731,0 days 01:21:34.398000,0 days 01:22:09.599000,0 days 01:22:35.330000,211.0,184.0,271.0,317.0,False,MEDIUM,13.0,True,Williams,0 days 01:21:00.373000,2026-05-03 17:27:41.118,1,9.0,False,,False,True,94.884,94.88399999999999
766,0 days 01:24:09.235000,SAI,55,0 days 00:01:33.978000,14.0,1.0,,,33.339,34.981,25.658,0 days 01:23:08.669000,0 days 01:23:43.650000,0 days 01:24:09.308000,210.0,184.0,271.0,319.0,True,MEDIUM,14.0,True,Williams,0 days 01:22:35.257000,2026-05-03 17:29:16.002,1,9.0,False,,False,True,93.978,93.978
767,0 days 01:25:43.458000,SAI,55,0 days 00:01:34.223000,15.0,1.0,,,33.518,34.855,25.85,0 days 01:24:42.826000,0 days 01:25:17.681000,0 days 01:25:43.531000,212.0,184.0,261.0,314.0,False,MEDIUM,15.0,True,Williams,0 days 01:24:09.235000,2026-05-03 17:30:49.980,1,8.0,False,,False,True,94.223,94.22299999999998
768,0 days 01:27:18.225000,SAI,55,0 days 00:01:34.767000,16.0,1.0,,,33.601,35.206,25.96,0 days 01:26:17.132000,0 days 01:26:52.338000,0 days 01:27:18.298000,211.0,184.0,265.0,317.0,False,MEDIUM,16.0,True,Williams,0 days 01:25:43.458000,2026-05-03 17:32:24.203,12,8.0,False,,False,True,94.767,94.767
769,0 days 01:28:53.044000,SAI,55,0 days 00:01:34.819000,17.0,1.0,,,33.444,35.308,26.067,0 days 01:27:51.742000,0 days 01:28:27.050000,0 days 01:28:53.117000,212.0,182.0,267.0,315.0,False,MEDIUM,17.0,True,Williams,0 days 01:27:18.225000,2026-05-03 17:33:58.970,1,8.0,False,,False,True,94.819,94.81900000000002
770,0 days 01:30:28.507000,SAI,55,0 days 00:01:35.463000,18.0,1.0,,,34.208,35.321,25.934,0 days 01:29:27.325000,0 days 01:30:02.646000,0 days 01:30:28.580000,210.0,182.0,269.0,316.0,False,MEDIUM,18.0,True,Williams,0 days 01:28:53.044000,2026-05-03 17:35:33.789,1,9.0,False,,False,True,95.463,95.463
771,0 days 01:32:03.280000,SAI,55,0 days 00:01:34.773000,19.0,1.0,,,33.519,35.3,25.954,0 days 01:31:02.099000,0 days 01:31:37.399000,0 days 01:32:03.353000,210.0,183.0,272.0,317.0,False,MEDIUM,19.0,True,Williams,0 days 01:30:28.507000,2026-05-03 17:37:09.252,1,9.0,False,,False,True,94.773,94.773
772,0 days 01:33:38.080000,SAI,55,0 days 00:01:34.800000,20.0,1.0,,,33.525,35.315,25.96,0 days 01:32:36.878000,0 days 01:33:12.193000,0 days 01:33:38.153000,210.0,183.0,278.0,315.0,False,MEDIUM,20.0,True,Williams,0 days 01:32:03.280000,2026-05-03 17:38:44.025,1,9.0,False,,False,True,94.8,94.80000000000001
773,0 days 01:35:13.048000,SAI,55,0 days 00:01:34.968000,21.0,1.0,,,33.466,35.401,26.101,0 days 01:34:11.619000,0 days 01:34:47.020000,0 days 01:35:13.121000,211.0,185.0,264.0,312.0,False,MEDIUM,21.0,True,Williams,0 days 01:33:38.080000,2026-05-03 17:40:18.825,1,8.0,False,,False,True,94.968,94.968
774,0 days 01:36:47.649000,SAI,55,0 days 00:01:34.601000,22.0,1.0,,,33.346,35.241,26.014,0 days 01:35:46.467000,0 days 01:36:21.708000,0 days 01:36:47.722000,209.0,185.0,273.0,312.0,False,MEDIUM,22.0,True,Williams,0 days 01:35:13.048000,2026-05-03 17:41:53.793,1,7.0,False,,False,True,94.601,94.60099999999998
775,0 days 01:38:22.300000,SAI,55,0 days 00:01:34.651000,23.0,1.0,,,33.307,35.237,26.107,0 days 01:37:21.029000,0 days 01:37:56.266000,0 days 01:38:22.373000,210.0,185.0,272.0,311.0,False,MEDIUM,23.0,True,Williams,0 days 01:36:47.649000,2026-05-03 17:43:28.394,1,7.0,False,,False,True,94.651,94.65100000000001
776,0 days 01:39:56.924000,SAI,55,0 days 00:01:34.624000,24.0,1.0,,,33.253,35.284,26.087,0 days 01:38:55.626000,0 days 01:39:30.910000,0 days 01:39:56.997000,210.0,184.0,270.0,311.0,False,MEDIUM,24.0,True,Williams,0 days 01:38:22.300000,2026-05-03 17:45:03.045,1,7.0,False,,False,True,94.624,94.62400000000001
777,0 days 01:41:32.221000,SAI,55,0 days 00:01:35.297000,25.0,1.0,,,33.334,35.903,26.06,0 days 01:40:30.331000,0 days 01:41:06.234000,0 days 01:41:32.294000,211.0,185.0,275.0,309.0,False,MEDIUM,25.0,True,Williams,0 days 01:39:56.924000,2026-05-03 17:46:37.669,1,7.0,False,,False,True,95.297,95.297
778,0 days 01:43:08.357000,SAI,55,0 days 00:01:36.136000,26.0,1.0,,,33.381,36.239,26.516,0 days 01:42:05.675000,0 days 01:42:41.914000,0 days 01:43:08.430000,212.0,184.0,273.0,299.0,False,MEDIUM,26.0,True,Williams,0 days 01:41:32.221000,2026-05-03 17:48:12.966,1,9.0,False,,False,True,96.136,96.136
779,0 days 01:44:43.199000,SAI,55,0 days 00:01:34.842000,27.0,1.0,,,33.668,35.249,25.925,0 days 01:43:42.098000,0 days 01:44:17.347000,0 days 01:44:43.272000,210.0,184.0,277.0,318.0,False,MEDIUM,27.0,True,Williams,0 days 01:43:08.357000,2026-05-03 17:49:49.102,1,9.0,False,,False,True,94.842,94.842
780,0 days 01:46:23.059000,SAI,55,0 days 00:01:39.860000,28.0,1.0,,0 days 01:46:17.667000,33.553,35.338,30.969,0 days 01:45:16.825000,0 days 01:45:52.163000,0 days 01:46:23.132000,211.0,184.0,,313.0,False,MEDIUM,28.0,True,Williams,0 days 01:44:43.199000,2026-05-03 17:51:23.944,1,9.0,False,,False,False,99.86,99.85999999999999
781,0 days 01:48:11.593000,SAI,55,0 days 00:01:48.534000,29.0,2.0,0 days 01:46:41.365000,,48.32,34.474,25.74,0 days 01:47:11.452000,0 days 01:47:45.926000,0 days 01:48:11.666000,218.0,190.0,275.0,310.0,False,HARD,1.0,True,Williams,0 days 01:46:23.059000,2026-05-03 17:53:03.804,1,11.0,False,,False,False,108.534,108.53399999999999
782,0 days 01:49:44.619000,SAI,55,0 days 00:01:33.026000,30.0,2.0,,,32.706,34.713,25.607,0 days 01:48:44.372000,0 days 01:49:19.085000,0 days 01:49:44.692000,214.0,187.0,273.0,314.0,True,HARD,2.0,True,Williams,0 days 01:48:11.593000,2026-05-03 17:54:52.338,1,11.0,False,,False,True,93.026,93.02600000000001
783,0 days 01:51:17.930000,SAI,55,0 days 00:01:33.311000,31.0,2.0,,,32.807,34.819,25.685,0 days 01:50:17.499000,0 days 01:50:52.318000,0 days 01:51:18.003000,214.0,186.0,277.0,315.0,False,HARD,3.0,True,Williams,0 days 01:49:44.619000,2026-05-03 17:56:25.364,1,11.0,False,,False,True,93.311,93.311
784,0 days 01:52:51.667000,SAI,55,0 days 00:01:33.737000,32.0,2.0,,,33.028,34.886,25.823,0 days 01:51:51.031000,0 days 01:52:25.917000,0 days 01:52:51.740000,212.0,187.0,260.0,319.0,False,HARD,4.0,True,Williams,0 days 01:51:17.930000,2026-05-03 17:57:58.675,1,9.0,False,,False,True,93.737,93.737
785,0 days 01:54:25.214000,SAI,55,0 days 00:01:33.547000,33.0,2.0,,,32.983,34.738,25.826,0 days 01:53:24.723000,0 days 01:53:59.461000,0 days 01:54:25.287000,213.0,185.0,281.0,309.0,False,HARD,5.0,True,Williams,0 days 01:52:51.667000,2026-05-03 17:59:32.412,1,9.0,False,,False,True,93.547,93.547
786,0 days 01:55:59.256000,SAI,55,0 days 00:01:34.042000,34.0,2.0,,,32.919,35.205,25.918,0 days 01:54:58.206000,0 days 01:55:33.411000,0 days 01:55:59.329000,213.0,186.0,275.0,308.0,False,HARD,6.0,True,Williams,0 days 01:54:25.214000,2026-05-03 18:01:05.959,1,9.0,False,,False,True,94.042,94.042
787,0 days 01:57:33.224000,SAI,55,0 days 00:01:33.968000,35.0,2.0,,,32.789,35.303,25.876,0 days 01:56:32.118000,0 days 01:57:07.421000,0 days 01:57:33.297000,212.0,184.0,274.0,309.0,False,HARD,7.0,True,Williams,0 days 01:55:59.256000,2026-05-03 18:02:40.001,1,9.0,False,,False,True,93.968,93.968
788,0 days 01:59:07.042000,SAI,55,0 days 00:01:33.818000,36.0,2.0,,,32.821,35.152,25.845,0 days 01:58:06.118000,0 days 01:58:41.270000,0 days 01:59:07.115000,212.0,186.0,272.0,310.0,False,HARD,8.0,True,Williams,0 days 01:57:33.224000,2026-05-03 18:04:13.969,1,9.0,False,,False,True,93.818,93.818
789,0 days 02:00:41.124000,SAI,55,0 days 00:01:34.082000,37.0,2.0,,,32.907,35.259,25.916,0 days 01:59:40.022000,0 days 02:00:15.281000,0 days 02:00:41.197000,210.0,186.0,271.0,311.0,False,HARD,9.0,True,Williams,0 days 01:59:07.042000,2026-05-03 18:05:47.787,1,9.0,False,,False,True,94.082,94.082
790,0 days 02:02:15.361000,SAI,55,0 days 00:01:34.237000,38.0,2.0,,,33.089,35.232,25.916,0 days 02:01:14.286000,0 days 02:01:49.518000,0 days 02:02:15.434000,211.0,184.0,275.0,311.0,False,HARD,10.0,True,Williams,0 days 02:00:41.124000,2026-05-03 18:07:21.869,1,9.0,False,,False,True,94.237,94.237
791,0 days 02:03:49.595000,SAI,55,0 days 00:01:34.234000,39.0,2.0,,,33.097,35.183,25.954,0 days 02:02:48.531000,0 days 02:03:23.714000,0 days 02:03:49.668000,213.0,184.0,280.0,315.0,False,HARD,11.0,True,Williams,0 days 02:02:15.361000,2026-05-03 18:08:56.106,1,9.0,False,,False,True,94.234,94.23400000000001
792,0 days 02:05:23.583000,SAI,55,0 days 00:01:33.988000,40.0,2.0,,,33.087,35.018,25.883,0 days 02:04:22.755000,0 days 02:04:57.773000,0 days 02:05:23.656000,209.0,184.0,280.0,310.0,False,HARD,12.0,True,Williams,0 days 02:03:49.595000,2026-05-03 18:10:30.340,1,9.0,False,,False,True,93.988,93.988
793,0 days 02:06:57.898000,SAI,55,0 days 00:01:34.315000,41.0,2.0,,,33.181,35.204,25.93,0 days 02:05:56.837000,0 days 02:06:32.041000,0 days 02:06:57.971000,210.0,184.0,274.0,309.0,False,HARD,13.0,True,Williams,0 days 02:05:23.583000,2026-05-03 18:12:04.328,1,9.0,False,,False,True,94.315,94.315
794,0 days 02:08:32.292000,SAI,55,0 days 00:01:34.394000,42.0,2.0,,,33.046,35.349,25.999,0 days 02:07:31.017000,0 days 02:08:06.366000,0 days 02:08:32.365000,209.0,185.0,273.0,308.0,False,HARD,14.0,True,Williams,0 days 02:06:57.898000,2026-05-03 18:13:38.643,1,9.0,False,,False,True,94.394,94.39399999999999
795,0 days 02:10:06.533000,SAI,55,0 days 00:01:34.241000,43.0,2.0,,,33.051,35.254,25.936,0 days 02:09:05.416000,0 days 02:09:40.670000,0 days 02:10:06.606000,212.0,185.0,275.0,309.0,False,HARD,15.0,True,Williams,0 days 02:08:32.292000,2026-05-03 18:15:13.037,1,9.0,False,,False,True,94.241,94.24100000000001
796,0 days 02:11:40.399000,SAI,55,0 days 00:01:33.866000,44.0,2.0,,,32.919,34.999,25.948,0 days 02:10:39.525000,0 days 02:11:14.524000,0 days 02:11:40.472000,213.0,185.0,275.0,309.0,False,HARD,16.0,True,Williams,0 days 02:10:06.533000,2026-05-03 18:16:47.278,1,9.0,False,,False,True,93.866,93.86600000000001
797,0 days 02:13:14.445000,SAI,55,0 days 00:01:34.046000,45.0,2.0,,,33.018,35.061,25.967,0 days 02:12:13.490000,0 days 02:12:48.551000,0 days 02:13:14.518000,213.0,186.0,277.0,309.0,False,HARD,17.0,True,Williams,0 days 02:11:40.399000,2026-05-03 18:18:21.144,1,9.0,False,,False,True,94.046,94.046
798,0 days 02:14:48.515000,SAI,55,0 days 00:01:34.070000,46.0,2.0,,,33.012,35.133,25.925,0 days 02:13:47.530000,0 days 02:14:22.663000,0 days 02:14:48.588000,213.0,185.0,276.0,310.0,False,HARD,18.0,True,Williams,0 days 02:13:14.445000,2026-05-03 18:19:55.190,1,9.0,False,,False,True,94.07,94.07000000000001
799,0 days 02:16:22.493000,SAI,55,0 days 00:01:33.978000,47.0,2.0,,,32.969,35.085,25.924,0 days 02:15:21.557000,0 days 02:15:56.642000,0 days 02:16:22.566000,213.0,184.0,277.0,311.0,False,HARD,19.0,True,Williams,0 days 02:14:48.515000,2026-05-03 18:21:29.260,12,9.0,False,,False,True,93.978,93.97800000000001
800,0 days 02:17:56.497000,SAI,55,0 days 00:01:34.004000,48.0,2.0,,,32.957,35.209,25.838,0 days 02:16:55.523000,0 days 02:17:30.732000,0 days 02:17:56.570000,213.0,185.0,279.0,313.0,False,HARD,20.0,True,Williams,0 days 02:16:22.493000,2026-05-03 18:23:03.238,1,9.0,False,,False,True,94.004,94.00399999999999
801,0 days 02:19:30.477000,SAI,55,0 days 00:01:33.980000,49.0,2.0,,,32.875,35.208,25.897,0 days 02:18:29.445000,0 days 02:19:04.653000,0 days 02:19:30.550000,213.0,184.0,272.0,312.0,False,HARD,21.0,True,Williams,0 days 02:17:56.497000,2026-05-03 18:24:37.242,1,9.0,False,,False,True,93.98,93.97999999999999
802,0 days 02:21:04.370000,SAI,55,0 days 00:01:33.893000,50.0,2.0,,,32.934,35.121,25.838,0 days 02:20:03.484000,0 days 02:20:38.605000,0 days 02:21:04.443000,213.0,184.0,278.0,313.0,False,HARD,22.0,True,Williams,0 days 02:19:30.477000,2026-05-03 18:26:11.222,1,9.0,False,,False,True,93.893,93.893
803,0 days 02:22:38.472000,SAI,55,0 days 00:01:34.102000,51.0,2.0,,,33.144,35.195,25.763,0 days 02:21:37.587000,0 days 02:22:12.782000,0 days 02:22:38.545000,210.0,187.0,275.0,313.0,False,HARD,23.0,True,Williams,0 days 02:21:04.370000,2026-05-03 18:27:45.115,1,9.0,False,,False,True,94.102,94.102
804,0 days 02:24:12.644000,SAI,55,0 days 00:01:34.172000,52.0,2.0,,,33.03,35.313,25.829,0 days 02:23:11.575000,0 days 02:23:46.888000,0 days 02:24:12.717000,212.0,186.0,277.0,315.0,False,HARD,24.0,True,Williams,0 days 02:22:38.472000,2026-05-03 18:29:19.217,1,9.0,False,,False,True,94.172,94.172
805,0 days 02:25:46.633000,SAI,55,0 days 00:01:33.989000,53.0,2.0,,,32.995,35.256,25.738,0 days 02:24:45.712000,0 days 02:25:20.968000,0 days 02:25:46.706000,214.0,185.0,282.0,317.0,False,HARD,25.0,True,Williams,0 days 02:24:12.644000,2026-05-03 18:30:53.389,1,9.0,False,,False,True,93.989,93.989
806,0 days 02:27:20.491000,SAI,55,0 days 00:01:33.858000,54.0,2.0,,,33.02,35.1,25.738,0 days 02:26:19.726000,0 days 02:26:54.826000,0 days 02:27:20.564000,213.0,186.0,280.0,318.0,False,HARD,26.0,True,Williams,0 days 02:25:46.633000,2026-05-03 18:32:27.378,1,9.0,False,,False,True,93.858,93.858
807,0 days 02:28:54.442000,SAI,55,0 days 00:01:33.951000,55.0,2.0,,,33.05,35.202,25.699,0 days 02:27:53.614000,0 days 02:28:28.816000,0 days 02:28:54.515000,213.0,186.0,279.0,319.0,False,HARD,27.0,True,Williams,0 days 02:27:20.491000,2026-05-03 18:34:01.236,1,9.0,False,,False,True,93.951,93.951
808,0 days 02:30:28.783000,SAI,55,0 days 00:01:34.341000,56.0,2.0,,,33.202,35.225,25.914,0 days 02:29:27.717000,0 days 02:30:02.942000,0 days 02:30:28.856000,215.0,184.0,277.0,318.0,False,HARD,28.0,True,Williams,0 days 02:28:54.442000,2026-05-03 18:35:35.187,12,9.0,False,,False,True,94.341,94.341
809,0 days 02:32:03.338000,SAI,55,0 days 00:01:34.555000,57.0,2.0,,,33.396,35.308,25.851,0 days 02:31:02.252000,0 days 02:31:37.560000,0 days 02:32:03.411000,214.0,184.0,279.0,316.0,False,HARD,29.0,True,Williams,0 days 02:30:28.783000,2026-05-03 18:37:09.528,1,9.0,False,,False,True,94.555,94.555
810,0 days 00:59:11.620000,HAD,6,0 days 00:01:49.627000,1.0,1.0,0 days 00:57:31.308000,,,38.922,25.914,,0 days 00:58:45.829000,0 days 00:59:11.620000,196.0,181.0,262.0,314.0,False,HARD,1.0,True,Red Bull Racing,0 days 00:57:21.749000,2026-05-03 17:04:02.494,1,19.0,False,,False,False,109.627,
811,0 days 01:00:47.688000,HAD,6,0 days 00:01:36.068000,2.0,1.0,,,33.998,36.071,25.999,0 days 00:59:45.618000,0 days 01:00:21.689000,0 days 01:00:47.688000,206.0,183.0,262.0,289.0,True,HARD,2.0,True,Red Bull Racing,0 days 00:59:11.620000,2026-05-03 17:05:52.365,1,18.0,False,,False,True,96.068,96.06799999999998
812,0 days 01:02:22.876000,HAD,6,0 days 00:01:35.188000,3.0,1.0,,,33.917,35.496,25.775,0 days 01:01:21.605000,0 days 01:01:57.101000,0 days 01:02:22.876000,207.0,183.0,260.0,324.0,True,HARD,3.0,True,Red Bull Racing,0 days 01:00:47.688000,2026-05-03 17:07:28.433,1,16.0,False,,False,True,95.188,95.18800000000002
813,0 days 01:03:57.709000,HAD,6,0 days 00:01:34.833000,4.0,1.0,,,33.538,35.375,25.92,0 days 01:02:56.414000,0 days 01:03:31.789000,0 days 01:03:57.709000,208.0,182.0,262.0,312.0,True,HARD,4.0,True,Red Bull Racing,0 days 01:02:22.876000,2026-05-03 17:09:03.621,1,16.0,False,,False,True,94.833,94.833
814,0 days 01:06:27.709000,HAD,6,,5.0,1.0,,,,,,,,,,,,,,HARD,5.0,True,Red Bull Racing,0 days 01:03:57.709000,2026-05-03 17:10:38.454,124,,False,,True,False,,
815,0 days 00:59:01.251000,RUS,63,0 days 00:01:39.258000,1.0,1.0,,,,34.73,25.557,,0 days 00:58:35.802000,0 days 00:59:01.509000,213.0,186.0,257.0,331.0,False,MEDIUM,1.0,True,Mercedes,0 days 00:57:21.749000,2026-05-03 17:04:02.494,1,5.0,False,,False,False,99.258,
816,0 days 01:00:34.445000,RUS,63,0 days 00:01:33.194000,2.0,1.0,,,33.022,34.637,25.535,0 days 00:59:34.321000,0 days 01:00:08.958000,0 days 01:00:34.493000,213.0,187.0,283.0,322.0,True,MEDIUM,2.0,True,Mercedes,0 days 00:59:01.251000,2026-05-03 17:05:41.996,1,5.0,False,,False,True,93.194,93.19399999999999
817,0 days 01:02:08.019000,RUS,63,0 days 00:01:33.574000,3.0,1.0,,,32.852,34.905,25.817,0 days 01:01:07.345000,0 days 01:01:42.250000,0 days 01:02:08.067000,213.0,186.0,263.0,317.0,False,MEDIUM,3.0,True,Mercedes,0 days 01:00:34.445000,2026-05-03 17:07:15.190,1,4.0,False,,False,True,93.574,93.57400000000001
818,0 days 01:03:41.892000,RUS,63,0 days 00:01:33.873000,4.0,1.0,,,32.893,34.913,26.067,0 days 01:02:40.960000,0 days 01:03:15.873000,0 days 01:03:41.940000,212.0,186.0,263.0,313.0,False,MEDIUM,4.0,True,Mercedes,0 days 01:02:08.019000,2026-05-03 17:08:48.764,1,4.0,False,,False,True,93.873,93.87299999999999
819,0 days 01:05:15.729000,RUS,63,0 days 00:01:33.837000,5.0,1.0,,,32.666,35.055,26.116,0 days 01:04:14.606000,0 days 01:04:49.661000,0 days 01:05:15.777000,211.0,186.0,259.0,316.0,False,MEDIUM,5.0,True,Mercedes,0 days 01:03:41.892000,2026-05-03 17:10:22.637,12,4.0,False,,False,True,93.837,93.837
820,0 days 01:07:26.657000,RUS,63,0 days 00:02:10.928000,6.0,1.0,,,42.079,50.039,38.81,0 days 01:05:57.856000,0 days 01:06:47.895000,0 days 01:07:26.705000,112.0,105.0,242.0,74.0,False,MEDIUM,6.0,True,Mercedes,0 days 01:05:15.729000,2026-05-03 17:11:56.474,24,4.0,False,,False,False,130.928,130.928
821,0 days 01:09:44.141000,RUS,63,0 days 00:02:17.484000,7.0,1.0,,,41.531,55.3,40.653,0 days 01:08:08.236000,0 days 01:09:03.536000,0 days 01:09:44.189000,136.0,97.0,229.0,124.0,False,MEDIUM,7.0,True,Mercedes,0 days 01:07:26.657000,2026-05-03 17:14:07.402,4,4.0,False,,False,False,137.484,137.48399999999998
822,0 days 01:12:07.091000,RUS,63,0 days 00:02:22.950000,8.0,1.0,,,50.101,55.634,37.215,0 days 01:10:34.290000,0 days 01:11:29.924000,0 days 01:12:07.139000,86.0,73.0,238.0,117.0,False,MEDIUM,8.0,True,Mercedes,0 days 01:09:44.141000,2026-05-03 17:16:24.886,4,4.0,False,,False,False,142.95,142.95
823,0 days 01:14:34.536000,RUS,63,0 days 00:02:27.445000,9.0,1.0,,,48.471,56.496,42.478,0 days 01:12:55.610000,0 days 01:13:52.106000,0 days 01:14:34.584000,150.0,70.0,231.0,143.0,False,MEDIUM,9.0,True,Mercedes,0 days 01:12:07.091000,2026-05-03 17:18:47.836,4,4.0,False,,False,False,147.445,147.445
824,0 days 01:16:52.929000,RUS,63,0 days 00:02:18.393000,10.0,1.0,,,48.656,56.276,33.461,0 days 01:15:23.240000,0 days 01:16:19.516000,0 days 01:16:52.977000,115.0,77.0,254.0,172.0,False,MEDIUM,10.0,True,Mercedes,0 days 01:14:34.536000,2026-05-03 17:21:15.281,4,4.0,False,,False,False,138.393,138.393
825,0 days 01:19:22.887000,RUS,63,0 days 00:02:29.958000,11.0,1.0,,,49.351,47.238,53.369,0 days 01:17:42.328000,0 days 01:18:29.566000,0 days 01:19:22.935000,132.0,107.0,253.0,62.0,False,MEDIUM,11.0,True,Mercedes,0 days 01:16:52.929000,2026-05-03 17:23:33.674,41,4.0,False,,False,False,149.958,149.958
826,0 days 01:20:57.838000,RUS,63,0 days 00:01:34.951000,12.0,1.0,,,34.169,34.829,25.953,0 days 01:19:57.104000,0 days 01:20:31.933000,0 days 01:20:57.886000,212.0,187.0,260.0,305.0,False,MEDIUM,12.0,True,Mercedes,0 days 01:19:22.887000,2026-05-03 17:26:03.632,1,5.0,False,,False,True,94.951,94.951
827,0 days 01:22:31.421000,RUS,63,0 days 00:01:33.583000,13.0,1.0,,,32.744,35.089,25.75,0 days 01:21:30.630000,0 days 01:22:05.719000,0 days 01:22:31.469000,208.0,186.0,274.0,313.0,False,MEDIUM,13.0,True,Mercedes,0 days 01:20:57.838000,2026-05-03 17:27:38.583,1,5.0,False,,False,True,93.583,93.583
828,0 days 01:24:05.239000,RUS,63,0 days 00:01:33.818000,14.0,1.0,,,32.804,35.067,25.947,0 days 01:23:04.273000,0 days 01:23:39.340000,0 days 01:24:05.287000,208.0,186.0,266.0,320.0,False,MEDIUM,14.0,True,Mercedes,0 days 01:22:31.421000,2026-05-03 17:29:12.166,1,5.0,False,,False,True,93.818,93.81800000000001
829,0 days 01:25:38.734000,RUS,63,0 days 00:01:33.495000,15.0,1.0,,,32.665,35.069,25.761,0 days 01:24:37.952000,0 days 01:25:13.021000,0 days 01:25:38.782000,212.0,185.0,271.0,317.0,False,MEDIUM,15.0,True,Mercedes,0 days 01:24:05.239000,2026-05-03 17:30:45.984,1,5.0,False,,False,True,93.495,93.495
830,0 days 01:27:12.299000,RUS,63,0 days 00:01:33.565000,16.0,1.0,,,32.708,34.962,25.895,0 days 01:26:11.490000,0 days 01:26:46.452000,0 days 01:27:12.347000,211.0,185.0,258.0,320.0,False,MEDIUM,16.0,True,Mercedes,0 days 01:25:38.734000,2026-05-03 17:32:19.479,12,5.0,False,,False,True,93.565,93.565
831,0 days 01:28:46.289000,RUS,63,0 days 00:01:33.990000,17.0,1.0,,,32.802,35.385,25.803,0 days 01:27:45.149000,0 days 01:28:20.534000,0 days 01:28:46.337000,211.0,183.0,276.0,324.0,False,MEDIUM,17.0,True,Mercedes,0 days 01:27:12.299000,2026-05-03 17:33:53.044,1,5.0,False,,False,True,93.99,93.99
832,0 days 01:30:20.347000,RUS,63,0 days 00:01:34.058000,18.0,1.0,,,33.056,35.137,25.865,0 days 01:29:19.393000,0 days 01:29:54.530000,0 days 01:30:20.395000,209.0,184.0,266.0,323.0,False,MEDIUM,18.0,True,Mercedes,0 days 01:28:46.289000,2026-05-03 17:35:27.034,1,5.0,False,,False,True,94.058,94.05799999999999
833,0 days 01:31:54.220000,RUS,63,0 days 00:01:33.873000,19.0,1.0,,,32.939,35.158,25.776,0 days 01:30:53.334000,0 days 01:31:28.492000,0 days 01:31:54.268000,207.0,184.0,276.0,312.0,False,MEDIUM,19.0,True,Mercedes,0 days 01:30:20.347000,2026-05-03 17:37:01.092,1,5.0,False,,False,True,93.873,93.873
834,0 days 01:33:33.334000,RUS,63,0 days 00:01:39.114000,20.0,1.0,,0 days 01:33:28.001000,32.987,35.077,31.05,0 days 01:32:27.255000,0 days 01:33:02.332000,0 days 01:33:33.382000,211.0,185.0,,319.0,False,MEDIUM,20.0,True,Mercedes,0 days 01:31:54.220000,2026-05-03 17:38:34.965,1,6.0,False,,False,False,99.114,99.11399999999999
835,0 days 01:35:19.307000,RUS,63,0 days 00:01:45.973000,21.0,2.0,0 days 01:33:49.953000,,46.129,34.405,25.439,0 days 01:34:19.511000,0 days 01:34:53.916000,0 days 01:35:19.355000,216.0,190.0,253.0,332.0,False,HARD,1.0,True,Mercedes,0 days 01:33:33.334000,2026-05-03 17:40:14.079,1,12.0,False,,False,False,105.973,105.97299999999998
836,0 days 01:36:51.943000,RUS,63,0 days 00:01:32.636000,22.0,2.0,,,32.687,34.455,25.494,0 days 01:35:52.042000,0 days 01:36:26.497000,0 days 01:36:51.991000,214.0,187.0,290.0,326.0,True,HARD,2.0,True,Mercedes,0 days 01:35:19.307000,2026-05-03 17:42:00.052,1,10.0,False,,False,True,92.636,92.636
837,0 days 01:38:25.695000,RUS,63,0 days 00:01:33.752000,23.0,2.0,,,32.843,35.148,25.761,0 days 01:37:24.834000,0 days 01:37:59.982000,0 days 01:38:25.743000,212.0,187.0,277.0,318.0,False,HARD,3.0,True,Mercedes,0 days 01:36:51.943000,2026-05-03 17:43:32.688,1,9.0,False,,False,True,93.752,93.75200000000001
838,0 days 01:40:00.058000,RUS,63,0 days 00:01:34.363000,24.0,2.0,,,33.614,35.004,25.745,0 days 01:38:59.357000,0 days 01:39:34.361000,0 days 01:40:00.106000,209.0,186.0,274.0,315.0,False,HARD,4.0,True,Mercedes,0 days 01:38:25.695000,2026-05-03 17:45:06.440,1,8.0,False,,False,True,94.363,94.363
839,0 days 01:41:33.127000,RUS,63,0 days 00:01:33.069000,25.0,2.0,,,32.511,35.007,25.551,0 days 01:40:32.617000,0 days 01:41:07.624000,0 days 01:41:33.175000,211.0,188.0,275.0,322.0,False,HARD,5.0,True,Mercedes,0 days 01:40:00.058000,2026-05-03 17:46:40.803,1,8.0,False,,False,True,93.069,93.069
840,0 days 01:43:06.550000,RUS,63,0 days 00:01:33.423000,26.0,2.0,,,32.833,34.695,25.895,0 days 01:42:06.008000,0 days 01:42:40.703000,0 days 01:43:06.598000,213.0,186.0,270.0,310.0,False,HARD,6.0,True,Mercedes,0 days 01:41:33.127000,2026-05-03 17:48:13.872,1,7.0,False,,False,True,93.423,93.42299999999999
841,0 days 01:44:39.755000,RUS,63,0 days 00:01:33.205000,27.0,2.0,,,32.599,34.749,25.857,0 days 01:43:39.197000,0 days 01:44:13.946000,0 days 01:44:39.803000,211.0,187.0,268.0,310.0,False,HARD,7.0,True,Mercedes,0 days 01:43:06.550000,2026-05-03 17:49:47.295,1,7.0,False,,False,True,93.205,93.205
842,0 days 01:46:12.712000,RUS,63,0 days 00:01:32.957000,28.0,2.0,,,32.441,34.633,25.883,0 days 01:45:12.244000,0 days 01:45:46.877000,0 days 01:46:12.760000,213.0,187.0,264.0,311.0,False,HARD,8.0,True,Mercedes,0 days 01:44:39.755000,2026-05-03 17:51:20.500,1,6.0,False,,False,True,92.957,92.95700000000001
843,0 days 01:47:45.618000,RUS,63,0 days 00:01:32.906000,29.0,2.0,,,32.525,34.607,25.774,0 days 01:46:45.285000,0 days 01:47:19.892000,0 days 01:47:45.666000,212.0,186.0,270.0,313.0,False,HARD,9.0,True,Mercedes,0 days 01:46:12.712000,2026-05-03 17:52:53.457,1,5.0,False,,False,True,92.906,92.906
844,0 days 01:49:19.257000,RUS,63,0 days 00:01:33.639000,30.0,2.0,,,33.013,34.85,25.776,0 days 01:48:18.679000,0 days 01:48:53.529000,0 days 01:49:19.305000,212.0,186.0,252.0,328.0,False,HARD,10.0,True,Mercedes,0 days 01:47:45.618000,2026-05-03 17:54:26.363,1,5.0,False,,False,True,93.639,93.639
845,0 days 01:50:53.491000,RUS,63,0 days 00:01:34.234000,31.0,2.0,,,33.604,34.783,25.847,0 days 01:49:52.909000,0 days 01:50:27.692000,0 days 01:50:53.539000,212.0,184.0,250.0,333.0,False,HARD,11.0,True,Mercedes,0 days 01:49:19.257000,2026-05-03 17:56:00.002,1,5.0,False,,False,True,94.234,94.23400000000001
846,0 days 01:52:26.817000,RUS,63,0 days 00:01:33.326000,32.0,2.0,,,33.032,34.492,25.802,0 days 01:51:26.571000,0 days 01:52:01.063000,0 days 01:52:26.865000,210.0,185.0,258.0,320.0,False,HARD,12.0,True,Mercedes,0 days 01:50:53.491000,2026-05-03 17:57:34.236,1,5.0,False,,False,True,93.326,93.326
847,0 days 01:54:00.364000,RUS,63,0 days 00:01:33.547000,33.0,2.0,,,33.039,34.82,25.688,0 days 01:52:59.904000,0 days 01:53:34.724000,0 days 01:54:00.412000,214.0,185.0,285.0,318.0,False,HARD,13.0,True,Mercedes,0 days 01:52:26.817000,2026-05-03 17:59:07.562,1,5.0,False,,False,True,93.547,93.54700000000001
848,0 days 01:55:34.694000,RUS,63,0 days 00:01:34.330000,34.0,2.0,,,33.083,34.937,26.31,0 days 01:54:33.495000,0 days 01:55:08.432000,0 days 01:55:34.742000,212.0,185.0,277.0,302.0,False,HARD,14.0,True,Mercedes,0 days 01:54:00.364000,2026-05-03 18:00:41.109,1,5.0,False,,False,True,94.33,94.33
849,0 days 01:57:09.646000,RUS,63,0 days 00:01:34.952000,35.0,2.0,,,33.681,34.827,26.444,0 days 01:56:08.423000,0 days 01:56:43.250000,0 days 01:57:09.694000,213.0,185.0,267.0,289.0,False,HARD,15.0,True,Mercedes,0 days 01:55:34.694000,2026-05-03 18:02:15.439,1,6.0,False,,False,True,94.952,94.952
850,0 days 01:58:43.368000,RUS,63,0 days 00:01:33.722000,36.0,2.0,,,32.909,35.094,25.719,0 days 01:57:42.603000,0 days 01:58:17.697000,0 days 01:58:43.416000,211.0,185.0,271.0,320.0,False,HARD,16.0,True,Mercedes,0 days 01:57:09.646000,2026-05-03 18:03:50.391,1,6.0,False,,False,True,93.722,93.72200000000001
851,0 days 02:00:16.571000,RUS,63,0 days 00:01:33.203000,37.0,2.0,,,32.78,34.87,25.553,0 days 01:59:16.196000,0 days 01:59:51.066000,0 days 02:00:16.619000,212.0,184.0,277.0,323.0,False,HARD,17.0,True,Mercedes,0 days 01:58:43.368000,2026-05-03 18:05:24.113,1,6.0,False,,False,True,93.203,93.203
852,0 days 02:01:49.808000,RUS,63,0 days 00:01:33.237000,38.0,2.0,,,32.689,34.943,25.605,0 days 02:00:49.308000,0 days 02:01:24.251000,0 days 02:01:49.856000,212.0,185.0,282.0,318.0,False,HARD,18.0,True,Mercedes,0 days 02:00:16.571000,2026-05-03 18:06:57.316,1,6.0,False,,False,True,93.237,93.23700000000001
853,0 days 02:03:22.785000,RUS,63,0 days 00:01:32.977000,39.0,2.0,,,32.38,34.876,25.721,0 days 02:02:22.236000,0 days 02:02:57.112000,0 days 02:03:22.833000,213.0,185.0,281.0,317.0,False,HARD,19.0,True,Mercedes,0 days 02:01:49.808000,2026-05-03 18:08:30.553,1,6.0,False,,False,True,92.977,92.977
854,0 days 02:04:55.962000,RUS,63,0 days 00:01:33.177000,40.0,2.0,,,32.518,35.03,25.629,0 days 02:03:55.351000,0 days 02:04:30.381000,0 days 02:04:56.010000,211.0,185.0,280.0,315.0,False,HARD,20.0,True,Mercedes,0 days 02:03:22.785000,2026-05-03 18:10:03.530,1,6.0,False,,False,True,93.177,93.177
855,0 days 02:06:28.860000,RUS,63,0 days 00:01:32.898000,41.0,2.0,,,32.517,34.805,25.576,0 days 02:05:28.527000,0 days 02:06:03.332000,0 days 02:06:28.908000,212.0,187.0,280.0,318.0,False,HARD,21.0,True,Mercedes,0 days 02:04:55.962000,2026-05-03 18:11:36.707,1,6.0,False,,False,True,92.898,92.898
856,0 days 02:08:02.058000,RUS,63,0 days 00:01:33.198000,42.0,2.0,,,32.502,34.916,25.78,0 days 02:07:01.410000,0 days 02:07:36.326000,0 days 02:08:02.106000,211.0,186.0,273.0,317.0,False,HARD,22.0,True,Mercedes,0 days 02:06:28.860000,2026-05-03 18:13:09.605,1,6.0,False,,False,True,93.198,93.19800000000001
857,0 days 02:09:35.351000,RUS,63,0 days 00:01:33.293000,43.0,2.0,,,32.571,35.038,25.684,0 days 02:08:34.677000,0 days 02:09:09.715000,0 days 02:09:35.399000,212.0,187.0,279.0,319.0,False,HARD,23.0,True,Mercedes,0 days 02:08:02.058000,2026-05-03 18:14:42.803,1,6.0,False,,False,True,93.293,93.29299999999999
858,0 days 02:11:09.098000,RUS,63,0 days 00:01:33.747000,44.0,2.0,,,32.575,35.405,25.767,0 days 02:10:07.974000,0 days 02:10:43.379000,0 days 02:11:09.146000,211.0,186.0,274.0,313.0,False,HARD,24.0,True,Mercedes,0 days 02:09:35.351000,2026-05-03 18:16:16.096,1,6.0,False,,False,True,93.747,93.747
859,0 days 02:12:42.168000,RUS,63,0 days 00:01:33.070000,45.0,2.0,,,32.51,34.887,25.673,0 days 02:11:41.656000,0 days 02:12:16.543000,0 days 02:12:42.216000,212.0,187.0,275.0,313.0,False,HARD,25.0,True,Mercedes,0 days 02:11:09.098000,2026-05-03 18:17:49.843,1,6.0,False,,False,True,93.07,93.07
860,0 days 02:14:15.470000,RUS,63,0 days 00:01:33.302000,46.0,2.0,,,32.508,34.979,25.815,0 days 02:13:14.724000,0 days 02:13:49.703000,0 days 02:14:15.518000,212.0,187.0,279.0,313.0,False,HARD,26.0,True,Mercedes,0 days 02:12:42.168000,2026-05-03 18:19:22.913,1,6.0,False,,False,True,93.302,93.30199999999999
861,0 days 02:15:48.731000,RUS,63,0 days 00:01:33.261000,47.0,2.0,,,32.491,35.063,25.707,0 days 02:14:48.009000,0 days 02:15:23.072000,0 days 02:15:48.779000,213.0,186.0,280.0,313.0,False,HARD,27.0,True,Mercedes,0 days 02:14:15.470000,2026-05-03 18:20:56.215,1,6.0,False,,False,True,93.261,93.261
862,0 days 02:17:22.003000,RUS,63,0 days 00:01:33.272000,48.0,2.0,,,32.603,34.938,25.731,0 days 02:16:21.382000,0 days 02:16:56.320000,0 days 02:17:22.051000,213.0,187.0,277.0,315.0,False,HARD,28.0,True,Mercedes,0 days 02:15:48.731000,2026-05-03 18:22:29.476,12,6.0,False,,False,True,93.272,93.27199999999999
863,0 days 02:18:54.744000,RUS,63,0 days 00:01:32.741000,49.0,2.0,,,32.328,34.767,25.646,0 days 02:17:54.379000,0 days 02:18:29.146000,0 days 02:18:54.792000,214.0,185.0,280.0,316.0,False,HARD,29.0,True,Mercedes,0 days 02:17:22.003000,2026-05-03 18:24:02.748,1,6.0,False,,False,True,92.741,92.741
864,0 days 02:20:27.445000,RUS,63,0 days 00:01:32.701000,50.0,2.0,,,32.411,34.709,25.581,0 days 02:19:27.203000,0 days 02:20:01.912000,0 days 02:20:27.493000,214.0,187.0,278.0,316.0,False,HARD,30.0,True,Mercedes,0 days 02:18:54.744000,2026-05-03 18:25:35.489,1,6.0,False,,False,True,92.701,92.70100000000001
865,0 days 02:22:00.252000,RUS,63,0 days 00:01:32.807000,51.0,2.0,,,32.364,34.92,25.523,0 days 02:20:59.857000,0 days 02:21:34.777000,0 days 02:22:00.300000,214.0,186.0,283.0,322.0,False,HARD,31.0,True,Mercedes,0 days 02:20:27.445000,2026-05-03 18:27:08.190,1,6.0,False,,False,True,92.807,92.80699999999999
866,0 days 02:23:33.129000,RUS,63,0 days 00:01:32.877000,52.0,2.0,,,32.334,35.1,25.443,0 days 02:22:32.634000,0 days 02:23:07.734000,0 days 02:23:33.177000,213.0,188.0,283.0,321.0,False,HARD,32.0,True,Mercedes,0 days 02:22:00.252000,2026-05-03 18:28:40.997,1,6.0,False,,False,True,92.877,92.877
867,0 days 02:25:05.575000,RUS,63,0 days 00:01:32.446000,53.0,2.0,,,32.127,34.89,25.429,0 days 02:24:05.304000,0 days 02:24:40.194000,0 days 02:25:05.623000,213.0,185.0,281.0,324.0,True,HARD,33.0,True,Mercedes,0 days 02:23:33.129000,2026-05-03 18:30:13.874,1,6.0,False,,False,True,92.446,92.446
868,0 days 02:26:39.385000,RUS,63,0 days 00:01:33.810000,54.0,2.0,,,32.84,35.12,25.85,0 days 02:25:38.463000,0 days 02:26:13.583000,0 days 02:26:39.433000,214.0,186.0,286.0,310.0,False,HARD,34.0,True,Mercedes,0 days 02:25:05.575000,2026-05-03 18:31:46.320,1,6.0,False,,False,True,93.81,93.81
869,0 days 02:28:15.588000,RUS,63,0 days 00:01:36.203000,55.0,2.0,,,33.883,35.665,26.655,0 days 02:27:13.316000,0 days 02:27:48.981000,0 days 02:28:15.636000,211.0,184.0,253.0,327.0,False,HARD,35.0,True,Mercedes,0 days 02:26:39.385000,2026-05-03 18:33:20.130,1,6.0,False,,False,True,96.203,96.203
870,0 days 02:29:49.775000,RUS,63,0 days 00:01:34.187000,56.0,2.0,,,33.226,35.525,25.436,0 days 02:28:48.862000,0 days 02:29:24.387000,0 days 02:29:49.823000,210.0,184.0,265.0,331.0,False,HARD,36.0,True,Mercedes,0 days 02:28:15.588000,2026-05-03 18:34:56.333,1,5.0,False,,False,True,94.187,94.18700000000001
871,0 days 02:31:24.317000,RUS,63,0 days 00:01:34.542000,57.0,2.0,,,32.86,35.629,26.053,0 days 02:30:22.683000,0 days 02:30:58.312000,0 days 02:31:24.365000,214.0,183.0,273.0,334.0,False,HARD,37.0,True,Mercedes,0 days 02:29:49.775000,2026-05-03 18:36:30.520,12,4.0,False,,False,True,94.542,94.542
872,0 days 00:59:12.487000,BOT,77,0 days 00:01:50.494000,1.0,1.0,,,,39.11,26.234,,0 days 00:58:46.366000,0 days 00:59:12.525000,195.0,186.0,284.0,293.0,False,MEDIUM,1.0,True,Cadillac,0 days 00:57:21.749000,2026-05-03 17:04:02.494,1,21.0,False,,False,False,110.494,
873,0 days 01:00:49.275000,BOT,77,0 days 00:01:36.788000,2.0,1.0,,,34.971,35.873,25.944,0 days 00:59:47.496000,0 days 01:00:23.369000,0 days 01:00:49.313000,212.0,187.0,276.0,306.0,True,MEDIUM,2.0,True,Cadillac,0 days 00:59:12.487000,2026-05-03 17:05:53.232,1,21.0,False,,False,True,96.788,96.788
874,0 days 01:02:25.882000,BOT,77,0 days 00:01:36.607000,3.0,1.0,,,34.59,36.087,25.93,0 days 01:01:23.903000,0 days 01:01:59.990000,0 days 01:02:25.920000,209.0,185.0,277.0,307.0,True,MEDIUM,3.0,True,Cadillac,0 days 01:00:49.275000,2026-05-03 17:07:30.020,1,21.0,False,,False,True,96.607,96.607
875,0 days 01:04:02.499000,BOT,77,0 days 00:01:36.617000,4.0,1.0,,,34.585,36.051,25.981,0 days 01:03:00.505000,0 days 01:03:36.556000,0 days 01:04:02.537000,207.0,185.0,277.0,302.0,False,MEDIUM,4.0,True,Cadillac,0 days 01:02:25.882000,2026-05-03 17:09:06.627,1,21.0,False,,False,True,96.617,96.61699999999999
876,0 days 01:05:45.141000,BOT,77,0 days 00:01:42.642000,5.0,1.0,,,34.423,36.772,31.447,0 days 01:04:36.960000,0 days 01:05:13.732000,0 days 01:05:45.179000,206.0,185.0,83.0,281.0,False,MEDIUM,5.0,True,Cadillac,0 days 01:04:02.499000,2026-05-03 17:10:43.244,124,18.0,False,,False,False,102.642,102.642
877,0 days 01:08:02.470000,BOT,77,0 days 00:02:17.329000,6.0,1.0,,0 days 01:07:57.173000,44.266,51.216,41.847,0 days 01:06:29.445000,0 days 01:07:20.661000,0 days 01:08:02.508000,192.0,160.0,,98.0,False,MEDIUM,6.0,True,Cadillac,0 days 01:05:45.141000,2026-05-03 17:12:25.886,4,18.0,False,,False,False,137.329,137.329
878,0 days 01:10:11.170000,BOT,77,0 days 00:02:08.700000,7.0,2.0,0 days 01:08:20.692000,,51.346,41.493,35.861,0 days 01:08:53.854000,0 days 01:09:35.347000,0 days 01:10:11.208000,179.0,158.0,233.0,123.0,False,SOFT,1.0,True,Cadillac,0 days 01:08:02.470000,2026-05-03 17:14:43.215,4,18.0,False,,False,False,128.7,128.7
879,0 days 01:12:31.312000,BOT,77,0 days 00:02:20.142000,8.0,2.0,,,38.863,59.037,42.242,0 days 01:10:50.071000,0 days 01:11:49.108000,0 days 01:12:31.350000,153.0,56.0,268.0,122.0,False,SOFT,2.0,True,Cadillac,0 days 01:10:11.170000,2026-05-03 17:16:51.915,4,18.0,False,,False,False,140.142,140.142
880,0 days 01:14:55.165000,BOT,77,0 days 00:02:23.853000,9.0,2.0,,,40.627,63.467,39.759,0 days 01:13:11.977000,0 days 01:14:15.444000,0 days 01:14:55.203000,136.0,85.0,272.0,175.0,False,SOFT,3.0,True,Cadillac,0 days 01:12:31.312000,2026-05-03 17:19:12.057,4,18.0,False,,False,False,143.853,143.853
881,0 days 01:17:13.283000,BOT,77,0 days 00:02:18.118000,10.0,2.0,,,42.34,61.164,34.614,0 days 01:15:37.543000,0 days 01:16:38.707000,0 days 01:17:13.321000,99.0,59.0,251.0,165.0,False,SOFT,4.0,True,Cadillac,0 days 01:14:55.165000,2026-05-03 17:21:35.910,4,18.0,False,,False,False,138.118,138.118
882,0 days 01:19:30.103000,BOT,77,0 days 00:02:16.820000,11.0,2.0,,,44.735,46.705,45.38,0 days 01:17:58.056000,0 days 01:18:44.761000,0 days 01:19:30.141000,159.0,181.0,285.0,43.0,False,SOFT,5.0,True,Cadillac,0 days 01:17:13.283000,2026-05-03 17:23:54.028,41,18.0,False,,False,False,136.82,136.82
883,0 days 01:21:06.522000,BOT,77,0 days 00:01:36.419000,12.0,2.0,,,34.192,36.154,26.073,0 days 01:20:04.333000,0 days 01:20:40.487000,0 days 01:21:06.560000,213.0,188.0,280.0,273.0,True,SOFT,6.0,True,Cadillac,0 days 01:19:30.103000,2026-05-03 17:26:10.848,1,18.0,False,,False,True,96.419,96.41900000000001
884,0 days 01:22:43.132000,BOT,77,0 days 00:01:36.610000,13.0,2.0,,,34.593,36.087,25.93,0 days 01:21:41.153000,0 days 01:22:17.240000,0 days 01:22:43.170000,207.0,187.0,277.0,308.0,False,SOFT,7.0,True,Cadillac,0 days 01:21:06.522000,2026-05-03 17:27:47.267,1,18.0,False,,False,True,96.61,96.61000000000001
885,0 days 01:24:19.458000,BOT,77,0 days 00:01:36.326000,14.0,2.0,,,34.514,35.922,25.89,0 days 01:23:17.684000,0 days 01:23:53.606000,0 days 01:24:19.496000,207.0,184.0,278.0,306.0,True,SOFT,8.0,True,Cadillac,0 days 01:22:43.132000,2026-05-03 17:29:23.877,1,18.0,False,,False,True,96.326,96.32600000000001
886,0 days 01:25:55.813000,BOT,77,0 days 00:01:36.355000,15.0,2.0,,,34.098,36.047,26.21,0 days 01:24:53.594000,0 days 01:25:29.641000,0 days 01:25:55.851000,211.0,184.0,276.0,306.0,False,SOFT,9.0,True,Cadillac,0 days 01:24:19.458000,2026-05-03 17:31:00.203,12,16.0,False,,False,True,96.355,96.35499999999999
887,0 days 01:27:31.893000,BOT,77,0 days 00:01:36.080000,16.0,2.0,,,33.755,36.117,26.208,0 days 01:26:29.606000,0 days 01:27:05.723000,0 days 01:27:31.931000,210.0,185.0,279.0,301.0,True,SOFT,10.0,True,Cadillac,0 days 01:25:55.813000,2026-05-03 17:32:36.558,1,16.0,False,,False,True,96.08,96.08
888,0 days 01:29:08.659000,BOT,77,0 days 00:01:36.766000,17.0,2.0,,,34.034,36.35,26.382,0 days 01:28:05.965000,0 days 01:28:42.315000,0 days 01:29:08.697000,209.0,185.0,273.0,298.0,False,SOFT,11.0,True,Cadillac,0 days 01:27:31.893000,2026-05-03 17:34:12.638,1,16.0,False,,False,True,96.766,96.766
889,0 days 01:30:45.378000,BOT,77,0 days 00:01:36.719000,18.0,2.0,,,34.158,36.205,26.356,0 days 01:29:42.855000,0 days 01:30:19.060000,0 days 01:30:45.416000,208.0,185.0,274.0,299.0,False,SOFT,12.0,True,Cadillac,0 days 01:29:08.659000,2026-05-03 17:35:49.404,1,16.0,False,,False,True,96.719,96.719
890,0 days 01:32:22.280000,BOT,77,0 days 00:01:36.902000,19.0,2.0,,,34.268,36.289,26.345,0 days 01:31:19.684000,0 days 01:31:55.973000,0 days 01:32:22.318000,209.0,184.0,277.0,293.0,False,SOFT,13.0,True,Cadillac,0 days 01:30:45.378000,2026-05-03 17:37:26.123,1,16.0,False,,False,True,96.902,96.902
891,0 days 01:34:00.184000,BOT,77,0 days 00:01:37.904000,20.0,2.0,,,34.36,37.279,26.265,0 days 01:32:56.678000,0 days 01:33:33.957000,0 days 01:34:00.222000,202.0,183.0,278.0,307.0,False,SOFT,14.0,True,Cadillac,0 days 01:32:22.280000,2026-05-03 17:39:03.025,1,17.0,False,,False,True,97.904,97.90400000000001
892,0 days 01:35:42.981000,BOT,77,0 days 00:01:42.797000,21.0,2.0,,0 days 01:35:37.576000,34.603,36.586,31.608,0 days 01:34:34.825000,0 days 01:35:11.411000,0 days 01:35:43.019000,207.0,183.0,,287.0,False,SOFT,15.0,True,Cadillac,0 days 01:34:00.184000,2026-05-03 17:40:40.929,1,17.0,False,,False,False,102.797,102.797
893,0 days 01:37:34.629000,BOT,77,0 days 00:01:51.648000,22.0,3.0,0 days 01:36:01.376000,,49.751,35.662,26.235,0 days 01:36:32.770000,0 days 01:37:08.432000,0 days 01:37:34.667000,210.0,190.0,279.0,276.0,False,MEDIUM,1.0,True,Cadillac,0 days 01:35:42.981000,2026-05-03 17:42:23.726,1,17.0,False,,False,False,111.648,111.648
894,0 days 01:39:11.004000,BOT,77,0 days 00:01:36.375000,23.0,3.0,,,33.355,36.158,26.862,0 days 01:38:08.022000,0 days 01:38:44.180000,0 days 01:39:11.042000,209.0,188.0,281.0,294.0,False,MEDIUM,2.0,True,Cadillac,0 days 01:37:34.629000,2026-05-03 17:44:15.374,1,18.0,False,,False,True,96.375,96.375
895,0 days 01:40:48.452000,BOT,77,0 days 00:01:37.448000,24.0,3.0,,,34.355,36.669,26.424,0 days 01:39:45.397000,0 days 01:40:22.066000,0 days 01:40:48.490000,206.0,187.0,276.0,286.0,False,MEDIUM,3.0,True,Cadillac,0 days 01:39:11.004000,2026-05-03 17:45:51.749,1,18.0,False,,False,True,97.448,97.44800000000001
896,0 days 01:42:24.901000,BOT,77,0 days 00:01:36.449000,25.0,3.0,,,34.11,36.163,26.176,0 days 01:41:22.600000,0 days 01:41:58.763000,0 days 01:42:24.939000,210.0,185.0,276.0,290.0,False,MEDIUM,4.0,True,Cadillac,0 days 01:40:48.452000,2026-05-03 17:47:29.197,1,18.0,False,,False,True,96.449,96.449
897,0 days 01:44:01.163000,BOT,77,0 days 00:01:36.262000,26.0,3.0,,,34.133,35.972,26.157,0 days 01:42:59.072000,0 days 01:43:35.044000,0 days 01:44:01.201000,208.0,185.0,279.0,298.0,False,MEDIUM,5.0,True,Cadillac,0 days 01:42:24.901000,2026-05-03 17:49:05.646,1,18.0,False,,False,True,96.262,96.262
898,0 days 01:45:37.734000,BOT,77,0 days 00:01:36.571000,27.0,3.0,,,34.104,36.107,26.36,0 days 01:44:35.305000,0 days 01:45:11.412000,0 days 01:45:37.772000,206.0,185.0,276.0,298.0,False,MEDIUM,6.0,True,Cadillac,0 days 01:44:01.163000,2026-05-03 17:50:41.908,1,18.0,False,,False,True,96.571,96.571
899,0 days 01:47:14.383000,BOT,77,0 days 00:01:36.649000,28.0,3.0,,,34.098,36.198,26.353,0 days 01:46:11.870000,0 days 01:46:48.068000,0 days 01:47:14.421000,207.0,183.0,280.0,291.0,False,MEDIUM,7.0,True,Cadillac,0 days 01:45:37.734000,2026-05-03 17:52:18.479,1,18.0,False,,False,True,96.649,96.649
900,0 days 01:48:50.864000,BOT,77,0 days 00:01:36.481000,29.0,3.0,,,33.985,36.161,26.335,0 days 01:47:48.406000,0 days 01:48:24.567000,0 days 01:48:50.902000,207.0,184.0,278.0,293.0,False,MEDIUM,8.0,True,Cadillac,0 days 01:47:14.383000,2026-05-03 17:53:55.128,1,18.0,False,,False,True,96.481,96.481
901,0 days 01:50:33.448000,BOT,77,0 days 00:01:42.584000,30.0,3.0,,0 days 01:50:28.107000,34.192,36.379,32.013,0 days 01:49:25.094000,0 days 01:50:01.473000,0 days 01:50:33.486000,201.0,184.0,,296.0,False,MEDIUM,9.0,True,Cadillac,0 days 01:48:50.864000,2026-05-03 17:55:31.609,1,18.0,False,,False,False,102.584,102.584
902,0 days 01:52:22.227000,BOT,77,0 days 00:01:48.779000,31.0,4.0,0 days 01:50:45.117000,,46.409,36.03,26.34,0 days 01:51:19.895000,0 days 01:51:55.925000,0 days 01:52:22.265000,208.0,184.0,283.0,280.0,False,MEDIUM,10.0,False,Cadillac,0 days 01:50:33.448000,2026-05-03 17:57:14.193,1,18.0,False,,False,False,108.779,108.779
903,0 days 01:54:01.970000,BOT,77,0 days 00:01:39.743000,32.0,4.0,,,34.25,37.357,28.136,0 days 01:52:56.515000,0 days 01:53:33.872000,0 days 01:54:02.008000,207.0,182.0,276.0,207.0,False,MEDIUM,11.0,False,Cadillac,0 days 01:52:22.227000,2026-05-03 17:59:02.972,1,18.0,False,,False,True,99.743,99.743
904,0 days 01:55:39.657000,BOT,77,0 days 00:01:37.687000,33.0,4.0,,,34.721,36.209,26.757,0 days 01:54:36.729000,0 days 01:55:12.938000,0 days 01:55:39.695000,201.0,183.0,275.0,295.0,False,MEDIUM,12.0,False,Cadillac,0 days 01:54:01.970000,2026-05-03 18:00:42.715,1,18.0,False,,False,True,97.687,97.68700000000001
905,0 days 01:57:17.514000,BOT,77,0 days 00:01:37.857000,34.0,4.0,,,35.174,36.464,26.219,0 days 01:56:14.869000,0 days 01:56:51.333000,0 days 01:57:17.552000,206.0,182.0,283.0,288.0,False,MEDIUM,13.0,False,Cadillac,0 days 01:55:39.657000,2026-05-03 18:02:20.402,1,18.0,False,,False,True,97.857,97.857
906,0 days 01:58:54.628000,BOT,77,0 days 00:01:37.114000,35.0,4.0,,,34.373,36.342,26.399,0 days 01:57:51.925000,0 days 01:58:28.267000,0 days 01:58:54.666000,203.0,182.0,281.0,295.0,False,MEDIUM,14.0,False,Cadillac,0 days 01:57:17.514000,2026-05-03 18:03:58.259,1,18.0,False,,False,True,97.114,97.114
907,0 days 02:00:33.290000,BOT,77,0 days 00:01:38.662000,36.0,4.0,,,34.391,37.967,26.304,0 days 01:59:29.057000,0 days 02:00:07.024000,0 days 02:00:33.328000,202.0,180.0,281.0,303.0,False,MEDIUM,15.0,False,Cadillac,0 days 01:58:54.628000,2026-05-03 18:05:35.373,1,18.0,False,,False,True,98.662,98.662
908,0 days 02:02:11.370000,BOT,77,0 days 00:01:38.080000,37.0,4.0,,,34.727,36.831,26.522,0 days 02:01:08.055000,0 days 02:01:44.886000,0 days 02:02:11.408000,199.0,181.0,281.0,293.0,False,MEDIUM,16.0,False,Cadillac,0 days 02:00:33.290000,2026-05-03 18:07:14.035,1,18.0,False,,False,True,98.08,98.07999999999998
909,0 days 02:03:49.129000,BOT,77,0 days 00:01:37.759000,38.0,4.0,,,34.528,36.701,26.53,0 days 02:02:45.936000,0 days 02:03:22.637000,0 days 02:03:49.167000,205.0,183.0,278.0,290.0,False,MEDIUM,17.0,False,Cadillac,0 days 02:02:11.370000,2026-05-03 18:08:52.115,1,18.0,False,,False,True,97.759,97.759
910,0 days 02:05:28.362000,BOT,77,0 days 00:01:39.233000,39.0,4.0,,,35.711,36.834,26.688,0 days 02:04:24.878000,0 days 02:05:01.712000,0 days 02:05:28.400000,203.0,182.0,283.0,288.0,False,MEDIUM,18.0,False,Cadillac,0 days 02:03:49.129000,2026-05-03 18:10:29.874,1,18.0,False,,False,True,99.233,99.233
911,0 days 02:07:08.557000,BOT,77,0 days 00:01:40.195000,40.0,4.0,,,37.314,36.502,26.379,0 days 02:06:05.714000,0 days 02:06:42.216000,0 days 02:07:08.595000,205.0,181.0,282.0,296.0,False,MEDIUM,19.0,False,Cadillac,0 days 02:05:28.362000,2026-05-03 18:12:09.107,1,18.0,False,,False,True,100.195,100.19500000000001
912,0 days 02:08:46.412000,BOT,77,0 days 00:01:37.855000,41.0,4.0,,,34.669,36.747,26.439,0 days 02:07:43.264000,0 days 02:08:20.011000,0 days 02:08:46.450000,204.0,182.0,284.0,293.0,False,MEDIUM,20.0,False,Cadillac,0 days 02:07:08.557000,2026-05-03 18:13:49.302,1,18.0,False,,False,True,97.855,97.85499999999999
913,0 days 02:10:26.535000,BOT,77,0 days 00:01:40.123000,42.0,4.0,,,34.569,39.095,26.459,0 days 02:09:21.019000,0 days 02:10:00.114000,0 days 02:10:26.573000,205.0,181.0,281.0,306.0,False,MEDIUM,21.0,False,Cadillac,0 days 02:08:46.412000,2026-05-03 18:15:27.157,1,18.0,False,,False,True,100.123,100.123
914,0 days 02:12:04.176000,BOT,77,0 days 00:01:37.641000,43.0,4.0,,,34.73,36.503,26.408,0 days 02:11:01.303000,0 days 02:11:37.806000,0 days 02:12:04.214000,204.0,182.0,284.0,294.0,False,MEDIUM,22.0,False,Cadillac,0 days 02:10:26.535000,2026-05-03 18:17:07.280,1,18.0,False,,False,True,97.641,97.641
915,0 days 02:13:42.056000,BOT,77,0 days 00:01:37.880000,44.0,4.0,,,34.689,36.544,26.647,0 days 02:12:38.903000,0 days 02:13:15.447000,0 days 02:13:42.094000,207.0,182.0,278.0,298.0,False,MEDIUM,23.0,False,Cadillac,0 days 02:12:04.176000,2026-05-03 18:18:44.921,1,18.0,False,,False,True,97.88,97.88
916,0 days 02:15:22.711000,BOT,77,0 days 00:01:40.655000,45.0,4.0,,,34.68,39.534,26.441,0 days 02:14:16.774000,0 days 02:14:56.308000,0 days 02:15:22.749000,206.0,178.0,283.0,296.0,False,MEDIUM,24.0,False,Cadillac,0 days 02:13:42.056000,2026-05-03 18:20:22.801,1,18.0,False,,False,True,100.655,100.655
917,0 days 02:17:01.716000,BOT,77,0 days 00:01:39.005000,46.0,4.0,,,34.535,36.917,27.553,0 days 02:15:57.284000,0 days 02:16:34.201000,0 days 02:17:01.754000,201.0,182.0,279.0,236.0,False,MEDIUM,25.0,False,Cadillac,0 days 02:15:22.711000,2026-05-03 18:22:03.456,12,18.0,False,,False,True,99.005,99.005
918,0 days 02:18:39.423000,BOT,77,0 days 00:01:37.707000,47.0,4.0,,,34.913,36.44,26.354,0 days 02:17:36.667000,0 days 02:18:13.107000,0 days 02:18:39.461000,208.0,182.0,277.0,299.0,False,MEDIUM,26.0,False,Cadillac,0 days 02:17:01.716000,2026-05-03 18:23:42.461,1,18.0,False,,False,True,97.707,97.707
919,0 days 02:20:17.525000,BOT,77,0 days 00:01:38.102000,48.0,4.0,,,34.668,36.515,26.919,0 days 02:19:14.129000,0 days 02:19:50.644000,0 days 02:20:17.563000,205.0,183.0,277.0,296.0,False,MEDIUM,27.0,False,Cadillac,0 days 02:18:39.423000,2026-05-03 18:25:20.168,1,18.0,False,,False,True,98.102,98.10199999999999
920,0 days 02:21:59.789000,BOT,77,0 days 00:01:42.264000,49.0,4.0,,,36.954,38.619,26.691,0 days 02:20:54.517000,0 days 02:21:33.136000,0 days 02:21:59.827000,202.0,179.0,282.0,293.0,False,MEDIUM,28.0,False,Cadillac,0 days 02:20:17.525000,2026-05-03 18:26:58.270,1,18.0,False,,False,True,102.264,102.26400000000001
921,0 days 02:23:38.159000,BOT,77,0 days 00:01:38.370000,50.0,4.0,,,35.406,36.595,26.369,0 days 02:22:35.233000,0 days 02:23:11.828000,0 days 02:23:38.197000,207.0,182.0,283.0,302.0,False,MEDIUM,29.0,False,Cadillac,0 days 02:21:59.789000,2026-05-03 18:28:40.534,1,18.0,False,,False,True,98.37,98.37
922,0 days 02:25:15.442000,BOT,77,0 days 00:01:37.283000,51.0,4.0,,,34.276,36.62,26.387,0 days 02:24:12.473000,0 days 02:24:49.093000,0 days 02:25:15.480000,204.0,182.0,283.0,295.0,False,MEDIUM,30.0,False,Cadillac,0 days 02:23:38.159000,2026-05-03 18:30:18.904,1,18.0,False,,False,True,97.283,97.283
923,0 days 02:26:54.620000,BOT,77,0 days 00:01:39.178000,52.0,4.0,,,36.186,36.589,26.403,0 days 02:25:51.666000,0 days 02:26:28.255000,0 days 02:26:54.658000,203.0,184.0,276.0,295.0,False,MEDIUM,31.0,False,Cadillac,0 days 02:25:15.442000,2026-05-03 18:31:56.187,1,18.0,False,,False,True,99.178,99.178
924,0 days 02:28:31.942000,BOT,77,0 days 00:01:37.322000,53.0,4.0,,,34.511,36.462,26.349,0 days 02:27:29.169000,0 days 02:28:05.631000,0 days 02:28:31.980000,205.0,182.0,285.0,292.0,False,MEDIUM,32.0,False,Cadillac,0 days 02:26:54.620000,2026-05-03 18:33:35.365,1,18.0,False,,False,True,97.322,97.32200000000002
925,0 days 02:30:09.537000,BOT,77,0 days 00:01:37.595000,54.0,4.0,,,34.248,36.415,26.932,0 days 02:29:06.228000,0 days 02:29:42.643000,0 days 02:30:09.575000,207.0,183.0,276.0,302.0,False,MEDIUM,33.0,False,Cadillac,0 days 02:28:31.942000,2026-05-03 18:35:12.687,12,18.0,False,,False,True,97.595,97.595
926,0 days 02:31:49.521000,BOT,77,0 days 00:01:39.984000,55.0,4.0,,,36.528,36.971,26.485,0 days 02:30:46.103000,0 days 02:31:23.074000,0 days 02:31:49.559000,199.0,179.0,281.0,308.0,False,MEDIUM,34.0,False,Cadillac,0 days 02:30:09.537000,2026-05-03 18:36:50.282,1,18.0,False,,False,True,99.984,99.984
927,0 days 00:59:00.693000,PIA,81,0 days 00:01:38.700000,1.0,1.0,,,,34.706,25.632,,0 days 00:58:35.302000,0 days 00:59:00.904000,214.0,186.0,266.0,314.0,False,MEDIUM,1.0,True,McLaren,0 days 00:57:21.749000,2026-05-03 17:04:02.494,1,4.0,False,,False,False,98.7,
928,0 days 01:00:34.218000,PIA,81,0 days 00:01:33.525000,2.0,1.0,,,32.905,34.639,25.981,0 days 00:59:33.652000,0 days 01:00:08.291000,0 days 01:00:34.272000,213.0,187.0,265.0,316.0,True,MEDIUM,2.0,True,McLaren,0 days 00:59:00.693000,2026-05-03 17:05:41.438,1,4.0,False,,False,True,93.525,93.525
929,0 days 01:02:08.582000,PIA,81,0 days 00:01:34.364000,3.0,1.0,,,33.666,34.945,25.753,0 days 01:01:07.938000,0 days 01:01:42.883000,0 days 01:02:08.636000,211.0,186.0,268.0,322.0,False,MEDIUM,3.0,True,McLaren,0 days 01:00:34.218000,2026-05-03 17:07:14.963,1,5.0,False,,False,True,94.364,94.36399999999999
930,0 days 01:03:42.671000,PIA,81,0 days 00:01:34.089000,4.0,1.0,,,33.29,34.946,25.853,0 days 01:02:41.926000,0 days 01:03:16.872000,0 days 01:03:42.725000,211.0,186.0,272.0,318.0,False,MEDIUM,4.0,True,McLaren,0 days 01:02:08.582000,2026-05-03 17:08:49.327,1,5.0,False,,False,True,94.089,94.089
931,0 days 01:05:16.162000,PIA,81,0 days 00:01:33.491000,5.0,1.0,,,32.972,35.003,25.516,0 days 01:04:15.697000,0 days 01:04:50.700000,0 days 01:05:16.216000,207.0,186.0,279.0,322.0,True,MEDIUM,5.0,True,McLaren,0 days 01:03:42.671000,2026-05-03 17:10:23.416,12,5.0,False,,False,True,93.491,93.49099999999999
932,0 days 01:07:28.069000,PIA,81,0 days 00:02:11.907000,6.0,1.0,,,42.587,51.84,37.48,0 days 01:05:58.803000,0 days 01:06:50.643000,0 days 01:07:28.123000,97.0,105.0,248.0,99.0,False,MEDIUM,6.0,True,McLaren,0 days 01:05:16.162000,2026-05-03 17:11:56.907,24,5.0,True,TRACK LIMITS AT TURN 15 LAP 6 ,False,False,131.907,131.907
933,0 days 01:09:45.383000,PIA,81,0 days 00:02:17.314000,7.0,1.0,,,40.925,55.651,40.738,0 days 01:08:09.048000,0 days 01:09:04.699000,0 days 01:09:45.437000,111.0,102.0,233.0,100.0,False,MEDIUM,7.0,True,McLaren,0 days 01:07:28.069000,2026-05-03 17:14:08.814,4,5.0,False,,False,False,137.314,137.314
934,0 days 01:12:09.013000,PIA,81,0 days 00:02:23.630000,8.0,1.0,,,49.504,56.192,37.934,0 days 01:10:34.941000,0 days 01:11:31.133000,0 days 01:12:09.067000,85.0,64.0,234.0,154.0,False,MEDIUM,8.0,True,McLaren,0 days 01:09:45.383000,2026-05-03 17:16:26.128,4,5.0,False,,False,False,143.63,143.63
935,0 days 01:14:36.389000,PIA,81,0 days 00:02:27.376000,9.0,1.0,,,47.453,57.423,42.5,0 days 01:12:56.520000,0 days 01:13:53.943000,0 days 01:14:36.443000,122.0,66.0,227.0,114.0,False,MEDIUM,9.0,True,McLaren,0 days 01:12:09.013000,2026-05-03 17:18:49.758,4,5.0,False,,False,False,147.376,147.376
936,0 days 01:16:54.924000,PIA,81,0 days 00:02:18.535000,10.0,1.0,,,47.889,56.288,34.358,0 days 01:15:24.332000,0 days 01:16:20.620000,0 days 01:16:54.978000,101.0,77.0,237.0,242.0,False,MEDIUM,10.0,True,McLaren,0 days 01:14:36.389000,2026-05-03 17:21:17.134,4,5.0,False,,False,False,138.535,138.535
937,0 days 01:19:23.332000,PIA,81,0 days 00:02:28.408000,11.0,1.0,,,48.402,47.036,52.97,0 days 01:17:43.380000,0 days 01:18:30.416000,0 days 01:19:23.386000,99.0,109.0,281.0,61.0,False,MEDIUM,11.0,True,McLaren,0 days 01:16:54.924000,2026-05-03 17:23:35.669,41,5.0,False,,False,False,148.408,148.40800000000002
938,0 days 01:20:56.850000,PIA,81,0 days 00:01:33.518000,12.0,1.0,,,32.973,34.946,25.599,0 days 01:19:56.359000,0 days 01:20:31.305000,0 days 01:20:56.904000,213.0,189.0,276.0,313.0,False,MEDIUM,12.0,True,McLaren,0 days 01:19:23.332000,2026-05-03 17:26:04.077,1,4.0,False,,False,True,93.518,93.518
939,0 days 01:22:30.313000,PIA,81,0 days 00:01:33.463000,13.0,1.0,,,32.81,34.989,25.664,0 days 01:21:29.714000,0 days 01:22:04.703000,0 days 01:22:30.367000,211.0,187.0,276.0,314.0,True,MEDIUM,13.0,True,McLaren,0 days 01:20:56.850000,2026-05-03 17:27:37.595,1,4.0,False,,False,True,93.463,93.46300000000001
940,0 days 01:24:03.533000,PIA,81,0 days 00:01:33.220000,14.0,1.0,,,32.598,34.938,25.684,0 days 01:23:02.965000,0 days 01:23:37.903000,0 days 01:24:03.587000,212.0,187.0,277.0,316.0,True,MEDIUM,14.0,True,McLaren,0 days 01:22:30.313000,2026-05-03 17:29:11.058,1,4.0,False,,False,True,93.22,93.22
941,0 days 01:25:37.030000,PIA,81,0 days 00:01:33.497000,15.0,1.0,,,32.717,35.101,25.679,0 days 01:24:36.304000,0 days 01:25:11.405000,0 days 01:25:37.084000,211.0,185.0,272.0,313.0,False,MEDIUM,15.0,True,McLaren,0 days 01:24:03.533000,2026-05-03 17:30:44.278,1,4.0,False,,False,True,93.497,93.497
942,0 days 01:27:10.774000,PIA,81,0 days 00:01:33.744000,16.0,1.0,,,32.911,35.104,25.729,0 days 01:26:09.995000,0 days 01:26:45.099000,0 days 01:27:10.828000,211.0,186.0,277.0,313.0,False,MEDIUM,16.0,True,McLaren,0 days 01:25:37.030000,2026-05-03 17:32:17.775,12,4.0,False,,False,True,93.744,93.744
943,0 days 01:28:45.355000,PIA,81,0 days 00:01:34.581000,17.0,1.0,,,32.832,35.996,25.753,0 days 01:27:43.660000,0 days 01:28:19.656000,0 days 01:28:45.409000,207.0,184.0,278.0,319.0,False,MEDIUM,17.0,True,McLaren,0 days 01:27:10.774000,2026-05-03 17:33:51.519,1,4.0,False,,False,True,94.581,94.581
944,0 days 01:30:19.368000,PIA,81,0 days 00:01:34.013000,18.0,1.0,,,33.104,35.169,25.74,0 days 01:29:18.513000,0 days 01:29:53.682000,0 days 01:30:19.422000,211.0,185.0,280.0,316.0,False,MEDIUM,18.0,True,McLaren,0 days 01:28:45.355000,2026-05-03 17:35:26.100,1,4.0,False,,False,True,94.013,94.01299999999999
945,0 days 01:31:53.086000,PIA,81,0 days 00:01:33.718000,19.0,1.0,,,32.829,35.179,25.71,0 days 01:30:52.251000,0 days 01:31:27.430000,0 days 01:31:53.140000,208.0,185.0,280.0,318.0,False,MEDIUM,19.0,True,McLaren,0 days 01:30:19.368000,2026-05-03 17:37:00.113,1,4.0,False,,False,True,93.718,93.71800000000002
946,0 days 01:33:26.563000,PIA,81,0 days 00:01:33.477000,20.0,1.0,,,32.812,35.122,25.543,0 days 01:32:25.952000,0 days 01:33:01.074000,0 days 01:33:26.617000,212.0,184.0,279.0,320.0,False,MEDIUM,20.0,True,McLaren,0 days 01:31:53.086000,2026-05-03 17:38:33.831,1,4.0,False,,False,True,93.477,93.477
947,0 days 01:35:00.104000,PIA,81,0 days 00:01:33.541000,21.0,1.0,,,32.751,35.036,25.754,0 days 01:33:59.368000,0 days 01:34:34.404000,0 days 01:35:00.158000,211.0,185.0,280.0,318.0,False,MEDIUM,21.0,True,McLaren,0 days 01:33:26.563000,2026-05-03 17:40:07.308,1,3.0,False,,False,True,93.541,93.54100000000001
948,0 days 01:36:33.978000,PIA,81,0 days 00:01:33.874000,22.0,1.0,,,32.708,35.309,25.857,0 days 01:35:32.866000,0 days 01:36:08.175000,0 days 01:36:34.032000,207.0,186.0,281.0,306.0,False,MEDIUM,22.0,True,McLaren,0 days 01:35:00.104000,2026-05-03 17:41:40.849,1,3.0,False,,False,True,93.874,93.874
949,0 days 01:38:07.808000,PIA,81,0 days 00:01:33.830000,23.0,1.0,,,32.636,35.224,25.97,0 days 01:37:06.668000,0 days 01:37:41.892000,0 days 01:38:07.862000,210.0,186.0,279.0,305.0,False,MEDIUM,23.0,True,McLaren,0 days 01:36:33.978000,2026-05-03 17:43:14.723,1,3.0,False,,False,True,93.83,93.83
950,0 days 01:39:41.448000,PIA,81,0 days 00:01:33.640000,24.0,1.0,,,32.652,35.072,25.916,0 days 01:38:40.514000,0 days 01:39:15.586000,0 days 01:39:41.502000,212.0,186.0,275.0,305.0,False,MEDIUM,24.0,True,McLaren,0 days 01:38:07.808000,2026-05-03 17:44:48.553,1,3.0,False,,False,True,93.64,93.64
951,0 days 01:41:15.999000,PIA,81,0 days 00:01:34.551000,25.0,1.0,,,32.841,35.826,25.884,0 days 01:40:14.343000,0 days 01:40:50.169000,0 days 01:41:16.053000,211.0,187.0,273.0,304.0,False,MEDIUM,25.0,True,McLaren,0 days 01:39:41.448000,2026-05-03 17:46:22.193,1,3.0,False,,False,True,94.551,94.551
952,0 days 01:42:50.070000,PIA,81,0 days 00:01:34.071000,26.0,1.0,,,32.838,35.349,25.884,0 days 01:41:48.891000,0 days 01:42:24.240000,0 days 01:42:50.124000,211.0,186.0,274.0,304.0,False,MEDIUM,26.0,True,McLaren,0 days 01:41:15.999000,2026-05-03 17:47:56.744,1,3.0,False,,False,True,94.071,94.071
953,0 days 01:44:24.020000,PIA,81,0 days 00:01:33.950000,27.0,1.0,,,32.71,35.273,25.967,0 days 01:43:22.834000,0 days 01:43:58.107000,0 days 01:44:24.074000,211.0,186.0,278.0,302.0,False,MEDIUM,27.0,True,McLaren,0 days 01:42:50.070000,2026-05-03 17:49:30.815,1,2.0,False,,False,True,93.95,93.95
954,0 days 01:46:03.011000,PIA,81,0 days 00:01:38.991000,28.0,1.0,,0 days 01:45:57.473000,32.765,35.098,31.128,0 days 01:44:56.839000,0 days 01:45:31.937000,0 days 01:46:03.065000,211.0,188.0,,303.0,False,MEDIUM,28.0,True,McLaren,0 days 01:44:24.020000,2026-05-03 17:51:04.765,1,4.0,False,,False,False,98.991,98.991
955,0 days 01:47:50.505000,PIA,81,0 days 00:01:47.494000,29.0,2.0,0 days 01:46:20.507000,,47.324,34.434,25.736,0 days 01:46:50.389000,0 days 01:47:24.823000,0 days 01:47:50.559000,213.0,188.0,272.0,306.0,False,HARD,1.0,True,McLaren,0 days 01:46:03.011000,2026-05-03 17:52:43.756,1,7.0,False,,False,False,107.494,107.494
956,0 days 01:49:22.454000,PIA,81,0 days 00:01:31.949000,30.0,2.0,,,31.898,34.519,25.532,0 days 01:48:22.457000,0 days 01:48:56.976000,0 days 01:49:22.508000,215.0,187.0,281.0,314.0,True,HARD,2.0,True,McLaren,0 days 01:47:50.505000,2026-05-03 17:54:31.250,1,7.0,False,,False,True,91.949,91.949
957,0 days 01:50:54.893000,PIA,81,0 days 00:01:32.439000,31.0,2.0,,,32.073,34.83,25.536,0 days 01:49:54.581000,0 days 01:50:29.411000,0 days 01:50:54.947000,213.0,187.0,280.0,316.0,False,HARD,3.0,True,McLaren,0 days 01:49:22.454000,2026-05-03 17:56:03.199,1,6.0,False,,False,True,92.439,92.439
958,0 days 01:52:27.291000,PIA,81,0 days 00:01:32.398000,32.0,2.0,,,32.236,34.709,25.453,0 days 01:51:27.183000,0 days 01:52:01.892000,0 days 01:52:27.345000,212.0,187.0,281.0,323.0,False,HARD,4.0,True,McLaren,0 days 01:50:54.893000,2026-05-03 17:57:35.638,1,6.0,False,,False,True,92.398,92.398
959,0 days 01:54:00.611000,PIA,81,0 days 00:01:33.320000,33.0,2.0,,,33.037,34.837,25.446,0 days 01:53:00.382000,0 days 01:53:35.219000,0 days 01:54:00.665000,209.0,185.0,286.0,322.0,False,HARD,5.0,True,McLaren,0 days 01:52:27.291000,2026-05-03 17:59:08.036,1,6.0,False,,False,True,93.32,93.32
960,0 days 01:55:34.828000,PIA,81,0 days 00:01:34.217000,34.0,2.0,,,33.241,35.074,25.902,0 days 01:54:33.906000,0 days 01:55:08.980000,0 days 01:55:34.882000,212.0,187.0,289.0,319.0,False,HARD,6.0,True,McLaren,0 days 01:54:00.611000,2026-05-03 18:00:41.356,1,6.0,False,,False,True,94.217,94.217
961,0 days 01:57:09.085000,PIA,81,0 days 00:01:34.257000,35.0,2.0,,,32.687,36.21,25.36,0 days 01:56:07.569000,0 days 01:56:43.779000,0 days 01:57:09.139000,216.0,184.0,282.0,318.0,False,HARD,7.0,True,McLaren,0 days 01:55:34.828000,2026-05-03 18:02:15.573,1,5.0,False,,False,True,94.257,94.25699999999999
962,0 days 01:58:42.353000,PIA,81,0 days 00:01:33.268000,36.0,2.0,,,32.403,35.299,25.566,0 days 01:57:41.542000,0 days 01:58:16.841000,0 days 01:58:42.407000,213.0,188.0,283.0,309.0,False,HARD,8.0,True,McLaren,0 days 01:57:09.085000,2026-05-03 18:03:49.830,1,5.0,False,,False,True,93.268,93.268
963,0 days 02:00:15.189000,PIA,81,0 days 00:01:32.836000,37.0,2.0,,,32.187,35.011,25.638,0 days 01:59:14.594000,0 days 01:59:49.605000,0 days 02:00:15.243000,212.0,187.0,280.0,308.0,False,HARD,9.0,True,McLaren,0 days 01:58:42.353000,2026-05-03 18:05:23.098,1,5.0,False,,False,True,92.836,92.83600000000001
964,0 days 02:01:47.739000,PIA,81,0 days 00:01:32.550000,38.0,2.0,,,32.19,34.863,25.497,0 days 02:00:47.433000,0 days 02:01:22.296000,0 days 02:01:47.793000,210.0,188.0,280.0,310.0,False,HARD,10.0,True,McLaren,0 days 02:00:15.189000,2026-05-03 18:06:55.934,1,5.0,False,,False,True,92.55,92.55
965,0 days 02:03:20.332000,PIA,81,0 days 00:01:32.593000,39.0,2.0,,,32.04,35.02,25.533,0 days 02:02:19.833000,0 days 02:02:54.853000,0 days 02:03:20.386000,212.0,187.0,283.0,312.0,False,HARD,11.0,True,McLaren,0 days 02:01:47.739000,2026-05-03 18:08:28.484,1,5.0,False,,False,True,92.593,92.593
966,0 days 02:04:52.856000,PIA,81,0 days 00:01:32.524000,40.0,2.0,,,32.056,34.846,25.622,0 days 02:03:52.442000,0 days 02:04:27.288000,0 days 02:04:52.910000,212.0,187.0,281.0,310.0,False,HARD,12.0,True,McLaren,0 days 02:03:20.332000,2026-05-03 18:10:01.077,1,5.0,False,,False,True,92.524,92.52399999999999
967,0 days 02:06:25.656000,PIA,81,0 days 00:01:32.800000,41.0,2.0,,,32.305,34.873,25.622,0 days 02:05:25.215000,0 days 02:06:00.088000,0 days 02:06:25.710000,212.0,187.0,280.0,308.0,False,HARD,13.0,True,McLaren,0 days 02:04:52.856000,2026-05-03 18:11:33.601,1,5.0,False,,False,True,92.8,92.8
968,0 days 02:07:58.320000,PIA,81,0 days 00:01:32.664000,42.0,2.0,,,32.163,34.908,25.593,0 days 02:06:57.873000,0 days 02:07:32.781000,0 days 02:07:58.374000,212.0,186.0,284.0,312.0,False,HARD,14.0,True,McLaren,0 days 02:06:25.656000,2026-05-03 18:13:06.401,1,5.0,False,,False,True,92.664,92.664
969,0 days 02:09:31.158000,PIA,81,0 days 00:01:32.838000,43.0,2.0,,,32.384,34.8,25.654,0 days 02:08:30.758000,0 days 02:09:05.558000,0 days 02:09:31.212000,211.0,187.0,281.0,309.0,False,HARD,15.0,True,McLaren,0 days 02:07:58.320000,2026-05-03 18:14:39.065,1,5.0,False,,False,True,92.838,92.838
970,0 days 02:11:03.942000,PIA,81,0 days 00:01:32.784000,44.0,2.0,,,32.152,34.994,25.638,0 days 02:10:03.364000,0 days 02:10:38.358000,0 days 02:11:03.996000,214.0,187.0,281.0,309.0,False,HARD,16.0,True,McLaren,0 days 02:09:31.158000,2026-05-03 18:16:11.903,1,5.0,False,,False,True,92.784,92.784
971,0 days 02:12:36.240000,PIA,81,0 days 00:01:32.298000,45.0,2.0,,,32.012,34.817,25.469,0 days 02:11:36.008000,0 days 02:12:10.825000,0 days 02:12:36.294000,210.0,187.0,282.0,311.0,False,HARD,17.0,True,McLaren,0 days 02:11:03.942000,2026-05-03 18:17:44.687,1,5.0,False,,False,True,92.298,92.298
972,0 days 02:14:08.736000,PIA,81,0 days 00:01:32.496000,46.0,2.0,,,32.078,34.855,25.563,0 days 02:13:08.372000,0 days 02:13:43.227000,0 days 02:14:08.790000,214.0,187.0,283.0,312.0,False,HARD,18.0,True,McLaren,0 days 02:12:36.240000,2026-05-03 18:19:16.985,1,5.0,False,,False,True,92.496,92.496
973,0 days 02:15:41.346000,PIA,81,0 days 00:01:32.610000,47.0,2.0,,,32.306,34.882,25.422,0 days 02:14:41.096000,0 days 02:15:15.978000,0 days 02:15:41.400000,213.0,186.0,284.0,322.0,False,HARD,19.0,True,McLaren,0 days 02:14:08.736000,2026-05-03 18:20:49.481,1,5.0,False,,False,True,92.61,92.60999999999999
974,0 days 02:17:14.924000,PIA,81,0 days 00:01:33.578000,48.0,2.0,,,32.872,35.18,25.526,0 days 02:16:14.272000,0 days 02:16:49.452000,0 days 02:17:14.978000,210.0,183.0,282.0,317.0,False,HARD,20.0,True,McLaren,0 days 02:15:41.346000,2026-05-03 18:22:22.091,12,4.0,False,,False,True,93.578,93.57799999999999
975,0 days 02:18:47.683000,PIA,81,0 days 00:01:32.759000,49.0,2.0,,,32.304,34.912,25.543,0 days 02:17:47.282000,0 days 02:18:22.194000,0 days 02:18:47.737000,213.0,188.0,281.0,313.0,False,HARD,21.0,True,McLaren,0 days 02:17:14.924000,2026-05-03 18:23:55.669,1,4.0,False,,False,True,92.759,92.75900000000001
976,0 days 02:20:20.108000,PIA,81,0 days 00:01:32.425000,50.0,2.0,,,32.073,34.649,25.703,0 days 02:19:19.810000,0 days 02:19:54.459000,0 days 02:20:20.162000,214.0,187.0,284.0,314.0,False,HARD,22.0,True,McLaren,0 days 02:18:47.683000,2026-05-03 18:25:28.428,1,4.0,False,,False,True,92.425,92.42500000000001
977,0 days 02:21:52.524000,PIA,81,0 days 00:01:32.416000,51.0,2.0,,,32.095,34.769,25.552,0 days 02:20:52.257000,0 days 02:21:27.026000,0 days 02:21:52.578000,214.0,187.0,285.0,312.0,False,HARD,23.0,True,McLaren,0 days 02:20:20.108000,2026-05-03 18:27:00.853,1,4.0,False,,False,True,92.416,92.416
978,0 days 02:23:24.973000,PIA,81,0 days 00:01:32.449000,52.0,2.0,,,32.186,34.83,25.433,0 days 02:22:24.764000,0 days 02:22:59.594000,0 days 02:23:25.027000,214.0,185.0,283.0,315.0,False,HARD,24.0,True,McLaren,0 days 02:21:52.524000,2026-05-03 18:28:33.269,1,4.0,False,,False,True,92.449,92.44899999999998
979,0 days 02:24:57.193000,PIA,81,0 days 00:01:32.220000,53.0,2.0,,,32.094,34.772,25.354,0 days 02:23:57.121000,0 days 02:24:31.893000,0 days 02:24:57.247000,215.0,187.0,286.0,318.0,False,HARD,25.0,True,McLaren,0 days 02:23:24.973000,2026-05-03 18:30:05.718,1,4.0,False,,False,True,92.22,92.22
980,0 days 02:26:29.179000,PIA,81,0 days 00:01:31.986000,54.0,2.0,,,32.078,34.575,25.333,0 days 02:25:29.325000,0 days 02:26:03.900000,0 days 02:26:29.233000,214.0,186.0,286.0,321.0,False,HARD,26.0,True,McLaren,0 days 02:24:57.193000,2026-05-03 18:31:37.938,1,4.0,False,,False,True,91.986,91.986
981,0 days 02:28:01.875000,PIA,81,0 days 00:01:32.696000,55.0,2.0,,,32.27,34.974,25.452,0 days 02:27:01.503000,0 days 02:27:36.477000,0 days 02:28:01.929000,214.0,186.0,288.0,323.0,False,HARD,27.0,True,McLaren,0 days 02:26:29.179000,2026-05-03 18:33:09.924,1,4.0,False,,False,True,92.696,92.696
982,0 days 02:29:35.121000,PIA,81,0 days 00:01:33.246000,56.0,2.0,,,32.448,35.285,25.513,0 days 02:28:34.377000,0 days 02:29:09.662000,0 days 02:29:35.175000,213.0,185.0,287.0,312.0,False,HARD,28.0,True,McLaren,0 days 02:28:01.875000,2026-05-03 18:34:42.620,1,3.0,False,,False,True,93.246,93.24600000000001
983,0 days 02:31:08.358000,PIA,81,0 days 00:01:33.237000,57.0,2.0,,,32.345,35.237,25.655,0 days 02:30:07.520000,0 days 02:30:42.757000,0 days 02:31:08.412000,213.0,186.0,284.0,308.0,False,HARD,29.0,True,McLaren,0 days 02:29:35.121000,2026-05-03 18:36:15.866,12,3.0,False,,False,True,93.237,93.237
984,0 days 00:59:07.751000,BEA,87,0 days 00:01:45.758000,1.0,1.0,,,,37.513,25.825,,0 days 00:58:42.073000,0 days 00:59:08.024000,206.0,185.0,288.0,286.0,False,MEDIUM,1.0,True,Haas F1 Team,0 days 00:57:21.749000,2026-05-03 17:04:02.494,1,14.0,False,,False,False,105.758,
985,0 days 01:00:44.697000,BEA,87,0 days 00:01:36.946000,2.0,1.0,,,34.8,35.808,26.338,0 days 00:59:42.619000,0 days 01:00:18.427000,0 days 01:00:44.765000,208.0,186.0,272.0,316.0,True,MEDIUM,2.0,True,Haas F1 Team,0 days 00:59:07.751000,2026-05-03 17:05:48.496,1,13.0,False,,False,True,96.946,96.946
986,0 days 01:02:19.589000,BEA,87,0 days 00:01:34.892000,3.0,1.0,,,33.577,35.332,25.983,0 days 01:01:18.342000,0 days 01:01:53.674000,0 days 01:02:19.657000,211.0,184.0,281.0,305.0,True,MEDIUM,3.0,True,Haas F1 Team,0 days 01:00:44.697000,2026-05-03 17:07:25.442,1,13.0,False,,False,True,94.892,94.892
987,0 days 01:03:54.630000,BEA,87,0 days 00:01:35.041000,4.0,1.0,,,33.759,35.26,26.022,0 days 01:02:53.416000,0 days 01:03:28.676000,0 days 01:03:54.698000,210.0,183.0,283.0,315.0,False,MEDIUM,4.0,True,Haas F1 Team,0 days 01:02:19.589000,2026-05-03 17:09:00.334,1,13.0,False,,False,True,95.041,95.041
988,0 days 01:05:30.426000,BEA,87,0 days 00:01:35.796000,5.0,1.0,,,33.608,35.698,26.49,0 days 01:04:28.306000,0 days 01:05:04.004000,0 days 01:05:30.494000,203.0,181.0,281.0,297.0,False,MEDIUM,5.0,True,Haas F1 Team,0 days 01:03:54.630000,2026-05-03 17:10:35.375,12,11.0,False,,False,True,95.796,95.79599999999999
989,0 days 01:07:45.301000,BEA,87,0 days 00:02:14.875000,6.0,1.0,,,44.924,48.134,41.817,0 days 01:06:15.418000,0 days 01:07:03.552000,0 days 01:07:45.369000,180.0,121.0,209.0,128.0,False,MEDIUM,6.0,True,Haas F1 Team,0 days 01:05:30.426000,2026-05-03 17:12:11.171,24,11.0,False,,False,False,134.875,134.875
990,0 days 01:09:54.658000,BEA,87,0 days 00:02:09.357000,7.0,1.0,,,37.359,48.33,43.668,0 days 01:08:22.728000,0 days 01:09:11.058000,0 days 01:09:54.726000,176.0,94.0,250.0,77.0,False,MEDIUM,7.0,True,Haas F1 Team,0 days 01:07:45.301000,2026-05-03 17:14:26.046,4,10.0,False,,False,False,129.357,129.357
991,0 days 01:12:18.051000,BEA,87,0 days 00:02:23.393000,8.0,1.0,,,44.754,57.993,40.646,0 days 01:10:39.480000,0 days 01:11:37.473000,0 days 01:12:18.119000,95.0,55.0,232.0,76.0,False,MEDIUM,8.0,True,Haas F1 Team,0 days 01:09:54.658000,2026-05-03 17:16:35.403,4,10.0,False,,False,False,143.393,143.393
992,0 days 01:14:41.352000,BEA,87,0 days 00:02:23.301000,9.0,1.0,,,44.407,57.49,41.404,0 days 01:13:02.526000,0 days 01:14:00.016000,0 days 01:14:41.420000,105.0,72.0,222.0,145.0,False,MEDIUM,9.0,True,Haas F1 Team,0 days 01:12:18.051000,2026-05-03 17:18:58.796,4,10.0,False,,False,False,143.301,143.301
993,0 days 01:17:01.138000,BEA,87,0 days 00:02:19.786000,10.0,1.0,,,47.051,57.473,35.262,0 days 01:15:28.471000,0 days 01:16:25.944000,0 days 01:17:01.206000,90.0,88.0,236.0,156.0,False,MEDIUM,10.0,True,Haas F1 Team,0 days 01:14:41.352000,2026-05-03 17:21:22.097,4,10.0,False,,False,False,139.786,139.786
994,0 days 01:19:25.792000,BEA,87,0 days 00:02:24.654000,11.0,1.0,,,46.78,46.559,51.315,0 days 01:17:47.986000,0 days 01:18:34.545000,0 days 01:19:25.860000,121.0,133.0,283.0,46.0,False,MEDIUM,11.0,True,Haas F1 Team,0 days 01:17:01.138000,2026-05-03 17:23:41.883,41,10.0,False,,False,False,144.654,144.654
995,0 days 01:21:01.061000,BEA,87,0 days 00:01:35.269000,12.0,1.0,,,33.8,35.516,25.953,0 days 01:19:59.660000,0 days 01:20:35.176000,0 days 01:21:01.129000,210.0,182.0,283.0,311.0,False,MEDIUM,12.0,True,Haas F1 Team,0 days 01:19:25.792000,2026-05-03 17:26:06.537,1,10.0,False,,False,True,95.269,95.269
996,0 days 01:22:36.093000,BEA,87,0 days 00:01:35.032000,13.0,1.0,,,33.863,35.306,25.863,0 days 01:21:34.992000,0 days 01:22:10.298000,0 days 01:22:36.161000,207.0,182.0,281.0,307.0,False,MEDIUM,13.0,True,Haas F1 Team,0 days 01:21:01.061000,2026-05-03 17:27:41.806,1,10.0,False,,False,True,95.032,95.032
997,0 days 01:24:10.710000,BEA,87,0 days 00:01:34.617000,14.0,1.0,,,33.448,35.231,25.938,0 days 01:23:09.609000,0 days 01:23:44.840000,0 days 01:24:10.778000,207.0,182.0,280.0,301.0,True,MEDIUM,14.0,True,Haas F1 Team,0 days 01:22:36.093000,2026-05-03 17:29:16.838,1,10.0,False,,False,True,94.617,94.617
998,0 days 01:25:45.821000,BEA,87,0 days 00:01:35.111000,15.0,1.0,,,33.344,35.524,26.243,0 days 01:24:44.122000,0 days 01:25:19.646000,0 days 01:25:45.889000,209.0,181.0,284.0,309.0,False,MEDIUM,15.0,True,Haas F1 Team,0 days 01:24:10.710000,2026-05-03 17:30:51.455,1,11.0,False,,False,True,95.111,95.11099999999999
999,0 days 01:27:20.697000,BEA,87,0 days 00:01:34.876000,16.0,1.0,,,33.807,35.205,25.864,0 days 01:26:19.696000,0 days 01:26:54.901000,0 days 01:27:20.765000,209.0,180.0,280.0,316.0,False,MEDIUM,16.0,True,Haas F1 Team,0 days 01:25:45.821000,2026-05-03 17:32:26.566,12,11.0,False,,False,True,94.876,94.876
1000,0 days 01:28:55.904000,BEA,87,0 days 00:01:35.207000,17.0,1.0,,,33.871,35.451,25.885,0 days 01:27:54.636000,0 days 01:28:30.087000,0 days 01:28:55.972000,208.0,179.0,285.0,321.0,False,MEDIUM,17.0,True,Haas F1 Team,0 days 01:27:20.697000,2026-05-03 17:34:01.442,1,11.0,False,,False,True,95.207,95.20700000000001
1001,0 days 01:30:31.080000,BEA,87,0 days 00:01:35.176000,18.0,1.0,,,33.831,35.47,25.875,0 days 01:29:29.803000,0 days 01:30:05.273000,0 days 01:30:31.148000,206.0,180.0,279.0,323.0,False,MEDIUM,18.0,True,Haas F1 Team,0 days 01:28:55.904000,2026-05-03 17:35:36.649,1,11.0,False,,False,True,95.176,95.176
1002,0 days 01:32:06.177000,BEA,87,0 days 00:01:35.097000,19.0,1.0,,,33.796,35.436,25.865,0 days 01:31:04.944000,0 days 01:31:40.380000,0 days 01:32:06.245000,208.0,181.0,281.0,324.0,False,MEDIUM,19.0,True,Haas F1 Team,0 days 01:30:31.080000,2026-05-03 17:37:11.825,1,11.0,False,,False,True,95.097,95.097
1003,0 days 01:33:41.282000,BEA,87,0 days 00:01:35.105000,20.0,1.0,,,33.822,35.439,25.844,0 days 01:32:40.067000,0 days 01:33:15.506000,0 days 01:33:41.350000,206.0,181.0,282.0,325.0,False,MEDIUM,20.0,True,Haas F1 Team,0 days 01:32:06.177000,2026-05-03 17:38:46.922,1,11.0,False,,False,True,95.105,95.10499999999999
1004,0 days 01:35:16.553000,BEA,87,0 days 00:01:35.271000,21.0,1.0,,,33.966,35.486,25.819,0 days 01:34:15.316000,0 days 01:34:50.802000,0 days 01:35:16.621000,208.0,180.0,281.0,320.0,False,MEDIUM,21.0,True,Haas F1 Team,0 days 01:33:41.282000,2026-05-03 17:40:22.027,1,10.0,False,,False,True,95.271,95.271
1005,0 days 01:36:51.524000,BEA,87,0 days 00:01:34.971000,22.0,1.0,,,33.677,35.312,25.982,0 days 01:35:50.298000,0 days 01:36:25.610000,0 days 01:36:51.592000,207.0,180.0,284.0,318.0,False,MEDIUM,22.0,True,Haas F1 Team,0 days 01:35:16.553000,2026-05-03 17:41:57.298,1,9.0,False,,False,True,94.971,94.971
1006,0 days 01:38:28.053000,BEA,87,0 days 00:01:36.529000,23.0,1.0,,,34.154,36.188,26.187,0 days 01:37:25.746000,0 days 01:38:01.934000,0 days 01:38:28.121000,209.0,179.0,284.0,310.0,False,MEDIUM,23.0,True,Haas F1 Team,0 days 01:36:51.524000,2026-05-03 17:43:32.269,1,11.0,False,,False,True,96.529,96.52900000000001
1007,0 days 01:40:03.160000,BEA,87,0 days 00:01:35.107000,24.0,1.0,,,33.767,35.307,26.033,0 days 01:39:01.888000,0 days 01:39:37.195000,0 days 01:40:03.228000,209.0,182.0,278.0,320.0,False,MEDIUM,24.0,True,Haas F1 Team,0 days 01:38:28.053000,2026-05-03 17:45:08.798,1,11.0,False,,False,True,95.107,95.10700000000001
1008,0 days 01:41:38.175000,BEA,87,0 days 00:01:35.015000,25.0,1.0,,,33.495,35.506,26.014,0 days 01:40:36.723000,0 days 01:41:12.229000,0 days 01:41:38.243000,208.0,184.0,284.0,314.0,False,MEDIUM,25.0,True,Haas F1 Team,0 days 01:40:03.160000,2026-05-03 17:46:43.905,1,11.0,False,,False,True,95.015,95.015
1009,0 days 01:43:17.863000,BEA,87,0 days 00:01:39.688000,26.0,1.0,,0 days 01:43:12.473000,33.414,35.395,30.879,0 days 01:42:11.657000,0 days 01:42:47.052000,0 days 01:43:17.931000,209.0,181.0,,332.0,False,MEDIUM,26.0,True,Haas F1 Team,0 days 01:41:38.175000,2026-05-03 17:48:18.920,1,12.0,False,,False,False,99.688,99.688
1010,0 days 01:45:06.397000,BEA,87,0 days 00:01:48.534000,27.0,2.0,0 days 01:43:35.883000,,48.026,34.724,25.784,0 days 01:44:05.957000,0 days 01:44:40.681000,0 days 01:45:06.465000,214.0,183.0,282.0,310.0,False,HARD,1.0,True,Haas F1 Team,0 days 01:43:17.863000,2026-05-03 17:49:58.608,1,14.0,False,,False,False,108.534,108.53399999999999
1011,0 days 01:46:40.141000,BEA,87,0 days 00:01:33.744000,28.0,2.0,,,33.077,34.875,25.792,0 days 01:45:39.542000,0 days 01:46:14.417000,0 days 01:46:40.209000,210.0,185.0,284.0,316.0,True,HARD,2.0,True,Haas F1 Team,0 days 01:45:06.397000,2026-05-03 17:51:47.142,1,13.0,False,,False,True,93.744,93.744
1012,0 days 01:48:14.202000,BEA,87,0 days 00:01:34.061000,29.0,2.0,,,33.097,35.258,25.706,0 days 01:47:13.306000,0 days 01:47:48.564000,0 days 01:48:14.270000,207.0,181.0,285.0,317.0,False,HARD,3.0,True,Haas F1 Team,0 days 01:46:40.141000,2026-05-03 17:53:20.886,1,13.0,False,,False,True,94.061,94.061
1013,0 days 01:49:48.043000,BEA,87,0 days 00:01:33.841000,30.0,2.0,,,33.077,35.033,25.731,0 days 01:48:47.347000,0 days 01:49:22.380000,0 days 01:49:48.111000,208.0,184.0,287.0,319.0,False,HARD,4.0,True,Haas F1 Team,0 days 01:48:14.202000,2026-05-03 17:54:54.947,1,13.0,False,,False,True,93.841,93.84100000000001
1014,0 days 01:51:22.128000,BEA,87,0 days 00:01:34.085000,31.0,2.0,,,32.994,35.181,25.91,0 days 01:50:21.105000,0 days 01:50:56.286000,0 days 01:51:22.196000,208.0,183.0,282.0,315.0,False,HARD,5.0,True,Haas F1 Team,0 days 01:49:48.043000,2026-05-03 17:56:28.788,1,13.0,False,,False,True,94.085,94.085
1015,0 days 01:52:56.230000,BEA,87,0 days 00:01:34.102000,32.0,2.0,,,33.116,35.182,25.804,0 days 01:51:55.312000,0 days 01:52:30.494000,0 days 01:52:56.298000,210.0,183.0,285.0,315.0,False,HARD,6.0,True,Haas F1 Team,0 days 01:51:22.128000,2026-05-03 17:58:02.873,1,11.0,False,,False,True,94.102,94.102
1016,0 days 01:54:30.097000,BEA,87,0 days 00:01:33.867000,33.0,2.0,,,33.002,35.096,25.769,0 days 01:53:29.300000,0 days 01:54:04.396000,0 days 01:54:30.165000,211.0,184.0,287.0,316.0,False,HARD,7.0,True,Haas F1 Team,0 days 01:52:56.230000,2026-05-03 17:59:36.975,1,11.0,False,,False,True,93.867,93.86699999999999
1017,0 days 01:56:04.400000,BEA,87,0 days 00:01:34.303000,34.0,2.0,,,33.235,35.289,25.779,0 days 01:55:03.400000,0 days 01:55:38.689000,0 days 01:56:04.468000,211.0,182.0,287.0,316.0,False,HARD,8.0,True,Haas F1 Team,0 days 01:54:30.097000,2026-05-03 18:01:10.842,1,11.0,False,,False,True,94.303,94.303
1018,0 days 01:57:38.598000,BEA,87,0 days 00:01:34.198000,35.0,2.0,,,33.156,35.34,25.702,0 days 01:56:37.624000,0 days 01:57:12.964000,0 days 01:57:38.666000,211.0,183.0,287.0,318.0,False,HARD,9.0,True,Haas F1 Team,0 days 01:56:04.400000,2026-05-03 18:02:45.145,1,11.0,False,,False,True,94.198,94.19800000000001
1019,0 days 01:59:12.871000,BEA,87,0 days 00:01:34.273000,36.0,2.0,,,33.182,35.358,25.733,0 days 01:58:11.848000,0 days 01:58:47.206000,0 days 01:59:12.939000,209.0,181.0,287.0,318.0,False,HARD,10.0,True,Haas F1 Team,0 days 01:57:38.598000,2026-05-03 18:04:19.343,1,11.0,False,,False,True,94.273,94.273
1020,0 days 02:00:47.116000,BEA,87,0 days 00:01:34.245000,37.0,2.0,,,33.187,35.291,25.767,0 days 01:59:46.126000,0 days 02:00:21.417000,0 days 02:00:47.184000,209.0,183.0,287.0,320.0,False,HARD,11.0,True,Haas F1 Team,0 days 01:59:12.871000,2026-05-03 18:05:53.616,1,11.0,False,,False,True,94.245,94.24499999999999
1021,0 days 02:02:21.485000,BEA,87,0 days 00:01:34.369000,38.0,2.0,,,33.376,35.225,25.768,0 days 02:01:20.560000,0 days 02:01:55.785000,0 days 02:02:21.553000,209.0,182.0,284.0,322.0,False,HARD,12.0,True,Haas F1 Team,0 days 02:00:47.116000,2026-05-03 18:07:27.861,1,11.0,False,,False,True,94.369,94.369
1022,0 days 02:03:55.888000,BEA,87,0 days 00:01:34.403000,39.0,2.0,,,33.383,35.163,25.857,0 days 02:02:54.936000,0 days 02:03:30.099000,0 days 02:03:55.956000,209.0,181.0,283.0,324.0,False,HARD,13.0,True,Haas F1 Team,0 days 02:02:21.485000,2026-05-03 18:09:02.230,1,11.0,False,,False,True,94.403,94.40299999999999
1023,0 days 02:05:30.247000,BEA,87,0 days 00:01:34.359000,40.0,2.0,,,33.441,35.17,25.748,0 days 02:04:29.397000,0 days 02:05:04.567000,0 days 02:05:30.315000,207.0,181.0,283.0,327.0,False,HARD,14.0,True,Haas F1 Team,0 days 02:03:55.888000,2026-05-03 18:10:36.633,1,11.0,False,,False,True,94.359,94.35900000000001
1024,0 days 02:07:04.691000,BEA,87,0 days 00:01:34.444000,41.0,2.0,,,33.491,35.262,25.691,0 days 02:06:03.806000,0 days 02:06:39.068000,0 days 02:07:04.759000,212.0,182.0,283.0,321.0,False,HARD,15.0,True,Haas F1 Team,0 days 02:05:30.247000,2026-05-03 18:12:10.992,1,11.0,False,,False,True,94.444,94.444
1025,0 days 02:08:39.099000,BEA,87,0 days 00:01:34.408000,42.0,2.0,,,33.396,35.257,25.755,0 days 02:07:38.155000,0 days 02:08:13.412000,0 days 02:08:39.167000,209.0,182.0,283.0,321.0,False,HARD,16.0,True,Haas F1 Team,0 days 02:07:04.691000,2026-05-03 18:13:45.436,1,11.0,False,,False,True,94.408,94.40799999999999
1026,0 days 02:10:13.978000,BEA,87,0 days 00:01:34.879000,43.0,2.0,,,33.431,35.467,25.981,0 days 02:09:12.598000,0 days 02:09:48.065000,0 days 02:10:14.046000,204.0,182.0,286.0,317.0,False,HARD,17.0,True,Haas F1 Team,0 days 02:08:39.099000,2026-05-03 18:15:19.844,1,11.0,False,,False,True,94.879,94.87899999999999
1027,0 days 02:11:48.460000,BEA,87,0 days 00:01:34.482000,44.0,2.0,,,33.342,35.301,25.839,0 days 02:10:47.388000,0 days 02:11:22.689000,0 days 02:11:48.528000,210.0,183.0,286.0,312.0,False,HARD,18.0,True,Haas F1 Team,0 days 02:10:13.978000,2026-05-03 18:16:54.723,1,11.0,False,,False,True,94.482,94.482
1028,0 days 02:13:23.048000,BEA,87,0 days 00:01:34.588000,45.0,2.0,,,33.221,35.44,25.927,0 days 02:12:21.749000,0 days 02:12:57.189000,0 days 02:13:23.116000,210.0,184.0,285.0,312.0,False,HARD,19.0,True,Haas F1 Team,0 days 02:11:48.460000,2026-05-03 18:18:29.205,1,11.0,False,,False,True,94.588,94.588
1029,0 days 02:14:57.401000,BEA,87,0 days 00:01:34.353000,46.0,2.0,,,33.212,35.318,25.823,0 days 02:13:56.328000,0 days 02:14:31.646000,0 days 02:14:57.469000,208.0,184.0,287.0,312.0,False,HARD,20.0,True,Haas F1 Team,0 days 02:13:23.048000,2026-05-03 18:20:03.793,1,11.0,False,,False,True,94.353,94.35300000000001
1030,0 days 02:16:34.936000,BEA,87,0 days 00:01:37.535000,47.0,2.0,,,34.937,36.353,26.245,0 days 02:15:32.406000,0 days 02:16:08.759000,0 days 02:16:35.004000,189.0,182.0,285.0,308.0,False,HARD,21.0,True,Haas F1 Team,0 days 02:14:57.401000,2026-05-03 18:21:38.146,12,11.0,True,TRACK LIMITS AT TURN 7 LAP 47 ,False,True,97.535,97.535
1031,0 days 02:18:09.689000,BEA,87,0 days 00:01:34.753000,48.0,2.0,,,33.345,35.384,26.024,0 days 02:17:08.349000,0 days 02:17:43.733000,0 days 02:18:09.757000,212.0,185.0,285.0,310.0,False,HARD,22.0,True,Haas F1 Team,0 days 02:16:34.936000,2026-05-03 18:23:15.681,1,11.0,False,,False,True,94.753,94.753
1032,0 days 02:19:44.031000,BEA,87,0 days 00:01:34.342000,49.0,2.0,,,33.094,35.303,25.945,0 days 02:18:42.851000,0 days 02:19:18.154000,0 days 02:19:44.099000,212.0,186.0,286.0,309.0,False,HARD,23.0,True,Haas F1 Team,0 days 02:18:09.689000,2026-05-03 18:24:50.434,1,11.0,False,,False,True,94.342,94.34199999999998
1033,0 days 02:21:18.318000,BEA,87,0 days 00:01:34.287000,50.0,2.0,,,33.156,35.168,25.963,0 days 02:20:17.255000,0 days 02:20:52.423000,0 days 02:21:18.386000,212.0,185.0,286.0,309.0,False,HARD,24.0,True,Haas F1 Team,0 days 02:19:44.031000,2026-05-03 18:26:24.776,1,11.0,False,,False,True,94.287,94.287
1034,0 days 02:22:52.765000,BEA,87,0 days 00:01:34.447000,51.0,2.0,,,33.134,35.359,25.954,0 days 02:21:51.520000,0 days 02:22:26.879000,0 days 02:22:52.833000,209.0,182.0,287.0,309.0,False,HARD,25.0,True,Haas F1 Team,0 days 02:21:18.318000,2026-05-03 18:27:59.063,1,11.0,False,,False,True,94.447,94.447
1035,0 days 02:24:27.485000,BEA,87,0 days 00:01:34.720000,52.0,2.0,,,33.114,35.561,26.045,0 days 02:23:25.947000,0 days 02:24:01.508000,0 days 02:24:27.553000,208.0,183.0,287.0,309.0,False,HARD,26.0,True,Haas F1 Team,0 days 02:22:52.765000,2026-05-03 18:29:33.510,1,11.0,False,,False,True,94.72,94.72
1036,0 days 02:26:01.841000,BEA,87,0 days 00:01:34.356000,53.0,2.0,,,33.07,35.39,25.896,0 days 02:25:00.623000,0 days 02:25:36.013000,0 days 02:26:01.909000,211.0,184.0,288.0,309.0,False,HARD,27.0,True,Haas F1 Team,0 days 02:24:27.485000,2026-05-03 18:31:08.230,1,11.0,False,,False,True,94.356,94.35600000000001
1037,0 days 02:27:37.256000,BEA,87,0 days 00:01:35.415000,54.0,2.0,,,32.943,36.504,25.968,0 days 02:26:34.852000,0 days 02:27:11.356000,0 days 02:27:37.324000,211.0,182.0,288.0,317.0,False,HARD,28.0,True,Haas F1 Team,0 days 02:26:01.841000,2026-05-03 18:32:42.586,1,11.0,False,,False,True,95.415,95.415
1038,0 days 02:29:13.152000,BEA,87,0 days 00:01:35.896000,55.0,2.0,,,34.829,35.118,25.949,0 days 02:28:12.153000,0 days 02:28:47.271000,0 days 02:29:13.220000,212.0,185.0,290.0,317.0,False,HARD,29.0,True,Haas F1 Team,0 days 02:27:37.256000,2026-05-03 18:34:18.001,1,11.0,False,,False,True,95.896,95.896
1039,0 days 02:30:47.666000,BEA,87,0 days 00:01:34.514000,56.0,2.0,,,33.153,35.399,25.962,0 days 02:29:46.373000,0 days 02:30:21.772000,0 days 02:30:47.734000,207.0,182.0,289.0,314.0,False,HARD,30.0,True,Haas F1 Team,0 days 02:29:13.152000,2026-05-03 18:35:53.897,12,11.0,False,,False,True,94.514,94.514
